text,score,at,thumbsUpCount,language
"sono davvero soddisfatta dell' acquisto..tutto come da descrizione...articoli perfetti😍ma la cosa più importante è che ho trovato una persona gentilissima, carinissima e disponibilissima😍consiglio vivamente di acquistare da lei...mille mille grazie ❤️😍",5,2026-05-23 13:53:53,0,it
ottima app dove trovare abbigliamento firmato a basso prezzo.,5,2026-05-23 13:53:04,0,it
mi sono sempre trovata bene. una volta ho avuto un rimborso totale per un articolo che mi è arrivato non corrispondente a ciò che avevo acquistato. vendo spesso e non ho mai avuto problemi.,5,2026-05-23 13:52:34,0,it
facile da usare efficiente e precisa,5,2026-05-23 13:29:41,0,it
"ottima app, molto soddisfatta",5,2026-05-23 13:18:35,0,it
io mi trovo benissimo,5,2026-05-23 13:10:43,0,lt
figata assoluta!,5,2026-05-23 13:06:07,0,it
"per migliorare l'esperienza di ricerca di un oggetto aggiungerei ""più vicino a me"" come sezione da aggiungere come filtro, aiuterebbe tantissimo",4,2026-05-23 12:53:45,0,it
"sito facile sicuro e ha molte opzioni nel mettersi d'accordo sia nel vendere e comprare nelle contestazioni, anche una osservazione nel corriere ho avuto un spiacevole esperienza con poste italiane per una consegna che a loro risultava consegnata invece non ho ricevuto e winted non mi ha riconosciuto il rimborso ha dato ragione a loro suggerisco che di lasciare una ricevuta di consegna che indica il punto di ritiro e la persona che ha ritirato",5,2026-05-23 12:38:13,0,it
perfetta.. venditrice eccellente,5,2026-05-23 12:37:03,0,it
ottima esperienza!,5,2026-05-23 12:33:10,0,it
sto ancora aspettando che mi risponda un operatore...,1,2026-05-23 12:10:36,0,it
non c'è la faccio più va sempre in bug mi arrivano le notifiche e poi spariscono risolvete,1,2026-05-23 11:53:47,1,it
"non fornisce alcuna garanzia negli acquisti, con un servizio inesistente di assistenza,. aperta la contestazione per un reso per prodotto venduto palesemente rotto hanno fatto scadere i tempi per il reso, senza prendere in considerazione il problema ed ho anche dovuto pagare le spese di spedizione del reso.",3,2026-05-23 11:48:45,0,it
comoda e semplice,5,2026-05-23 11:37:43,0,pt
"l'idea alla mase di vinted è ottima. ma.... spesso i pacchi si perdono e non arrivano e i rimborsi ci mettono davvero troppo ad arrivare. attualmente ho spedito un pacco in germania e in due settimane non si è mosso dalla mia città. trovo che sia davvero inaffidabile. per quanto usata, tengo molto alla merce che vendo/compro e che non arrivi a destinazione per colpa delle spedizioni di vinted è una vergogna. adesso succede davvero troppo spesso. e i rimborsi sono a 2 mesi, sollecitando. pessimo",1,2026-05-23 11:29:10,0,it
tutto perfetto grazie,5,2026-05-23 11:12:40,0,it
davvero top!,5,2026-05-23 11:12:27,0,it
"tutto come da accordi, venditore consigliato",5,2026-05-23 11:08:52,0,it
"esperienza molto positiva! app molto attenta,e super sicura sia come venditori che come acquirenti",5,2026-05-23 10:17:00,0,it
ottima esperienza semplice da utilizzare,5,2026-05-23 09:31:58,0,it
"esperienza molto positiva: la vendita della giacca armani con sorbey è stata interessante e si è conclusa rapidamente, segno che il capo ha davvero attirato l’attenzione. transazione semplice e senza intoppi.",5,2026-05-23 09:13:21,0,it
ottima esperienza di vendita,5,2026-05-23 08:45:05,0,it
eccezionale,5,2026-05-23 08:00:28,0,it
"è la prima volta che vendo con vinted. avevo paura che qualcosa non andasse bene, soprattutto all' estero (francia). l' acquirente è rimasta soddisfatta. grazie vinted. giancarlo",5,2026-05-23 07:39:56,0,it
app stupenda,5,2026-05-23 07:08:17,0,sv
ottima app! non ne riesco più a farne a meno. facile da usare e molto intuitiva! il meglio delle app per le vendite tra privati.,5,2026-05-23 07:04:07,0,it
"ci trovi articoli interessanti a prezzi contenuti, ma c'è poca tutela se qualcosa va storto, soprattutto quando vendi.",3,2026-05-23 02:50:10,0,it
"stefano albanese è competente,preciso e gentile.fortunata ad averlo conosciuto.",5,2026-05-23 02:18:13,0,it
"ottimo, semplice da usare ed affidabile",5,2026-05-23 01:07:48,0,it
non è possibile parlare con l'assistenza. risponde sempre ed esclusivamente un bot. pessima esperienza.,1,2026-05-23 00:33:32,0,it
"app semplice da gestire, sono cambiate molte da quando l'ho scaricata la prima volta e creato l'account. l'ho disinstallata, perché non funzionava per niente (almeno a me), adesso ho creato un nuovo account, pubblico spesso e ogni tanto vendo qualcosa. miglioratevi sempre di più!!",5,2026-05-23 00:04:15,0,it
ottima applicazione,5,2026-05-22 23:50:17,0,it
"quando c'e' un problema scaricano la responsabilita' verso gli utenti. questi si interfacciano con assistenza robotica e limitata. ad esempio il sistema ha annullato un ordinativo, poiche' non e' stato spedito nei termini previsti. rimborsomaiavvenuto.vinted dichiara il contrario!e' arrivato un collo aperto e derubato del materiale.mi contestano che le foto non sono chiare e non dovevo ritirare il pacco! se non lo ritiro ritorna al mittente senza ridarmi i soldi spedizione e assicurazione!penosi",1,2026-05-22 23:48:23,0,it
buonissima relazione....,5,2026-05-22 23:26:00,0,it
eccezionale tutto benissimo,5,2026-05-22 23:15:18,0,it
favorevole,5,2026-05-22 23:02:47,0,sk
tutto ok grazie mille,5,2026-05-22 22:20:42,0,it
trovato sempre cosa mi serve,5,2026-05-22 22:19:03,0,it
vendo molte cose solo che ho avuto una brutta esperienza con un utente che voleva comprare un libro bisogna assolutamente controllare e accettare persone educate . app molto belle tranne alcune marche che non ci sono . tutto sommato bene,4,2026-05-22 22:14:33,0,it
molto soddisfatto 💪,5,2026-05-22 22:12:56,0,it
tutto perfetto,5,2026-05-22 21:56:05,0,it
"molto ben fatta e user friendly, consigliata",5,2026-05-22 21:16:59,0,it
"non è in ottime condizioni, a saperlo avrei abbassato il prezzo, purtroppo sono i rischi di vinted",2,2026-05-22 20:45:45,0,it
soddisfatto,4,2026-05-22 20:43:49,0,it
piastra perfetta come da descrizione grazie,5,2026-05-22 20:29:28,0,it
purtroppo ci sono tanti problemi con gli acquirenti e il venditore è spesso danneggiato,1,2026-05-22 20:13:22,0,it
"esperienza del tutto negativa.. infatti..chiudo account e disinstallo. nn per l app..ma per tutto lo svolgimento delle.compravendite..spedizioni,resi assistenza clienti ecc..mai più",1,2026-05-22 20:12:09,0,it
"assistenza pessima e non da garanzie all'acquirente assistenza pressoché nulla,ti garantisco una risposta entro 48 ore ma è assolutamente falso",1,2026-05-22 20:01:10,0,it
perfetto. vinted x la vendita e comprare oggetti o abbigliamento usato o anche nuovi è veramente eccezionale. ha una sicurezza unica. 10 stelle.,5,2026-05-22 19:53:43,0,it
ottima esperienza,5,2026-05-22 19:52:21,0,it
è la prima volta che uso un' app per vendere o acquistare cose usate. mi trovo bene e spero duri,5,2026-05-22 19:45:21,0,it
"semplice da usare, ottima app",5,2026-05-22 19:35:58,0,it
ho fatto il quiz per vedere se eri il bot nostante che abbia fatto bene ho controrato dalla calcolatrice 3 volte mi diceva che ho sbagliato,1,2026-05-22 19:32:30,0,it
"tutto ok ,cordiale ma soprattutto puntuale",5,2026-05-22 19:19:34,0,it
articolo ricevuto senza alcun problema .ottimo venditore.,5,2026-05-22 19:18:16,0,it
ottimi affari,5,2026-05-22 19:14:59,0,it
"spese di spedizione spesso alte, come i rincari sulla merce in vendita. poca protezione verso il venditore",3,2026-05-22 19:05:29,0,it
vendi e compri che è un piacere,5,2026-05-22 19:01:52,0,it
grazie tutto ok,5,2026-05-22 18:53:27,0,it
ottimi acquisti e vendite top,5,2026-05-22 18:53:10,0,it
pessima per l'aiuto con i resi o problemi di spedizione,1,2026-05-22 18:48:12,0,it
app affidabile puntuale mi piace molto coretto complimenti e vi ringrazio per tutto lavoro che fate,4,2026-05-22 18:41:40,0,it
"consiglio vivamente di utilizzare vinted, sia per vendere che per acquistare. secondo me la migliore in circolazione",5,2026-05-22 18:35:34,0,it
esperienza positiva,5,2026-05-22 18:31:18,0,it
ottimo venditore consigliato 💯,5,2026-05-22 18:27:03,0,it
"mi piace, ma non trovo cose che mi servono.",4,2026-05-22 17:54:41,0,it
ottima esperienza,5,2026-05-22 17:48:19,0,it
"tutto bene, l'unica cosa migliorerei la sicurezza x i venditori/ acquirenti :)",5,2026-05-22 17:33:34,0,it
ho messo in vendita dei miei articoli ma ho notato che il numero delle visualizzazioni resta lo stesso... per ora non sono soddisfatto,2,2026-05-22 17:28:09,0,it
"ordine spedito subito e arrivato in tempo, articolo perfettamente come descritto",5,2026-05-22 17:19:14,0,it
venditore gentile premuroso molto professionale grazi di ❤️,5,2026-05-22 17:12:19,0,it
fantastico.,5,2026-05-22 17:00:34,0,it
maglietta come nuova ottimo acquisto,5,2026-05-22 16:48:41,0,it
tu come solito,5,2026-05-22 16:30:25,0,it
1 volta vene... 5 male...,3,2026-05-22 16:21:55,0,it
top per le vendite,5,2026-05-22 16:04:42,0,af
"ottima applicazione, si può acquistare e vendere in tutta sicurezza e tranquillita'.",5,2026-05-22 15:57:27,0,it
"bella app, ogni tanto piccoli bug, ma per il resto ottima. inoltre apprezzo di non dover mettere io il prezzo della spedizione come ebay ma fa tutto l'app!",4,2026-05-22 15:50:36,0,it
facile utilizzo,5,2026-05-22 15:48:09,0,it
il vestitino è bellissimo e la consegna super rapida! grazie!🙏🙂,5,2026-05-22 15:46:39,0,it
sempre esperienze ottime e soddisfacenti!! molta serietà e cortesia !!! grazie perché me le sento amiche !!! ❤️👏👏👏💯,5,2026-05-22 15:37:00,0,it
app seria e disponibile,5,2026-05-22 15:26:14,0,it
perfetta per vedere e comprare,5,2026-05-22 15:13:42,0,it
e abbastanza sicuro,5,2026-05-22 15:11:41,0,it
ottimo per vendere vestiti e altre.cose la consiglio,5,2026-05-22 15:05:50,0,it
"ottima app per la compravendita on line, facile veloce e sicura,poi abbraccia anche tanti paesi europei quindi la vendita è più facilitata e la scelta di articoli e vasta.",5,2026-05-22 14:31:17,0,it
"ottima app per l'usato, da aggiungere per forza il poter filtrare i prodotti nelle pagine degli utenti.",4,2026-05-22 14:05:42,0,it
ottima applicazione per togliere le cose che non usi ma soprattutto che dai una seconda vita agli articoli. la consiglio molto questa app 😊,5,2026-05-22 14:03:39,0,it
"una volta era un'app ottima, ma ultimamente negli annunci di prodotti dal costo più elevato è pieno truffatori, che chiedono il pagamento con paypal o bonifico, sono estremamente fastidiosi. è ora che vinted trovi una soluzione.",4,2026-05-22 13:49:15,0,it
bellissima app dove si possono fare dei buoni acquisti,5,2026-05-22 13:47:08,0,it
e un mese ormai che uso vinted e mi trovo bene,5,2026-05-22 13:38:00,0,it
esperienza fantastica sia per vendere che per comprare.,5,2026-05-22 13:36:20,0,it
"persona seria, onesta, velocissima e di grandissima educazione grazie mille 😉",5,2026-05-22 13:35:52,0,it
comodo veloce,5,2026-05-22 13:24:52,0,pt
prima volta che ho comprato da vinted ed è andato tutto bene . consigliato,5,2026-05-22 13:21:54,0,it
stata una bella esperienza.grazie.,5,2026-05-22 13:13:05,0,it
forse tempi di spedizione troppo lunghi ma tutto sommato una buona app,3,2026-05-22 13:08:41,0,it
"facile, intuitivo e si compra e vende veramente di tutto. pochissima burocrazia",5,2026-05-22 13:04:08,0,it
tutto bene.!,5,2026-05-22 12:59:33,0,it
perfetto grazie mille,5,2026-05-22 12:59:04,0,it
vinted ottima app,5,2026-05-22 12:58:05,0,it
la scarpe sono molto più belle che nalla foto. grazie,5,2026-05-22 12:40:13,0,it
"veramente imbarazzanti, rendono disponibile il reso del pacco all'ufficio postale dove stava l'acquirente!!",1,2026-05-22 12:34:34,0,it
tutto bene come speravo!,5,2026-05-22 12:24:57,0,it
"efficace,veloce ,facile da utilizzare.. mi trovo benissimo",5,2026-05-22 12:06:33,0,it
ottimo venditore .,4,2026-05-22 12:03:11,0,it
un'ottima app per dare nuova vita a capi già usati,5,2026-05-22 11:54:52,0,it
sempre tutto facile anche per i boomer,5,2026-05-22 11:49:53,0,it
grazie anche per il gentile biglietto di accompagnamento 😁,5,2026-05-22 11:36:55,0,it
tutto ok grazie,5,2026-05-22 11:31:16,0,it
"la peggior app di vendite mai creata!! servizio clienti ridicolo, e allocato in qualche paese sperduto del terzo mondo. non danno nessuna tutela a chi vende! e nessun tipo di garanzia ne in caso di smarrimenti (con risarcimenti ridicoli di 10/20€ al fronte di 500 o 1000) ne in caso di articolo rotto durante il trasporto. non usatela almeno che non vogliate perdere soldi e tempo!!",1,2026-05-22 10:55:44,0,it
è da anni che uso vinted trovato sempre più che bene soprattutto quando hanno aggiunto la parte hobbystica,5,2026-05-22 10:42:39,0,it
ottimo prodotto venditore serio ed cortese,5,2026-05-22 10:35:31,0,it
account bloccato dopo tre giorni perché un utente ti segnala senza motivo e non hai modo di difenderti,1,2026-05-22 10:18:15,0,it
ottimo per acquistare e vendere,5,2026-05-22 10:03:15,0,it
pessimo sito. truffe e blocchi senza motivazione . guardate le recensioni sui social noti e capirete che sono disonesti e incompetenti. vendete il necessario. acquistate su altri siti simili molto più efficenti e responsabili. vintend fa schifo. sul canale ufficiale instagram tutte recensioni su vintend. vergogna. wallapop decisamente superiore .,1,2026-05-22 08:43:00,0,it
"app molto bella e funzionale ma dovrebbero stare attenti ai reseller di brand come shein, che vendono un articolo da 5€ a 30€",4,2026-05-22 08:28:03,0,it
perfetta..,5,2026-05-22 08:26:44,0,it
bellissimo bracciale. tutto imballato accuratamente.sono contenta di averlo,5,2026-05-22 07:29:05,0,it
molto soddisfatta,4,2026-05-22 06:30:20,0,it
pessima assistenza nonostante si paghi una bella percentuale sugli acquisti per avere una protezione . lenti e molto spesso non rispondono fate molta attenzione è piena di furbi a partire proprio da loro,1,2026-05-21 23:28:59,0,it
"l'abito è meraviglioso: ottima stoffa, bellissimo colore... confezionato alla perfezione.",5,2026-05-21 23:09:10,0,it
"come da descrizione, ottimo",5,2026-05-21 22:25:31,0,it
molto soddisfatto dell'acquisto,5,2026-05-21 21:59:17,0,it
ottima esperienza!,5,2026-05-21 21:51:39,0,it
"aggiorno la recensione per dare un quadro più completo: 1) il valore del lusso spesso non viene riconosciuto e arrivano offerte irrisorie. 2) articoli rimossi o bloccati ingiustamente per giorni, mentre segnalazioni di falsi sembrano ignorate. 3) assistenza inesistente, solo bot ripetitivi. 4) resi frequenti: acquisti annullati dopo la spedizione, tempi lunghi per il reso (2–3 settimane) e perdita di tempo. 5) prezzo di spedizione alto. piattaforma che premia i disonesti e penalizza gli onesti.",1,2026-05-21 21:26:23,40,it
app dove praticamente trovi tutto consigliatissima,5,2026-05-21 21:22:20,0,it
ottima app. per il riuso,5,2026-05-21 21:13:30,0,it
perfetto!!!,5,2026-05-21 20:55:32,0,it
venditore serio e molto affidabile veloce e gentile,5,2026-05-21 20:51:49,0,it
"ben al di sopra dei normali canali di vendita: protezione, opzioni per esporsi di più ed i prezzi che trovo qui sono sempre più bassi che in qualsiasi altro shop on line",5,2026-05-21 20:30:47,0,it
ottima app,5,2026-05-21 20:24:25,0,it
"app molto utile per la vendita e l'acquisto. personalmente mi trovo bene anche se l'interazione con il servizio clienti sarebbe da rivedere un pochino in quanto, è complicato contattarli ma soprattutto, ricevere una risposta. sono d'accordo con l'utente che ha evidenziato il problema causato dalla superficialità di alcuni acquirenti, in special modo quelli che ignorano la notifica di giacenza, facendo così ritornare l'ordine al mittente. complessivamente è una piattaforma valida.",5,2026-05-21 20:24:00,0,it
"non è più sicura, di recente ci sono molti account fake truffaldini composti da un nome casuale + numeri a caso. spesso palesemente gestiti da una sola persona, nel caso si volessero segnalare non c'è la possibilità di poter inserire prove tipo screenshot o qualsiasi altra cosa e ogni segnalazione si conclude con una notifica da parte di vinted dove afferma di ""non poter fare nulla""",1,2026-05-21 20:13:50,0,it
ottima esperienza,5,2026-05-21 19:59:53,0,it
sono molto soddisfatta del mio acquisto.. il capo è perfetto.. il venditore molto gentile e disponibile,5,2026-05-21 19:58:05,0,it
bellissima esperienza,5,2026-05-21 19:57:11,0,it
"app molto valida. peccato che non accetti postepay. un po' lunghi con i pagamenti, ma per il resto è tutto ok",5,2026-05-21 19:46:42,0,it
ottimo sono davvero soddisfatta,5,2026-05-21 19:35:22,0,it
ottima app,5,2026-05-21 19:35:22,0,it
"è nu spettacl, apparte gli scherzii ha fatto fare un sacco di soldi",5,2026-05-21 19:33:34,0,it
ottima esperienza va benissimo grazie,5,2026-05-21 19:26:08,0,it
"molto utile e con molto pubblico, è un po' lenta però fa il suo.",4,2026-05-21 19:22:24,0,it
ottima app consigliata,5,2026-05-21 18:49:56,0,it
molto comoda,5,2026-05-21 18:48:31,0,it
"assistenza inesistente, politiche scorrette, tutela nulla, soldi rimborsati a gente che nemmeno va a ritirare il pacco! vinted pro è imbarazzante, devi avere partita iva ma non ti danno modo di fare fatture correttamente. vendi e fatturi a 15€ ma vinted ti accredita 15,54€ (0,54€ a nero?) dopo che cliente paga 16,50€. non è chiaro quale di questi importi vinted comunicherà al dac7 (agenzia entrate), miglior modo per prendere sanzioni.",1,2026-05-21 18:42:00,2,it
il completo perfetto in regalo pure i calzini,5,2026-05-21 18:38:12,0,it
tutto ok ma sarei più contenta se gli acquirenti che non ritirano i pacchi non ricevesse indietro i soldi visto che fanno perdere tempo e denaro a chi vende,5,2026-05-21 18:29:02,0,it
super semplice e puntuali comunicazioni,5,2026-05-21 18:25:58,0,it
ottima app!,5,2026-05-21 18:15:44,0,it
app molto valida permette agli utenti di scambiare merci di alto valore a prezzi contenuti,5,2026-05-21 18:15:04,0,it
app meravigliosa,5,2026-05-21 18:06:28,0,it
first time user found what i needed and received the item on time and in perfect condition,5,2026-05-21 17:37:17,0,en
"bellissima app, comoda, e'molto semplice da utilizzare.",5,2026-05-21 17:13:29,0,it
"acquisto andato a buon fine con puntualità, precisione e soddisfazione. ringrazio il venditore per la corrispondenza e qualità dell'articolo e il team di vinted. grazie ancora!",5,2026-05-21 17:03:08,0,it
venditrice professionale e veloce nella spedizione,5,2026-05-21 16:29:45,0,it
"assistenza pari a zero. ho venduto un capo che non è mai arrivati al destinatario ma, purtroppo, non mi è mai tornato indietro. dopo 2 mesi non sono neppure capaci di darmi informazioni coerenti circa la possibilità di ottenere un legittimo rimborso. non è la prima volta che smarriscono un pacco (su 20 vendite 2 pacchi sono stati smarriti...ottima media 1 su 10). utilizzate altre piattaforme...da venditore esperienza pessima. comunque, come tanti altri utenti, segnalerò ad agcm.",1,2026-05-21 16:27:47,0,it
ottima x vendere le cose che non servono più!!! aggiungerei la possibilità di mettere i propri preferiti in cartelle per categoria.,5,2026-05-21 16:20:56,0,it
merce perfetta,5,2026-05-21 16:20:38,0,it
ottima piattaforma,5,2026-05-21 16:12:51,0,it
app ottima,5,2026-05-21 15:59:03,0,it
"davvero pessima. sono costretto ad averla per comprare dei capi per i miei figli ma sinceramente tra costi di spedizione e di ""certificazione"" mi fa schifo. tra poco avranno 18 anni e la cancellerò",1,2026-05-21 15:53:31,0,it
le spedizioni sono lunghissime. se vai bene ci vuole una settimana,2,2026-05-21 15:47:08,0,it
app fantastica e conveniente,5,2026-05-21 15:25:03,0,it
ottimi affari!,5,2026-05-21 15:21:17,0,it
"ottima applicazione, molto semplice e seguita da un ottimo team di esperti. la consiglio vivamente tutto top",5,2026-05-21 15:19:49,0,it
"fantastica, semplice, ben organizzata",5,2026-05-21 14:58:39,0,it
ho scoperto un mondo di cose e di persone. ho ridato vita ad oggetti nella vendita e nell'acquisto. una esperienza positiva che consiglio a chi come me ama il vintage e tutto ciò che ha un vissuto.,5,2026-05-21 14:49:27,0,it
"purtroppo spesso le etichette di spedizione non funzionano! si spedisce un oggetto e nonostante la prova di spedizione gli ordini vengono annullati . quindi perdiamo oggetto e soldi !!! soprattutto verso la germania le etichette di spedizione di poste non funzionano. pessima assistenza clienti ( inesistente). meglio usarla per acquistare che per vendere. ottimi capi a buon prezzo,!",3,2026-05-21 14:38:48,0,it
ottima app...,5,2026-05-21 14:24:30,0,it
la uso da tempo e per il momento mi trovo bene!,5,2026-05-21 14:21:17,0,it
funziona. giusto qualche inpuntamento all'avvio.,5,2026-05-21 14:15:33,0,it
tutto bene,5,2026-05-21 14:06:43,0,it
fantastica,5,2026-05-21 14:02:48,0,it
"poca, pochissima tutela per chi vende..",2,2026-05-21 13:52:18,0,it
"tutto perfetto, soddisfatta",5,2026-05-21 13:42:14,0,it
assistenza vinted completamente inesistente. nel momento del bisogno non ti rispondono mai.,2,2026-05-21 13:15:56,0,it
tutto top tranne la lentezza delle consegne delle poste,5,2026-05-21 13:05:33,0,it
"non sono tanto d'accordo con queste recensioni automatiche negative, per il resto è ok",4,2026-05-21 13:01:29,0,it
il pacco è arrivato come descritto e ben imballato,5,2026-05-21 12:45:50,0,it
non del tutto obbettivi!!! cancellano gli articoli vietati a caso e non a tutti,4,2026-05-21 12:36:21,0,it
"che senso ha salvarsi le ricerche se poi non sai quando vengono pubblicati nuovi annunci? uso l'app da anni e la rimozione di una feature così importante è una follia pura che rende l'applicazione quasi inutilizzabile, anche perché dovresti controllare ogni volta tutte le ricerche salvate. bella roba. update: ottima mossa quella di reinserire le novità, tornato a 5 stelle meritate, anche se comunque potessi restringere il campo delle ricerche per nazione, sarebbe top",5,2026-05-21 12:32:47,0,it
"abbastanza buona. vinted dovrebbe risolvere il fatto che,se un articolo viene rotto o perso dai corrieri (ho foto durante il confezionamento a testimonianza dell'integrità) dovrebbero risarcirlo per intero come se fosse stato venduto vinted sistemi questo perché ora si viene risarciti con 2€ su 11€ di prezzo di vendita. non va bene. attenzione alle furbe che mandano roba diversa da quello pubblicizzato. alcuni corrieri bucano i pacchi per controllare se conviene farli sparire x venderseli loro.",4,2026-05-21 12:15:25,1,it
perfetto 🌹🙏!!!!! 💯💯💯,5,2026-05-21 12:13:16,0,it
vantagiosa,5,2026-05-21 12:02:39,0,lt
applicazione molto ben fatta ottima idea per vendere e comprare cose usate a prezzi interessanti...,5,2026-05-21 11:36:13,0,it
tutto ok persona affidabile e precisa,5,2026-05-21 11:14:45,0,it
consegne troppo lente e tracciamento approssimativo.,4,2026-05-21 11:14:09,0,it
ottima app se non fosse per le persone non corrette che siano venditori o acquirenti,5,2026-05-21 10:55:13,0,it
app valida ma assistenza clienti inesistente,1,2026-05-21 10:44:47,0,it
ottima esperienza con vinted ! consiglio subito 👍,5,2026-05-21 10:40:17,0,it
"ciò che posso dire, tutto positivo attualmente.. 5 stelle abbondanti",5,2026-05-21 10:27:49,0,it
"utente meravigliosa! spedizione velocissima e accurata, molto socievole e carina nei modi di interagire con l'acquirente. consiglio vivamente!😘",5,2026-05-21 10:12:47,0,it
"molto facile da utilizzare, sia per vendite che per acquisti.",5,2026-05-21 10:06:10,0,it
servizio clienti totalmente incapace. imbarazzante. dovete solo sperare nella buona fede dei compratori. team di valutazione al di fuori di ogni logica umana ma ovviamente non hanno interesse a tutelare con ragionamento.,1,2026-05-21 09:50:46,0,it
perfetto per chi vuole vendere e comprare al giusto prezzo,5,2026-05-21 08:58:28,0,it
pessimo servizio clienti di vinted. ho subìto una truffa e questi hanno dato ragione alla truffatrice. pazzesco una vera accozzaglia di incompetenti,1,2026-05-21 08:46:06,4,it
"l'app permette di vendere ed acquistare prodotti di seconda mano da privati. tutto perfetto, finché un oggetto non viene smarrito oppure rubato, in quel caso i tempi diventano lunghissimi per risolvere un problema, decine di messaggi ed attese estenuanti. sto valutando di abbandonare la piattaforma",2,2026-05-21 08:37:18,0,it
tutto bene ottima venditrice pacchetto ok merce corrispondente all' inserzione consiglio,5,2026-05-21 08:35:05,0,it
"l app funziona bene, è di facile consultazione, fluida, messaggi/notifiche arrivano velocemente. andrebbero a mio personale avviso cambiate alcune cose, le tabelle ad esempio dei materiali, delle taglie, andrebbe ampliata la categoria oggetti ,andrebbe data la possibilità a chi ha contestazione di postare video sulla preparazione del pacco , e andrebbe fatto pagare l importo a chi acquista e non ritira causando disagio anche economico al venditore!!!",5,2026-05-21 08:23:33,29,it
"molte spedizioni vanno perse e per avere un rimborso bisogna aspettare più di un mese, a volte inutilmente...",1,2026-05-21 08:12:48,0,it
riesco a vendere diverse cose che non uso più,5,2026-05-21 08:03:11,0,it
e' bellissimo dare nuova vita a ciò che non usi magari anche con un valore! grazie vinted!,5,2026-05-21 07:34:14,0,it
app perfetta per comprare e vendere ma i tempi di spedizione sono molto lunghi. il pacco non arriva quasi mai a destinazione nei tempi dati ma molti giorni dopo.,2,2026-05-21 07:30:00,0,it
molto bella,5,2026-05-21 07:20:23,0,it
"avviso per gli utenti prima di spedire fate foto e/video del materiale di imballaggio, del confezionamento oggetto. sarà unico modo per venire tutelati in caso di danneggiamenti da parte corrieri di trasporto. purtroppo molto comuni di questi tempi.per il resto vinted ottima organizzazione. senza la tutela detta all' inizio vinted respingerà ogni addebito o rivalsa. l' acquirente verrà rimborsato il venditore no.",5,2026-05-21 06:54:59,0,it
"applicazione favolosa, trovi di tutto",5,2026-05-21 03:14:22,0,it
"ultimamente non si riesce ad aprire l'applicazione, devo fare l'arresto forzato altrimenti resta bloccata",1,2026-05-21 00:01:53,0,it
la protezione acquisti serve a poco,1,2026-05-20 23:44:49,0,it
"dovreste mettere delle impostazioni anche con le taglie eu,dovreste imporre negli annunci le foto con misure e specifiche del prodotto",3,2026-05-20 23:39:26,0,it
tutto ok è quello che aspettavo,5,2026-05-20 23:29:30,0,it
parecchi problemi e regole assurde. zero controlli sugli utenti. pacchi che svaniscono. assistenza ridicola...tempi biblici. ecc. mi avvio a chiudere account non appena spero mi sia accreditato ciò che mi è dovuto.,1,2026-05-20 23:08:27,0,it
tutto stupendo,5,2026-05-20 22:41:58,0,it
ottima app per vendere e acquistare,5,2026-05-20 22:26:51,0,it
mai più senza!,5,2026-05-20 22:05:09,0,it
"facile, veloce, efficace si vende in modo semplice e sicuro, il credito viene trasferito sul conto velocemente e per quanto mi riguarda mi sono trovata benissimo",5,2026-05-20 21:18:34,0,it
ottima app,5,2026-05-20 21:17:52,0,it
i corrieri a cui si affidano per le spedizioni non sono molto affidabili! continuano a tornarmi indietro gli ordini o addirittura si perdono!,2,2026-05-20 21:06:03,0,it
mi trovo benissimo,5,2026-05-20 21:00:27,0,lt
"per prudenza 4 stelle, nel passato ho avuto problemi con loro, ma mi ora pare meglio frequentata rispetto a subito e wallapop ma, come dice il saggio, mai dire mai 🤣",4,2026-05-20 20:57:19,0,it
ho sempre acquistato o venduto senza problemi,5,2026-05-20 20:47:17,0,it
mi sembra che vinted offra una valida opportunità. spesso gli articoli sono nuovi o quasi nuovi.,5,2026-05-20 20:38:51,0,it
tempi lunghi tra spedizione e accrediti ma per il resto ok,4,2026-05-20 20:34:10,0,it
professionale azienda online consigliatissimo,5,2026-05-20 20:23:19,0,it
troppo bello 😍,5,2026-05-20 20:22:35,0,it
bo non ci o sbatti di scrivere,5,2026-05-20 20:15:58,0,it
"facile,comodo e pratico",5,2026-05-20 20:04:21,0,it
"venditrice carinissima, super consigliata! ✌",5,2026-05-20 19:48:17,0,it
app molto efficiente,5,2026-05-20 19:33:44,0,it
una buona app.,4,2026-05-20 19:32:25,0,tl
"buona per vendere, ma non è chiaro chi deve pagare eventuali resi se poi la taglia per l'utente è errata andrebbe messo un 50%...in un caso avevo classificato come articolo da bambini ma non si vede nella ricerca generale la classificazione che era stata data al capo... onestamente l'app andrebbe migliorata indicando nel prodotto anche la classificazione es: abbigliamento bambino >magliette e t-shirt>",2,2026-05-20 18:56:21,0,it
"mai usata quest'app, decido di scaricarla per la prima volta per sgombrare un pò casa da cose che non uso più. faccio un account gmail e mail nuova, creo l'account vinted e non favcio nemmeno il tempo a navigare dentro l'app che il mio account viene immediatamente bloccato. per fare il ricorso è obbligatorio inviare foto/screen e file per provare che il blocco non è giusto, ma io non ho niente di tutto ciò dato che ho appena creato l'account e non ci ho mai fatto nulla dentro.",1,2026-05-20 18:55:04,0,it
il venditore è stato gentilissimo. la merce è in perfette condizioni. grazie,5,2026-05-20 18:44:26,0,it
"bellissime, uguali alle foto",5,2026-05-20 18:36:24,0,it
"bloccato definitivamente esenza motivo dopo anni di uso onesto, avevo feedback 100% positivo con più di 100 transazioni, siete dei pessimi perché trattate la gente come delinquenti per qualche vostro bug di sistema! vado su wallapop.",1,2026-05-20 18:34:50,1,it
tutto come descritto,4,2026-05-20 18:34:11,0,it
adoro questa esperienza e bellissima ma vinted ti blocca praticamente per tutto.,1,2026-05-20 18:31:31,1,it
ottimo grazie,5,2026-05-20 17:54:19,0,it
tutto perfetto spedizione subito inviata,5,2026-05-20 17:40:07,0,it
tutto perfetto grazie,5,2026-05-20 17:16:34,0,it
bellissima,5,2026-05-20 17:12:47,0,fi
tutto bene .,5,2026-05-20 16:52:55,0,it
l'app permette di mandare pochissimi messaggi per chiedere informazioni ai venditori e poi ti blocca,2,2026-05-20 16:50:44,0,it
ottima esperienza,5,2026-05-20 16:50:20,0,it
perfetto 👍,5,2026-05-20 16:36:50,0,it
"molto contenta dell'acquisto, comode per la stagione di adesso, già inaugurate, grazie mille",5,2026-05-20 16:35:23,0,it
"considerato che non mi state aiutando con un problema di pacco smarrito, vi lascio una recensione negativa, non meritate nemmeno una stella sinceramente. la vostra assistenza fa schifo. non avete voglia di aiutare e di lavorare. meritate il fallimento oltretutto mi hanno segnalato il profilo per comportamento scorretto mai avuto, e avete ancora dato ragione a chi mi ha segnalato invece che a me con un profilo fatto solo di 5 stelle come valutazione e recensioni solo positive fate davvero schifo",1,2026-05-20 16:24:24,3,it
precisi.tutto come descritto.,5,2026-05-20 16:09:13,0,it
grazie mille tutto perfetto,5,2026-05-20 16:07:46,0,it
"esperienza molto positiva, articolo spedito subito, con confezionato accuratamente. perfetto",5,2026-05-20 15:44:20,0,it
super positiva,5,2026-05-20 14:55:29,0,it
"che dire bellissima esperienza sia di vendita che per acquisti.,con guadagni d'ottimi acquisti consiglierei di provare per credere. .ho iniziato che non sapevo usarla è con il tempo sto imparando come vendere è rispettare soprattutto le clienti con spedizioni veloci e articoli veritieri.",5,2026-05-20 14:54:14,0,it
perfetto! 👍,5,2026-05-20 14:49:56,0,it
ottima possibilità di avere oggetti a prezzi ragionevoli,5,2026-05-20 14:33:02,0,it
"ottimo,mi diverto molto con vinted.compro e vendo con facilità.consiglio.....",5,2026-05-20 14:12:19,0,it
ottimo vinted,5,2026-05-20 14:10:11,0,it
"pratico, comodo ed efficiente",5,2026-05-20 13:51:08,0,it
vinted wooooo,5,2026-05-20 13:29:31,0,af
"utile, da una seconda vita alle cose... lo trovo meraviglioso!",5,2026-05-20 13:19:11,0,it
"tutto perfetto, grazie vinted, tranne per i clienti che dovrebbero accettare subito e concludere l'ordine senza far attendere due giorni per l'accredito.",5,2026-05-20 13:16:54,0,it
tutto perfetto.,5,2026-05-20 13:04:54,0,it
sempre perfetto in tutto..con la messaggistica..sei sempre tranquillo,5,2026-05-20 13:01:58,0,it
"continui ritardi con le poste,addirittura un pacco dal 28 di aprile è ancora fermo alla posta,se non smarrito. vinted se ne è lavato le mani. si può fare meglio",1,2026-05-20 12:59:36,0,it
le spedizioni sono troppo lente sono a pagamento ed inoltre neanche arrivano a casa ma devo farlo spedire in un fermo point se voglio spendere qualcosina in meno. non è possibile che un pacco che parte dall'italia e deve arrivare in un altro paese in italia ci metta due settimane.,1,2026-05-20 12:58:14,0,it
ben fatta..completa e semplice da usare,5,2026-05-20 12:35:08,0,it
consigliato,5,2026-05-20 12:32:53,0,it
"per una persona che ha ansia e che prova sempre paranoia quest'applicazione é il top, spiega tutto come e cosa devi fare e per ora ho effettuato due vendite e un acquisto senza nessun problema,la consiglio caldamente a chi cerca usato oppure vuole vendere🌼",5,2026-05-20 12:30:50,0,it
ottima esperienza sia nell'acquisto che nella vendita,5,2026-05-20 12:16:53,0,it
ottima e affidabile,5,2026-05-20 11:56:44,0,it
rapido ed efficace permette di mettere in circolo gli oggetti dando una seconda vita e ita do così l' effetto fast fashion che ha un impatto importante sul pianeta.,5,2026-05-20 11:53:16,0,it
ottima..grazie,5,2026-05-20 10:44:05,0,it
ottimo venditore ottimo prodotto,5,2026-05-20 10:42:25,0,it
"venditori mai tutelati. se vinted perde un articolo, la colpa viene fatta ricadere sui venditori",2,2026-05-20 10:32:07,0,it
tutto apposto,5,2026-05-20 10:19:19,0,it
"ho sempre amato questa app e ho comprato moltissime volte, ma gli ultimi ordini sono arrivati davvero dopo troppo tempo. la data di arrivo è stata posticipata di tanto. non va bene, i tempi di attesa sono troppo lunghi",2,2026-05-20 09:56:05,0,it
grazie . tutto ok,5,2026-05-20 07:56:28,0,it
è semplicissimo caricare gli articoli da vendere e riscuotere il ricavato,5,2026-05-20 06:19:24,0,it
purtroppo è peggiorato tantissimo negli anni:assistenza inesistente e la combo con le poste italiane é disastrosa!,2,2026-05-20 01:55:44,0,it
"pessima, tutela gli acquirenti e non i venditori!",1,2026-05-19 23:50:38,0,it
trattativa veloce e senza problemi. acquirente gentile e disponibile,5,2026-05-19 23:33:55,0,it
fanno schifo😤😤😤 account bloccato senza motivo... ho chiesto spiegazioni e non mi stanno calcolando minimamente😤😤😤,1,2026-05-19 23:33:10,1,it
"come venditore, non posso cercare un titolo tra i miei articoli, devo cercare a mano, assurdo",1,2026-05-19 22:59:06,0,it
questa app è fantastica! si vende e si acquista con un ottimo servizio clienti. sono molto soddisfatta. grazie vinted di tutto,5,2026-05-19 22:29:32,0,it
no me gusta que solo puedes hacer 26 ofertas deveria ser ilimitado yo busco muchas cosas para mi familia y en 26 ya no puedo mas espero corriga eso muvhas gracias,3,2026-05-19 21:52:36,0,es
ottimi acquisti,4,2026-05-19 21:48:54,0,it
sempre un ottimo servizio mi trovo bene e sono sempre molto contenta di pubblicare e vendere consiglio a tutti quando possibile questa app e poi nel tempo questo servizio è migliorato anche nelle tempistiche,5,2026-05-19 21:19:14,0,it
"l'app non è male, da migliorare il servizio clienti",4,2026-05-19 21:17:09,0,it
prezzi troppo alti per alcune pezze che si possono trovare anche a 3 euro,1,2026-05-19 21:12:53,0,it
"ho scoperto un mondo usando questa app e sono riuscita a permettermi cose che altrimenti avrei considerato superflue, da evitare per risparmiare un po’ di soldi.",5,2026-05-19 21:04:03,0,it
tutto perfetto. grazie mille 😘,5,2026-05-19 20:52:51,0,it
"venditore preciso e puntuale, l'articolo risulta come nelle foto ...lo consiglio",5,2026-05-19 20:46:37,0,it
ottimo lavoro,5,2026-05-19 20:45:38,0,it
tutto molto semplice sono soddisfatta,5,2026-05-19 20:37:46,0,it
ottime esperienze e veri affari,5,2026-05-19 19:53:53,0,it
fantastica. tutto finziona meravigliosamente,5,2026-05-19 19:49:28,0,it
ottima piattaforma di vendita e scambio... fantastica!!!!,5,2026-05-19 19:43:03,14,it
ottimo prodotto e venditore molto disponibile grazie,5,2026-05-19 19:42:52,0,it
"pratico, e conveniente, consiglio",5,2026-05-19 19:24:51,0,it
grazie mille tutto perfetto,5,2026-05-19 19:09:31,0,it
è ottima app per fare vendite di successo.,5,2026-05-19 18:52:59,0,it
per ora tutto bene. mai avuto problemi non risolti.,5,2026-05-19 18:38:24,0,it
eccellente,5,2026-05-19 18:07:26,0,it
grazie tutto ok,5,2026-05-19 18:07:10,0,it
utile e divertente,5,2026-05-19 18:05:15,0,it
"sono contenta di utilizzare vinted, mi ha dato la possibilità di dare un' altra vita alle cose, invece di tenerle accantonare per anni.. ed è bello sapere che ci sono altre persone che le riutilizzano dandogli nuovamente importanza!!",5,2026-05-19 18:02:47,0,it
purtroppo permette le recensioni negative di ritorsione ed è una cosa davvero odiosa. assistenza clienti poco presente,1,2026-05-19 17:36:11,0,it
ottima e comoda app.,5,2026-05-19 17:12:44,0,it
mi trovo bene.,5,2026-05-19 16:59:24,0,sk
tutto ok borsa bella venditore serio 👌 ok,5,2026-05-19 16:42:35,0,it
perfetto! molto bello! ottimo,5,2026-05-19 16:25:57,0,it
"esperienza deludente...soldi della vetrina persi,accunt am1052020 sospeso fino a giugno,assistenza inesistente motivo?foto profilo inappropriata ,offensiva ecc (un cuore tricolore )🤯siamo al limite dell assurdo.non affidatevi a questi bug vergognosi",1,2026-05-19 16:25:27,1,it
sempre attenta e precisa,5,2026-05-19 15:55:52,0,it
un app che offre un ottimo servizio di compravendita,5,2026-05-19 15:36:42,0,it
"utile, si può migliorare",4,2026-05-19 15:14:31,0,it
acquisto sempre ottimi prodotti,5,2026-05-19 15:10:41,0,it
"il karma fa sempre il suo corso, se ti comporti adeguatamente e con rispetto, riceverai rispetto!!!!! vintend, ottima app, attenzione hai truffatori, consiglio:bloccare e segnalare!!!!!! assistenza abbastanza presente, bisogna insistere, ma se avete ragione nessuna paura,!!!!",5,2026-05-19 14:31:31,0,it
"se avete problemi siete fregati: avevo ordinato un pacco solo che non ho potuto ritirarlo perché le poste erano state fatte esplodere durante una rapina quindi le hanno chiuse per ristrutturazione non permettendo di ritirare il pacco; quindi è ritornato al mittente e risulta arrivato a lei, vinted mi ha detto che mi avrebbe ridato i soldi. sono passate settimane chiedo risposte, anche se doveva essere un versamento automatico; ho chiesto risposte e mi hanno detto che mi era stato consegnato.",1,2026-05-19 14:27:06,1,it
app utilissima per liberarsi di ciò che non si utilizza più e anche per risparmiare qualcosa negli acquisti spedizioni veramente rapide,5,2026-05-19 14:16:45,0,it
grazie il pacco è arrivato molto curato,5,2026-05-19 14:06:41,0,it
molto utile,5,2026-05-19 14:06:19,0,it
"ottima app. prevederei una penalizzazione per chi non ritira i pacchi. il venditore perde tempo e risorse a inviare e vengono impegnati servizi di spedizione, non si può rimborsare interamente se uno non ritira, non è giusto",4,2026-05-19 14:03:01,0,it
non arrivano le notifiche!,2,2026-05-19 13:34:28,4,it
"dopo centinaia di acquisti in cui non ho mai avuto bisogno di intervento, ho segnalato un problema con un ordine arrivato imballato nei sacchetti dell'immondizia, rotto e pericoloso. l'assistenza mi ha chiesto di attendere, poi sono spariti. domani la transazione si chiuderà in favore del venditore disonesto e io sono molto amareggiata. non penso che userò più questa app",1,2026-05-19 13:32:26,0,it
"con l'aggiunta dell'ai alcuni articoli vengono cancellati senza che infrangono le regole. ho caricato un paio di props in legno e inizialmente la verifica automatica non ha rilevato problemi, permettendo la pubblicazione. ma dopo 2 ore l'articolo mi viene rimosso per ""prodotto pericoloso"", solo perchè l'ai ha visto le foto e pensato fossero veri. ho ricevuto anche 4 giorni di ban. inoltre girando per l'app spesso si apre aliexpress completamente a caso e da molto fastidio. 😬",3,2026-05-19 13:31:13,1,it
ottima esperienza,5,2026-05-19 13:30:50,0,it
molto bene,5,2026-05-19 13:18:50,0,it
che delusione. non acquistate oggetti elettronici perché non potete dimostrare che un prodotto non funziona e quindi anche se avete pagato la protezione acquisti non venite rimborsati. inoltre un prodotto innocuo come il tappetino per mouse è stato rifiutato perché dicono viola le regole. ho letto le regole ma non si capisce il motivo del rifiuto. ho scritto alla assistenza ma non mi hanno ancora risposto. inoltre non controllano che molti vendono biancheria sporca per depravati,1,2026-05-19 13:07:34,0,it
tutto come da descrizione perfetto,5,2026-05-19 13:06:15,0,it
mi sono trovata benissimo !,5,2026-05-19 12:55:52,0,it
"come app tutto ok, se non hai problemi con un acquisto, altrimenti tutte le spysono a carico di chi compra, anche se ti mandano spazzatura paghi per restituirla",1,2026-05-19 12:49:59,0,it
tutto arrivato come descrizione,5,2026-05-19 12:48:18,0,it
"sarebbe utile se si potesse aggiungere un filtro che permette di cercare soltanto venditori di un determinato paese, capita spesso che le spese di spedizione costino di più dell'articolo stesso",4,2026-05-19 12:44:56,0,it
soddisfatta,2,2026-05-19 12:41:43,0,sv
"comodo , bello come impostazioni",5,2026-05-19 12:11:16,0,it
esperienza ottima,5,2026-05-19 12:08:59,0,it
venditrice seria. prodotto corrispondente alla foto. esperienza positiva. utente consigliato.,5,2026-05-19 11:58:27,0,it
"ultimamente ha preso una brutta piega. fate attenzione ai resi, perché è diventato più difficile farli: se un vestito che ordinate non vi viene o non vi piace come vi sta, non potete chiedere il reso, potete chiederlo solo se l'articolo è danneggiato o diverso dalla descrizione. questa cosa non ha senso dato che di fatto non si ha alcun modo per provare i vestiti se non ordinarli. girano inoltre molti articoli contraffatti, soprattutto di marche di lusso.",2,2026-05-19 11:17:36,209,it
"ottimo , acquistato e venduto vari articoli , sempre ok. a volte sono gli utenti a essere ""particolari "", l'applicazione va a meraviglia.",5,2026-05-19 10:53:47,0,it
divertente e conveniente,5,2026-05-19 10:51:29,0,it
tutto bene funziona,5,2026-05-19 10:32:43,0,it
ottima per dare nuova vita agli oggetti non più necessari o che non si usano. qualche lacuna nella gestione delle spedizioni,5,2026-05-19 10:19:49,0,it
"l'app funziona bene per alcune cose, ma molto male per altre. capita spesso che vengano inviate etichette non valide e vinted non fa nulla per risolvere. ogni volta ripete che bisogna annullare l'ordine. così molto spesso l'acquirente compra altrove, una volta annullato l'ordine, e non c'è nessuna protezione per il venditore. ormai credo sia la decima volta che mi capita e per lo stesso acquirente mi è successo addirittura 3 volte.",1,2026-05-19 10:15:36,1,it
"facile, sicura,sono molto contenta di usare questa app,mi ha dato tante possibilità.",5,2026-05-19 10:08:32,0,it
"pessima assistenza, nessuna tutela contro la contraffazione!ho acquistato un articolo palesemente contraffatto e ho subito aperto una segnalazione allegando foto dettagliate delle finiture e del logo palesemente falsi. l'assistenza clienti automatica è stata un muro di gomma e non mi ha mai risposto un operatore umano. il venditore ha accettato il reso impostando le spese di spedizione a mio carico, e vinted non ha bloccato il timer di scadenza, costringendomi a pagare di tasca mia la spedizione",1,2026-05-19 10:06:46,0,it
"scandaloso che un reso venga consegnato a 5 km dal punto in cui è stato spedito. pacco e soldi persi, assistenza inutile",1,2026-05-19 09:54:32,0,it
app comodissima e utile. occasioni fantastiche.,5,2026-05-19 09:35:31,0,it
ottima su tutto,5,2026-05-19 08:21:19,0,fi
"tutto risolto! metto una stella perché non c'è la possibilità di avere l'applicazione in italiano, ma solo inglese, francese, tedesco e spagnolo? come fare? grazie appena sistemo la lingua, torno a cambiare le stelline. ho aggiornato a 5 stelle, perché è una applicazione fantastica. la lingua l'ho cambiata dall'interno del profilo, nelle impostazioni.",5,2026-05-19 07:45:48,13,it
bello poter dare una seconda vita alle cose. peccato che molte volte i pacchi si perdono e la gente non sempre è onesta.,4,2026-05-19 07:42:43,0,it
ottima applicazione per vendere qualcosa che non usiamo più.,5,2026-05-19 07:40:00,0,it
app utilissima ! nessun problema con venditori e compratori. ultimamente molti problemi con i corrieri ritardi sulle consegne cambi punti ritiro,5,2026-05-19 06:55:15,0,it
magnifico👍👍👍👍👍👍,5,2026-05-19 01:16:03,0,it
venditrice disponibilissima e cordiale. tutto come da descrizione 😊,5,2026-05-18 23:27:10,0,it
"fino ad ora, esperienza positiva. non ho avuto nessun problema.",5,2026-05-18 23:23:51,0,it
facile utilizzo,5,2026-05-18 23:17:53,0,it
eccezionale. funziona tutto e funziona bene. molto ben strutturata.,5,2026-05-18 23:01:49,0,it
venditore serio e affidabile capo perfetto,5,2026-05-18 22:49:19,0,it
ottima app. virtuoso e rapido servizio di assistenza ai clienti.,5,2026-05-18 22:23:54,0,it
"ci sono troppe spese di spedizione e altro, altrimenti e un sito fantastico",3,2026-05-18 22:08:00,0,it
"mi trovo molto bene sia nell'acquisto che nella vendita, bisogna comunque stare attenti e fare foto agli oggetti che si spediscono per non avere problemi e controllare sempre bene foto e descrizione di quelli che si acquista. ma il più delle volte tutto è perfetto.",5,2026-05-18 21:58:52,0,it
affidabile,5,2026-05-18 21:57:33,0,it
molto positiva,5,2026-05-18 21:45:18,0,it
tutto bene,5,2026-05-18 21:44:23,0,it
ora quando acquisto vedo il costo definitivo della spedizione solo se acquisto. dal momento che la spedizione incide non poco vorrei fosse ben chiaro il suo costo e non un valore presunto,3,2026-05-18 21:27:39,0,it
per adesso ho fatto esperienze positive,5,2026-05-18 21:26:10,0,it
parfait !!,5,2026-05-18 21:10:55,0,fr
tutto bene,5,2026-05-18 21:08:46,0,it
a parte qualche difficoltà con le spedizioni per il resto é una bella app,4,2026-05-18 21:06:30,0,it
mi sto trovando molto bene mi diverto e guadagno qualche soldino extra,5,2026-05-18 21:02:23,0,it
óptima esperienza,5,2026-05-18 21:02:22,0,es
sempre eccellente,5,2026-05-18 21:00:19,0,it
ok tutto a posto efficienza max,5,2026-05-18 20:48:15,0,it
non c'è una procedura semplice e chiara per il reso se l'articolo npn è della misura giusta,4,2026-05-18 20:44:33,0,it
appena iniziato ma soddisfatta e mi appassiona...,5,2026-05-18 20:37:08,0,it
ottima app per dare una seconda vita ad ogni articolo,5,2026-05-18 20:18:43,0,it
"date la possibilità a noi venditori ,con regole bene precise,in modo da essere più trasparenti possibile con gli acquirenti,di utilizzare l'intelligenza artificiale",1,2026-05-18 20:11:50,0,it
top vendi tante cose che nn usi piu,5,2026-05-18 20:10:32,0,it
"scarpe in ottime condizioni, esattamente come descritto dal venditore. è stata la mia prima (ottima) esperienza qui si vinted.",5,2026-05-18 20:05:33,0,it
veloce e perfetto!,5,2026-05-18 20:00:39,0,it
tutto ok ottimo venditore,5,2026-05-18 19:59:31,0,it
articolo come la descrizione venditore onesto e molto professionale. consigliato.,5,2026-05-18 19:56:15,0,it
"perfetto, tutto ok",5,2026-05-18 19:52:36,0,it
ottima app,4,2026-05-18 19:49:10,0,it
tutto ottimo,5,2026-05-18 19:46:21,0,it
"applicazione affidabile, la uso ormai da diversi anni",5,2026-05-18 19:22:30,0,it
ottima app complimenti,5,2026-05-18 19:07:31,0,it
tutto bene,5,2026-05-18 19:06:58,0,it
"ottima app, tutto ok.",5,2026-05-18 19:06:05,0,fi
"e' sicura, una sola nota negativa, nel momento in cui ho avuto bisogno di assistenza per un cliente insoddisfatto. non ho ottenuto risposta.",4,2026-05-18 19:02:57,0,it
"ho aperto un account per curiosità e si è aperto un mondo, ho acquistato ma anche venduto con esperienze positive. bravi!!",5,2026-05-18 18:50:53,0,it
molto contenta 👍,5,2026-05-18 18:49:59,0,it
funziona bene,5,2026-05-18 18:45:01,0,it
come da descrizione,5,2026-05-18 18:41:45,0,it
molto valida,5,2026-05-18 18:41:22,0,it
eccellente,5,2026-05-18 18:37:27,0,it
grazie bellissimo,5,2026-05-18 18:36:04,0,it
ottime occasione. buone garanzie,5,2026-05-18 18:29:49,0,it
"tutto bene, tranne i tempi di consegna troppo lungo",5,2026-05-18 18:21:01,0,it
dopo l'aggiornamento quanto si scarica l'etica verso la germania ci sono dei problemi perché la spedizione non si aggiorna,3,2026-05-18 18:18:05,0,it
ottima vetrina,5,2026-05-18 18:13:04,0,it
"servizio clienti inutile impossible da contattare e anche quando non ti consegnano il pacco non ti rimborsano. si paga protezione acquisti inutilmente. usate wallapop, subito o qualsiasi altra app perché questa è la peggiore",1,2026-05-18 18:08:13,0,it
app intelligente,5,2026-05-18 18:02:36,0,nl
"app piena di problemi, gente che ti segnala perché magari vendi una cosa a 5€ e loro la vendono a 20€ segnalazioni per truffa o frode perché vendo un lotto da 20 pezzi e la gente me ne chiede 2/3 per volta,e ora mi trovo bannato per una settimana perché vendo roba che non mi serve ad un prezzo più basso rispetto ad altri, app pessima, estremamente sconsigliata, piuttosto usate ebay",1,2026-05-18 17:50:12,0,it
"app completa,intuitiva, fantastica",5,2026-05-18 17:49:06,0,it
ero scettico inizialmente ed invece una volta iniziato devo dire che mi sto trovando bene. certo il più delle volte si tratta di vere e proprie svendite se non di regali però lo stesso vale quando si acquista quindi la cosa è bilanciata. la cosa un po' fastidiosa a mio avviso è il non potere lasciare recensioni per chi non ritira il pacco.,5,2026-05-18 17:40:16,0,it
soddisfatto e assistito per possibili disguidi. 👍,5,2026-05-18 17:34:37,0,it
"assolutamente negativa. bisogna fare attenzione alle frodi su questa app. poi il supporto è quasi inesistente da parte di una chat che alla fine ti risponde: ""mi dispiace"".",1,2026-05-18 17:31:30,0,it
"app perfetta, servirebbe solo migliorare alcune cose, ad esempio aggiungere la possibilità di filtrare la provenienza dei prodotti (es: voglio evitare una spedizione costo maggiore, se acquisto all'estero e vorrei che i risultati di ricerca fossero prima quelli in italia), poi aggiungere la funzione nei preferiti di vedere solo i capi con le offerte accettate, e infine la possibilità di creare delle cartelle o raccolte in cui dividere i propri preferiti.utile per chi condivide lo stesso account",4,2026-05-18 17:13:15,0,it
vintend è un app fantastica,5,2026-05-18 17:10:54,0,it
bello vendere e acquistare,5,2026-05-18 16:55:31,0,it
una buona esperienza,5,2026-05-18 16:33:07,0,es
"ottima app, seria, trasparente",5,2026-05-18 16:21:06,0,it
ottima app intuitiva e sicura,5,2026-05-18 16:19:32,0,it
tutto perfetto,5,2026-05-18 16:16:41,0,it
"azienda senza dipendenti, zero assistenza. per colpa di qualche loro bot mi hanno bloccato l'account e sto sperimentando molti problemi. quando ricevo del materiale ordinato non posso nemmeno verificare foto e descrizione di quello che ho comprato. dicono che ci vorranno 120 ore per esaminare il mio ricorso. e' evidente che non hanno dipendenti, altrimenti non si spiega un tempo del genere. finora ho parlato con delle macchine.",1,2026-05-18 16:14:43,0,it
"applicazione molto utile, molto soddisfatto grazie",5,2026-05-18 16:11:03,0,it
"eccellente in tutto scarpe strepitose ,il mesagio vogliamo i bene bellissimo grazie consiglio. negli acquisti ♥️",5,2026-05-18 15:54:47,0,it
un applicazione veramente molto molto utile e bella,5,2026-05-18 15:45:08,0,it
"app facile, veloce e comoda per vendere il proprio usato",5,2026-05-18 15:35:08,0,it
"esperienza positiva, grazie",5,2026-05-18 15:34:53,0,it
spettacolare 😍,5,2026-05-18 15:34:40,0,it
"vergognosi! inviato articolo di elettronica (piccolo minipimer) nuovo, pulito!!! arrivato oltre 2 settimane dopo all acquirente, rotto e soprattutto sporco!!!! e io ho perso i miei soldi e il mio minipimer! imballato bene!!!! perché nella vostra politica il corriere ha sempre ragione! se c'erano 0 stelle avrei messo quello!!!",1,2026-05-18 15:30:53,0,it
"posso solo dire cose buone per questa app, permette di vendere ciò che è ancora utile a qualcun altro, soprattutto a chi come me ha molte cose accumulate negli anni, soprattutto grazie ai figli che ora sono fuori casa.",5,2026-05-18 15:29:28,0,it
necessiterebbe di essere implementata sulla ricerca articolo all'interno del profilo di un venditore,4,2026-05-18 15:14:33,0,it
ottima e utile,5,2026-05-18 15:00:10,0,it
anche se a volte si blocca senza motivo e molto utile e precisa,5,2026-05-18 14:46:56,0,it
bisogna porter recensire anche i venditori che mandano articoli danneggiati senza specificarlo nella descrizione. fare il reso a proprie spese non è giusto se poi sul profilo del venditore non ci sarà traccia di questo comportamento scorretto. a cosa serve la la protezione acquisti? io ho perso tempo e soldi e il venditore risulta con punteggio altissimo. probabilmente lo fa molto spesso ma rimane traccia alcuna sulla sua reputazione.,2,2026-05-18 14:02:26,0,it
perché comunicazioni ma preciso nello spedire,5,2026-05-18 13:56:05,0,it
esperienza ottima,5,2026-05-18 13:43:15,0,it
precisa affidabile,5,2026-05-18 13:21:45,0,it
app molto funzionale e concreta,5,2026-05-18 13:06:55,0,it
"ottima app,ho trovato tante belle cose a prezzo basso.molto soddisfatto.",5,2026-05-18 12:26:08,0,it
facile e intuitiva,5,2026-05-18 12:20:20,0,it
grazie. tutto perfetto e spedizione velocissima! sono ancora più belli che dalle foto!!!,5,2026-05-18 11:44:55,0,it
"vinted ti da opportunità di vendere sì, ma anche di conoscere persone meravigliose",5,2026-05-18 11:31:24,0,it
"app molto valida, peccato che non si vende facilmente e a volte se vorrei comprare qualcosa le spese costano più del prodotto 😞",5,2026-05-18 11:17:05,0,it
"ok. tutto a posto, servizio celere.",5,2026-05-18 11:09:10,0,it
"pessima esperienza da venditore. ti invitano ad usare ""boost"" per aumentare le vendite ma dopo ti bloccano account per le vendite troppo frequenti, cancellando tutti articoli sponsorizzati. metto in vendita oggetti senza nominare nessun brand famoso - ti bloccano account per la contraffazione. assistenza quasi inesistente. per sapere il motivo di ban devi aspettare giorni e giorni prima di poter parlare con qualcuno che non sia un bot automatico.",1,2026-05-18 11:01:53,0,it
la funzione inviti è uno scam,1,2026-05-18 11:01:08,0,it
gli articoli che trovi vengono tutti dall'estero. come devo fare per impostare da l'italia?,4,2026-05-18 10:46:01,0,it
"negli anni si sono moltiplicati i rivenditori ingannevoli: l'80% degli annunci in homepage contengono vestiti e oggetti di temu/shein sovrapprezzati minimo del triplo. non ci sono limitazioni alla cosa e non esiste una causa di segnalazione specifica su questo. va implementata al più presto. inoltre, la homepage promuove prodotti già in trattativa che vengono venduti nell'arco di 24h per spingerti a comprare più velocemente. difficile da usare con queste condizioni.",2,2026-05-18 10:41:51,1,it
molto positiva,5,2026-05-18 08:59:01,0,it
"app ottima, si può trovare molta roba interessante a prezzi non esorbitanti. da quando l ho scoperta, la uso sempre.",5,2026-05-18 04:52:47,0,it
"non funziona, si blocca all'iscrizione",1,2026-05-18 03:20:59,0,it
ottima app,5,2026-05-17 22:32:56,0,it
e' un anno che la uso e mi piace molto la consiglio si fanno dei buoni affari e ed e' molto bello dare una seconda vita agli oggetti.,5,2026-05-17 21:41:50,0,it
"pessima, non riesco più ad entrare. cambio pw,invio codice ecc ecc veramente pessima è l'unica app a creare tutti questi disagi, non la raccomandare a nessuno se ci fosse l'inps vi darei 0",1,2026-05-17 21:14:08,0,it
"buona per acquistare alcune cose,più troppo mi sono trovato male a causa di casi umani che volevano miei articoli gratis. con la scusa della spedizione mi fanno sempre le offerte senza il mio consenso,anche se non importera a molti io la roba non la regalo perche a un valore per me come essere umano😑",2,2026-05-17 20:30:14,0,it
blocca l'account quando carichi troppe cose simili perché pensano che sei un rivenditore e quando fai reclamo non rimediano. veramente deluso,1,2026-05-17 19:58:01,0,it
facile da usare e ti da la possibilità di vendere tutto ciò che vuoi e che non usi e insieme acquistare cose anche nuove con poco .,5,2026-05-17 18:49:30,0,it
ottima app. la consiglio,5,2026-05-17 18:49:27,0,it
"bannato dal sito per svista dell'ia che controlla veramente male! abbigliamento originale comprato in negozi autorizzati riconosciuto come falso, astucci in metallo di brand del tabacco scambiate per oggetti nocivi... e chi più ne ha più ne metta.... contattare l'assistenza o effettuare un reclamo è totalmente inutile!! anche davanti all'errore palese dell'ia non vi daranno mai ragione😡🤬 ah e vedrete cose a voi vietate vendute tranquillamente da qualche francese🤦🏻‍♂️ in pratica meglio ebay",1,2026-05-17 18:46:51,0,it
"fin'ora non ho avuto problemi ma i venditori dovrebbero avere più tutela e molti ti fanno l'elemosina per 1€,2€ in meno su un articolo che costa.anche più di 10€ ,lo metti a 5€ e ti mandano la proposta a 4€,si dovrebbero vergognare, troppi pezzenti su quest'app!",2,2026-05-17 18:45:33,1,it
tutto positivo ed efficiente,5,2026-05-17 18:35:33,0,it
app consigliata mo trovo molto bene,5,2026-05-17 18:26:08,0,it
problemi con le spedizioni e con la risoluzione dei problemi che derivano dagli spedizioneri,3,2026-05-17 18:24:19,0,it
primo acquisto...tutto ok,5,2026-05-17 18:18:09,0,it
ok...molto utile,4,2026-05-17 17:42:42,0,it
bruttissima ho venduto un pacco con un carion nuovo di zecca chi lo a acquistato a detto che era rotto l anno rimborsato e a me ne anno ripagato ne rispedito il carion,1,2026-05-17 17:30:14,0,it
facile e intuitiva,5,2026-05-17 17:25:29,0,it
mi hanno truffato,5,2026-05-17 16:46:43,0,it
ottima app,5,2026-05-17 16:37:09,0,it
app stupenda e molto utile nel vendere/ comprare!!!!,5,2026-05-17 16:33:41,0,it
ottimo sistema di vendita. veloce semplice sicuro,5,2026-05-17 15:55:04,0,it
ottima piattaforma per dare vita alle cose che non usi più,5,2026-05-17 15:47:00,0,it
noni fa entrare perché inserisce un numero di telefono sbagliato e continua a mandare i codici là. dice che la mia password è sbagliata. è stranissimo ma non posso più accedere al mio account.,1,2026-05-17 15:43:05,0,it
non mi piace,1,2026-05-17 15:31:04,0,it
ottima piattaforma per le vendite.,5,2026-05-17 15:09:27,0,it
"bloccano senza motivo,si inventano cose non vere,pessima. assistenza inesistente,solo bot con i stessi messaggi",1,2026-05-17 15:01:06,0,it
avevo dato 2 stelle perché da qualche mese un sacco di articoli non hanno più il tasto acquista. ne consegue una grande perdita di tempo: si trova il prodotto desiderato confrontandone tanti e poi si scopre che non si può acquistare. prima uscivano prodotti con centinaia di euro come spedizione... peggiorata di molto rispetto a prima. ora aggiorno: una sola stella perché c'è troppa pubblicità e rimanda su aliexpress senza il volere dell'utente. manca anche la ricerca per zone geografiche...,1,2026-05-17 13:55:15,3,it
eccellente,5,2026-05-17 13:18:23,0,it
ottima app,5,2026-05-17 13:15:57,0,it
una bella esperienza,5,2026-05-17 12:58:26,0,it
molto semplice da usare,5,2026-05-17 12:41:47,0,it
"togliete le spedizioni con vinted go 2 pacchi su 2 sono andati persi con questo metodo di spedizione, mi era sempre arrivato tutto ed ho ordinato molte volte con vinted trovandomi sempre bene ma adesso comprare dalla francia è diventato oltre che costoso anche una perdita di tempo siccome se il pacco viene perso devi aspettare 40 giorni per il rimborso",3,2026-05-17 12:30:09,0,it
non sono riuscita ad entrare nell app,1,2026-05-17 11:46:19,0,it
superlativo,5,2026-05-17 11:37:59,0,it
"l'app è ben fatta ma nella ricerca manca la possibilità di vedere direttamente o poter filtrare i costi di spedizione, il che ti fa perdere un sacco di tempo perché per articoli economici spesso incidono più del costo dell'articolo. inoltre credo non andrebbero inserite recensioni automatiche perchè sono fuorvianti.",3,2026-05-17 11:24:08,0,it
"truffatori. ho fatto diverse transazioni, di cui per un reso. soldi mai ricevuti. ho spedito il pacco nella confezione venduta da posteitaliane (fornitore di vinted). il trasporto è stato effettuato da posteitaliane (fornitore di vinted). il pacco è stato manomesso da posteitaliane (fornitore di vinted). se il pacco fosse stato mal confezionato posteitaliane (fornitore di vinted) non avrebbe accettato la spedizione. ridatemi i miei soldi e imparate a gestire i vostri fornitori. vinted truffa.",1,2026-05-17 11:12:53,0,it
facile e divertente,5,2026-05-17 11:10:37,0,it
fino ad oggi nessun problema. unica pecca i server che ogni tanto non permettono la connessione. suggerisco di eliminare per i libri l'obbligo di inserimento del codice isbn,5,2026-05-17 10:56:18,0,it
"la gestione delle controversie e fatta da cani... aggiornamento a maggio 24, l'assistenza non è fatta da cani, è semplicemente la peggiore dell'universo.. a tratti assente , a tratti fatta da bot e quando va bene ti risponde gente svogliata.. per colpa di queste cose ho perso diversi soldi trovandomi a pagare o addirittura a perdere la mia merce non rimborsata.. siamo al delirio.. vinted avete fatto i soldi e trattate le persone come bancomat é hanno anche tolto la spedizione personalizzata",1,2026-05-17 10:52:25,1,it
perfetta.precisa.affidabile sicura,5,2026-05-17 10:18:36,0,it
"va tutto bene finché vendi cianfrusaglie. account sospeso 4 mesi fa per un paio di sandali prada (venduti su vc con verifica fisica, originali). chiuso definitivamente 2 giorni fa per un paio di ballerine louboutin perché non posso dimostrare che sono originali (richiedono prova d'acquisto per un paio di scarpe del 1989, assurdo). 400 recensioni positive. non consiglio investire tempo e risorse. pessimo.",4,2026-05-17 10:04:37,2,it
la uso e mi trovo benissimo,5,2026-05-17 09:42:30,0,it
"ottima app,specialmente per i prezzi",5,2026-05-17 09:29:05,0,it
persona seria. ottimo acquisto.,5,2026-05-17 09:20:54,0,it
"ottima app, migliore rispetto alle altre",5,2026-05-17 06:10:01,0,it
voto 8 1/2,5,2026-05-17 05:59:37,0,sk
al momento nulla da criticare,5,2026-05-17 05:24:58,0,it
tutto ok 👍,5,2026-05-16 23:46:17,0,fi
facile da usare,5,2026-05-16 22:40:50,0,it
"buone compere ,convenienti .bisogna guardare con attenzione il prodotto da acquistare..",5,2026-05-16 22:33:35,0,it
pratico e affidabile,5,2026-05-16 22:14:14,0,it
semplice e intuitivo. tutto quello che serve.,5,2026-05-16 22:04:32,0,it
app spettacolare,5,2026-05-16 21:39:36,0,it
app fantastica. vendi ciò che non usi più,5,2026-05-16 21:35:23,0,it
sono da poco su vinted e al momento mi sono trovata bene. l unica pecca sono un po' alte le spese di spedizione,4,2026-05-16 21:32:18,0,it
tutto bene ma peccato non poter filtrare per zona geografica i risultati.,4,2026-05-16 21:12:16,0,it
ottimo per fare acquisti,4,2026-05-16 21:04:57,0,it
"non so cosa hanno cambiato, ma gli articoli non sono più con la stessa visibilità di prima, quindi non si riesce più a vendere nulla. meglio wallapop",1,2026-05-16 21:04:29,0,it
tante possibilità per ogni esigenza. grazie vinted,5,2026-05-16 21:02:24,0,it
buona e bella esperienza con persone e venditori eccezionali seri e sinceri,5,2026-05-16 20:45:43,0,it
grazie mille per il super segnalibro <3,5,2026-05-16 20:25:51,0,it
la maglia arrivata come previsto ed è molto bella,5,2026-05-16 20:24:46,0,it
l'unica app affidabile per il commercio dell'usato e non solo oltretutto ottima la garanzia sull'acquisto sicuro antifrode. unico neo le spese di spedizione dovrebbe essere indicate per verificare se è antieconomico l'acquisto.,5,2026-05-16 20:14:14,0,it
"applicazione per le vendite non valida. ho venduto un prodotto che l acquirente ha trovato difettoso. con mille scuse non fa il reso. vinted è un mese che non mi accredita quanto mi spetta e nel frattempo l acquirente ha messo in vendita i pezzi di ricambio che erano del prodotto che avevo venduto. scordatevi la tutela, non rispondono se non con il bot automatico senza prendere decisioni.",1,2026-05-16 19:27:20,0,it
ottima esperienza senza problemi di nessun tipo ne con azienda ne con clienti. 👍👍😘😘,5,2026-05-16 19:16:41,0,it
app fantastica,5,2026-05-16 19:07:20,0,it
ottimo sito,5,2026-05-16 18:50:21,0,it
tutto bene,5,2026-05-16 18:31:28,0,it
più tutela verso il venditore il resto tutto perfetto,3,2026-05-16 18:07:10,0,it
bellissimo perfetto,5,2026-05-16 18:02:35,0,it
app ottima per gli acquisti,5,2026-05-16 17:23:31,0,it
tutto perfetto come descritto top,5,2026-05-16 17:01:59,0,it
prima esperienza e valuto vinted molto bene e efficiente,5,2026-05-16 16:44:03,0,it
"mi hanno bloccato per presunto articolo contraffatto. dopo aver inviato prove di autenticità, l'assistenza non mi ha più ricontattato per più di 20 giorni, e sto ancora aspettando. blocchi senza motivo e assistenza priva di professionalità né stanno facendo una applicazione davvero da evitare. dispiace!",1,2026-05-16 16:35:12,0,it
"bene ma sarebbe molto utile, durante la ricerca, filtrare per provenienza del prodotto, in modo da preferire gli acquisti da venditori vicini, l'ambiente ringrazierebbe.",3,2026-05-16 16:33:59,1,it
bloccano annunci senza nessun mo tivo logico,1,2026-05-16 16:03:28,0,it
"ottimo servizio, molto pratico e semplice da usare",5,2026-05-16 15:55:46,0,it
"positiva,ma c'è da velocizzare il trasferimento dal conto vinted al conto corrente personale. poi tutto positivo.",4,2026-05-16 15:51:56,0,it
se non fosse che l'assistenza è impossibile da contattare meriterebbe 5 stelle,4,2026-05-16 15:50:08,0,it
troppo complicato contattare l'assistenza,1,2026-05-16 15:25:55,0,it
eccezionale,5,2026-05-16 15:12:41,0,it
mercatino delle pulci in cui vengono tutelati solo gli acquirenti,1,2026-05-16 14:54:58,0,it
perfetta come da foto e descrizione,5,2026-05-16 14:53:57,0,it
"troppe poche vendite,l' app non funziona per niente ,lo scorso anno andava meglio 😩",3,2026-05-16 14:38:47,1,it
eccezionale,5,2026-05-16 14:33:15,0,it
bellissima,5,2026-05-16 14:25:21,0,fi
persona molto gentile e veloce nella spedizione la consiglio,5,2026-05-16 14:22:09,0,it
ordine come da descrizione. tempi rapidi per la consegna e il ritiro. grazie,5,2026-05-16 14:16:45,0,it
troppa poca tutela per chi vende... gestione pessima dei resi,2,2026-05-16 13:58:43,0,it
"la sto usando da un po' e posso dire che mi trovo benissimo! sia negli acquisti che nelle vendite, mai avuto problemi! ottima app",5,2026-05-16 13:50:11,0,it
molto positiva,5,2026-05-16 13:42:59,0,it
"la gente ti offre na miseria e valutano le cose cifre spropositate, se nom ti rispondono alle offerte l'app se ne fotte, hai 10 gg per spedire un oggetto e ti sfrangiano le gonadi 3 volte al giorno finché non spedisci, poche regole e nessuna rispettata, meglio andare a seconda mano",1,2026-05-16 13:41:12,0,it
non esce più nelle ricerche ricorrenti i nuovi risultati che prima usciva con scrito +1 o +2 e cosi via molto utile che mi faceva capire quando veniva aggiunton un nuovo articolo a quella ricerca,1,2026-05-16 13:17:03,0,it
semplice e veloce,5,2026-05-16 13:07:32,0,it
"afffidabile,puntuale e corretta",5,2026-05-16 13:01:47,0,it
ottima app,5,2026-05-16 12:53:33,0,it
ottima venditore,5,2026-05-16 12:52:57,0,it
"perfetta, anche se ogni tanto ci sono dei problemi con le spedizioni",4,2026-05-16 12:34:27,0,it
ottimo sito per vendere ciò che non si utilizza...acquisto e vendo da anni.,5,2026-05-16 12:09:15,0,it
bellissima come in descrizione,5,2026-05-16 12:02:22,0,it
ottima app per vendere e fare acquisti,5,2026-05-16 12:02:19,0,it
si vende poco,2,2026-05-16 12:01:57,0,it
facile da usare e utilissima,5,2026-05-16 11:59:35,0,it
facile da consultare e al momento sicuro,4,2026-05-16 11:52:34,0,it
"tutto bene, pacchetto ben fatto, spedizione rapida. sono molto soddisfatta.",5,2026-05-16 11:50:31,0,it
"soddisfatta, articolo come descrizione. imballo perfetto, consegna velocissima. top",5,2026-05-16 11:24:16,0,it
molto ma molto efficienti.... complimenti!!!! seri e professionali anche nel risolvere le problematiche👏,5,2026-05-16 11:15:49,0,it
molto buona la signora mi ha mandato dei campioni bellissimi con una pochette graziosissima!!! grazie ancora!!!!,4,2026-05-16 11:07:38,0,it
"bellissima app la uso sempre l'unica cosa che cambierei vorrei che si potesse selezionare il paese di provenienza come filtro per la ricerca così so già più o meno quanto dovrò aggiungere in spese di spedizione. team di vinted, dai, ascoltate il mio suggerimento.",4,2026-05-16 11:07:28,0,it
un'app diventata indispensabile,5,2026-05-16 10:31:44,0,it
tutto perfetto,5,2026-05-16 10:25:25,0,it
tutto perfetto e consegna velocissima,5,2026-05-16 10:17:08,0,it
tutto bene,5,2026-05-16 10:04:08,0,it
"purtroppo da qualche giorno nell'elenco della funzione ""cerca"" non compare più il numero dei nuovi articoli caricati accanto alla voce salvata, mentre era una funzione molto comoda per capire se ci fossero aggiornamenti e nuovi articoli tra quelli che si ricercano con maggior frequenza. peccato!",3,2026-05-16 09:47:54,0,it
"la nuova versione usa un semplice pallino al posto del numero di nuovi risultati per le ricerche. la versione precedente era più informativa. sarebbe anche ora, dopo tante versioni, di dare notifiche per i nuovi risultati delle ricerche e non solo per messaggi/offerte e le fastidiose pubblicità ""vendi in questa categoria per guadagnare di più"".",4,2026-05-16 09:39:53,0,it
"a mio avviso era di gran lunga superiore la precedente grafica delle ricerche, ora la ricerca è peggiorata e si sono ridotte le opzioni",2,2026-05-16 09:35:44,0,it
non mi è stata data occasione di replica per l' account bloccato dopo un'annuncio di vendita pubblicata (occhiali da sole originali). zero serietà. app. sconsigliatissima. zero stelle,1,2026-05-16 09:33:39,0,it
tutto come indicato grazie mille,1,2026-05-16 09:30:12,0,it
non male come app..a mio avviso molti oggetti.. sono un po' deprezzati troppo.. l'app consiglia prezzi troppo bassi la gente li segue e di conseguenza... si abbassa il prezzo medio..ci sono cose che costano meno dell'imballaggio e spedizione e alcuni ti chiedono anche l'ho sconto di un euro su un oggetto da 3 che ne vale 10 ..😂,4,2026-05-16 09:25:20,0,it
tutto bene,5,2026-05-16 09:24:42,0,it
"da qualche giorno mi è sparito il numerino laterale alle mie ricerche che mi indica se sono stati caricati nuovi prodotti. ho provato a fare log out, a disinstallare e reinstallare, ma niente. nelle impostazioni non c'è nessun modo per farli tornare, come posso fare?",3,2026-05-16 09:14:21,0,it
quando cerchi un articolo solo dopo qualche giorno inizia l algoritmo a fare arrivare i risultati.,2,2026-05-16 08:26:57,0,it
"ma non ci sono più le notifiche per le singole ricerche, così diventa difficile vedere e sapere se ci sono articoli nuovi quando si cerca un prodotto",1,2026-05-16 08:18:10,0,it
app intuitiva.,5,2026-05-16 07:08:48,0,it
"continuerò a lasciare una stella fino a quando l'algoritmo continuerà a suggerirmi senza alcun motivo, articoli che non mi interessano e che non ho mai cercato.",4,2026-05-16 01:39:41,0,it
negativa ho dovuto comprare tre scrivanie per averne una la meno utilizzabile e un porta cialde che ha spazi piccoli per contenere le cialde.,2,2026-05-16 01:26:18,0,it
"ma che sta passando vinted??? 5 euro di spedizione manco a domicilio per un articolo da 3 euro??? ma voi siete pazzi, e io non prendo nulla",2,2026-05-16 00:25:39,0,it
grandi affari a prezzi incredibili !,5,2026-05-16 00:24:45,0,it
tutto bene perfetto,5,2026-05-16 00:24:11,0,it
tutto ok come da descrizione,5,2026-05-16 00:09:53,0,it
"app utilissima. bisogna comunque entrare nel meccanismo sia che tu acquista, sia che tu venda.",5,2026-05-16 00:09:31,0,it
"mi hanno perso il pacco e non mi hanno reso i soldi, pessima assistenza",1,2026-05-16 00:08:03,0,it
è un ottima applicazione facile da usare. da migliorare il supporto in caso di problemi.,4,2026-05-16 00:07:38,0,it
"finita per vinted , non ricevo più offerte da molto tempo. una volta era buono ora bo...",1,2026-05-15 23:25:29,10,it
"pessima.si blocca, funziona male e crea rallentamento.",1,2026-05-15 22:54:37,0,it
un po' troppo restrittiva,4,2026-05-15 22:51:42,0,it
"dopo l ultimo aggiornamento non vedo più nella lista delle cose che cerco quante inserzioni sono state caricate dal mio ultimo accesso. quindi meglio prima, risolvere subito ragazzi",1,2026-05-15 22:45:49,1,it
tutto apposto consiglio,5,2026-05-15 22:01:36,0,it
"si sono sbagliati credendo volessi vendere gli articoli al l'ingrosso quando in realtà i prodotti nei set erano uguali a quelli nei prodotti singoli in modo che chi avesse voluto acquistare solo quel determinato pacchetto non avrebbe dovuto selezionare l'intero set e non avrebbe costretto me a smontare il set e riallestirlo , i mazzi di carte che si ripetono 2 volte sono quello rosa con disegnata la ragazza rosa sakura e quello blu di boruto . quindi per favore sbloccatemi gli articoli ?",2,2026-05-15 21:52:22,0,it
funzionale,5,2026-05-15 21:32:35,0,it
"ridare vita ad abiti che non indossi più, qualcun altro li sfoggerà e tu potrai fare lo stesso con abiti appartenuti ad altri...ottima app funzionale e sicura",5,2026-05-15 21:30:46,0,it
mi hanno bloccato l'account perché dicevano che un mio articolo era contraffatto quando è originale. non installate quest'app,1,2026-05-15 21:24:46,0,it
tutto eccellente ma l'assistenza in caso di acquisto di merce contrafatta è ridicola. per il resto funziona bene,2,2026-05-15 21:19:45,0,it
sempre al top,5,2026-05-15 21:11:49,0,it
"buongiorno, ho un problema con le ricerche, non mi segnala più le novità appena caricate, ho anche disinstallato l'app e reinstallata e ancora non mi segnala nulla, ovviamente ho verificato presenza di nuove inserzione, cosa posso fare per risolvere il problema?",4,2026-05-15 20:54:06,0,it
peccato che abbiamo a disposizione solo 5 stelle!!!ne avrei dato 20000!!!!🤩🤩🤩... eccellente... venditore top!!!e prodotto spettacolare 😍,5,2026-05-15 20:50:31,0,it
avevo parecchi libri in ottimo stato che non avrei più letto. ne ho venduti già 4 in una settimana. intuitiva pratica efficace e sicura. top,5,2026-05-15 20:49:47,0,it
bella!!! però è mejo 'a serpentara!!!,5,2026-05-15 20:29:10,0,ca
"ottima per vendere,ma se la spedizione non arriva a destinazione non incassi e perdi il pacco (corriere brt) a me personalmente già è successo due volte.",2,2026-05-15 20:21:54,0,it
"molto pratica, facile, veloce",5,2026-05-15 20:18:57,0,it
bellissima,5,2026-05-15 20:10:38,0,fi
ottimo venditore preciso e puntuale,5,2026-05-15 20:05:23,0,it
"sono veramente contento. app seria, tantissimi oggetti molto convenienti. solo una cosa, non so se è solo nella mia zona: ci sono momenti in cui i server sono inattivi, e non posso entrarvi. a parte questo piccolo inconveniente, che ogni tanto si verifica, l'esperienza è molto positiva",5,2026-05-15 19:56:05,0,it
ottima app,5,2026-05-15 19:45:11,0,it
mi trovi molto bene,5,2026-05-15 19:43:40,0,it
"ottima app, perfetta per vendere e comparare , lo consiglio",5,2026-05-15 19:42:33,0,it
bravissima e gentilissima profumata,5,2026-05-15 19:26:40,0,it
"sempre positiva, fortunatamente ho incontrato persone precise e corrette",5,2026-05-15 19:23:28,0,it
"bello dare nuova vita ai nostri amati abiti e libri, ho avuuto modo di incontrare un sacco di persone eccezionali 🙏",5,2026-05-15 19:22:02,0,it
"intuitiva, facile nell'utilizzo e molto pratica nella spedizione e ricezione dei pacchi",5,2026-05-15 19:10:38,0,it
veloce ed efficiente,5,2026-05-15 18:56:20,0,it
ottima app di vendita,5,2026-05-15 18:55:27,0,it
ottima piattaforma.,5,2026-05-15 18:49:51,0,it
"tutto okay, gestione facile e veloce delle inserzioni",5,2026-05-15 18:47:12,0,it
"l'app di per sé nasce con l'intento di riciclare ciò che è buono ma non si utilizza più guadagnando qualcosa. il problema sono le persone poco oneste, truffe e tempi biblici e poco chiari sulle spedizioni.",3,2026-05-15 18:46:25,0,it
tutto bene,5,2026-05-15 18:33:18,0,it
non vendete oggetti di valore! mi hanno bloccato l'account dopo aver venduto una ps5. venduta e controllata da vinted stesso (ho la mail che certifica che la console era stata controllata dal loro reparto e che era tutto ok). dopo averla smarrita nella spedizione dal loro centro all'acquirente sono stato bloccato per motivi sconosciuti. ho fatto ricorso ma non ne vogliono sapere. p.s. ero un cliente da 5 stelle con recensioni positive..diversi utenti hanno avuto lo stesso problema. vergogna!,1,2026-05-15 18:30:47,4,it
"molto buona per la vendita ma scomoda per gli acquisti. sarebbe bello poter pagare anche con satispay o paypal, non tutti hanno la carta di credito",3,2026-05-15 18:30:13,0,it
tappeto bellissimo!!superiore alle aspettative,5,2026-05-15 18:24:42,0,it
tutto molto bello,5,2026-05-15 18:23:44,0,it
la taglia era molto più grande di quella dichiarata,3,2026-05-15 18:05:56,0,it
assistenza inadeguata,1,2026-05-15 17:56:20,0,it
signora molto disponibile e veloce nell' invio...ottimo prodotto!!! grazie,5,2026-05-15 17:53:23,0,it
intuitiva sicura e con tanta scelta!,5,2026-05-15 17:48:10,0,it
"sconsiglio come app per chi compra ,ce poca tutela per chi acquista ,ho perso i miei soldi per 3 volte limitandosi a dire che non c erano abbastanza prove oppure non ti rispondono propio 0✨️",1,2026-05-15 17:46:52,0,it
"tutto perfetto! articolo corrispondente alla descrizione. venditrice gentile, rapida ed accurata nella spedizione. consigliatissima!",5,2026-05-15 17:40:48,0,it
la migliore per parametri di ricerca,5,2026-05-15 17:35:04,0,it
"semplice intuitiva, peccato per l'assistenza pessima",4,2026-05-15 17:21:51,0,it
un po' confusionari i metodi e le spese di spedizione,4,2026-05-15 17:12:15,0,it
regole chiare e attendibili transazioni sicure,5,2026-05-15 17:08:16,0,it
"l'enorme fama e ampliamento della platea di venditori e acquirenti ha peggiorato le prestazioni e determinato una fortissima spinta a ribassi eccessivi dei prezzi. rimane comunque un app molto valida anche per l'assenza di commissioni a carico dei venditori. aggiunta anno 2026: l'aumento di truffe e disservizi nella spedizione rende necessario migliorare l'assistenza ai clienti, che ora è affidata quasi totalmente a bot e richiede sforzi e pazienza infiniti",4,2026-05-15 17:03:38,0,it
eccellente.... compro roba di marca in ottime condizioni a poco prezzo.... ho iniziato con delle scarpe... poi jean ... costume.... tutto fantastico!!,5,2026-05-15 16:54:50,0,it
bella e veloce.,5,2026-05-15 16:46:25,0,it
ottima app fatta bene,5,2026-05-15 16:46:15,0,it
ottimo servizio,5,2026-05-15 16:38:10,0,it
molto bella,5,2026-05-15 16:33:13,0,it
ottima ormai ci passo molto tempo,5,2026-05-15 16:25:07,0,it
tutto come descritto!,5,2026-05-15 16:15:02,0,it
pieno di botte e rivenditori,1,2026-05-15 15:37:19,0,it
ordini puntuali e sempre corrispondenti alle immagini.,5,2026-05-15 15:24:35,0,it
ottima app,5,2026-05-15 15:20:36,0,it
tutto ottimo,5,2026-05-15 15:07:25,0,it
ottimo sito sono molto soddisfatto,5,2026-05-15 15:06:54,0,it
non arrivano le notifiche per i nuovi articoli nella lista delle ricerche salvate + è sparito il numero con il contatore dei nuovi articoli aggiunti di recente nella lista delle ricerche salvate. versione app android 26.18.1,1,2026-05-15 15:06:18,0,it
tutto bene,5,2026-05-15 14:42:22,0,it
ottima esperienza l oggetto acquistato è perfetto grazie,5,2026-05-15 14:10:29,0,it
tutto perfetto la consiglio a tutti e disponibile alla chat tutto stupendo grazie mille,5,2026-05-15 14:10:13,0,it
"ottimi affari, molto affidabile",5,2026-05-15 14:06:28,0,it
top e sicuro appena fatto un acquisto e come ho visto in foto sono arrivate complimenti 👍,5,2026-05-15 14:02:46,0,it
per il momento al primo acquisto tutto preciso,5,2026-05-15 13:51:49,0,it
eccezionale e puntuali e corettissimi molto soddisfatta,5,2026-05-15 13:36:18,0,it
molto positiva!,5,2026-05-15 13:31:54,0,it
molto utile,5,2026-05-15 13:29:54,0,it
"la uso spesso, trovo ottimi affari",5,2026-05-15 13:27:05,0,it
al primo problema ti bloccano inventandosi cose assurde....non puoi interagire con persone reali per avere dei chiarimenti....ti oscurano i prodotti in vendita senza un senso e poi vedi gente che vende di tutto.....🤮,1,2026-05-15 13:25:11,0,it
"servizio molto utile e app semplice, precisa e ben strutturata",5,2026-05-15 13:22:41,0,it
"fantastico, grazie per chi a pensato e ha creato questo app.",5,2026-05-15 13:12:57,0,it
molto buona mi sembra,5,2026-05-15 13:10:35,0,it
esperienza ottima,5,2026-05-15 13:05:34,0,it
venditore preciso e velocissimo nella spedizione.. grazie,5,2026-05-15 13:04:24,0,it
la persona che mi ha venduto è ottima e gentile. il servizio postale non ha funzionato e la venditrice ha dovuto reinoltrare il set.,4,2026-05-15 13:03:00,0,it
spese di spedizione care,4,2026-05-15 12:59:37,0,it
"piattaforma terribile, territorio fertile per truffatori. zero controlli sulle spedizioni, protezione acquisti che si dimentica del venditore e segnalazioni che non vanno mai a buon fine per via dell'incompetenza dei presunti controllori. dovete migliorare il servizio clienti e l'interfaccia con l'utente, il vostro supporto è ridicolo e inefficace.",1,2026-05-15 12:37:51,0,it
"2 euro di articolo, 7 euro di spedizione. un po' ridicolo. spedizioni troppo alte, rendono la compravendita veramente frustrante",2,2026-05-15 12:34:50,0,it
fantastico,5,2026-05-15 12:29:45,0,it
ottima per vendere ed acquistare a prezzi super,5,2026-05-15 12:25:40,0,it
"puoi trovare buoni affari e tutto procede regolare. ma al primo intoppo sei lasciato da solo, senza ottenere nessuna risposta o supporto se non da un bot che ripete sempre le stesse cose. ho venduto un articolo, spedito e credito in sospeso come da prassi; dopo 5 giorni rimborsano il credito all'acquirente lo stesso giorno che ha ritirato il mio articolo. da allora tutto tace e io ho perso soldi e articolo.",1,2026-05-15 12:24:09,2,it
"purtroppo dopo 2 volte che vinted non tutela il venditore devo dire che mi ha deluso molto. 2 volte di fila succede la stessa cosa, vendo il corriere rovina il pacco, vinted dice che l'errore è mio per un imballaggio non adeguato.(imballaggio conforme ad ogni standard per trasporto vetri). viene risarcito l'acquirente io no e perdo pure il pacco perché l'acquirente non risponde più",1,2026-05-15 12:22:16,0,it
ottima app. trovi tutto.😉,5,2026-05-15 12:19:16,0,it
tutto a posto è bellissimo,5,2026-05-15 12:14:03,0,it
"tutto a posto, soddisfatta",4,2026-05-15 12:11:17,0,it
bellissimo libro come in foto,5,2026-05-15 12:06:22,0,it
l ho scaricata per la prima volta ma dice che il mio account è bloccato perché violava i termini di condizioni! ma non l ho mai usato ripeto l ho scaricato per la prima volta! potete aiutarmi? come faccio a sbloccare?,1,2026-05-15 11:53:17,0,it
molto positiva. venditrice disponibilissima e precisa.,5,2026-05-15 11:52:39,0,it
"molti venditori non rispettano le regole della piattaforma, pertanto è importante fare attenzione alle potenziali truffe.",3,2026-05-15 11:45:01,0,it
tt perfetto,5,2026-05-15 11:42:35,0,no
app pratica e intuitiva veloce per inserire gli annunci,5,2026-05-15 10:56:30,0,it
fantastica!,5,2026-05-15 10:54:08,0,it
ottima app funziona benissimo,5,2026-05-15 10:53:44,0,it
possibile che fate sempre modifiche peggiorando la situazione.,4,2026-05-15 10:20:31,0,it
laura è stata precisa e puntuale. consegna in tempi ristretti. prodotto in ottime condizioni e imballato alla perfezione.,5,2026-05-15 10:13:13,0,it
spedizione veloce ..ottimo acquisto!!,5,2026-05-15 09:44:54,0,it
"app comoda intuitiva, buona anche come prezzo",5,2026-05-15 09:01:12,0,it
"venditore disponibile e gentile, consigliato.",5,2026-05-15 07:48:21,0,it
"sconsigliatissimo per quanto riguarda l'assistenza, mi hanno fatto fare un reso, perché il venditore non ha emesso l'etichetta per richiedere gli articoli,ma nonostante abbia seguito le loro indicazioni, ho gli screenshot delle varie chat intercorse, non mi hanno fatto il rimborso, adducendo come scusa che il sistema non riconosce il mio reso, ho speso € 25.80 in posta, con tanto di ricevuta di tracciamento,oltre il danno anche la beffa,fate attenzione,peccato non si possano lasciare 0 stelle",1,2026-05-15 07:43:59,1,it
ottim venditore,5,2026-05-15 07:21:13,0,it
"adoro vinted perché ci aiuta ad evitare sprechi e rifiuti di vestiario ed altri oggetti. lo utilizzo sia per vendere ciò che non utilizzo più sia per acquistare e trovo quasi sempre ciò che cerco, in ottime condizioni e a prezzi molto molto convenienti. inoltre l'applicazione è davvero facile e veloce da utilizzare. ti guida passo passo! la consiglio veramente a tutti",5,2026-05-15 07:13:50,1,it
"impossible comunicare con qualcuno hanno eliminato un mio giacca originale, ho dato le prove e ancora niente, caricano 5 euro di spedizione senza avviso",1,2026-05-15 07:03:41,0,it
ottima app,5,2026-05-15 06:53:48,0,it
adoro vendere e comprare su vinted. io compro solo gli articoli della sezione nuovo con cartellino o senza.,5,2026-05-15 06:31:28,0,it
app affidabile al cento per cento,5,2026-05-15 04:32:23,0,it
prodotto corrispondente a quello che stato indicato e spedizione veloce grazie,5,2026-05-14 23:58:36,0,it
uso semplice e intuitivo avvisi puntuali ottimo servizio,5,2026-05-14 23:46:06,0,it
ottima applicazione,5,2026-05-14 23:16:10,0,it
ottima esperienza,5,2026-05-14 22:59:19,0,it
buona davvero,4,2026-05-14 22:30:12,0,it
tutto ok...,5,2026-05-14 22:28:50,0,fi
"non conosco come mai ogni tanto mettono qualche funzione molto utile e funzionale e dopo poco viene tolta. per esempio le novità sulle ricerche salvate o la ricerca tra i preferiti. app di vendita usato migliore tra tutte, meglio di wallapop, subito... ormai la uso abitualmente per fare acquisti e vendere oggetti. mai avuto problemi e se avuti risolti in pochissimo tempo grazie all'efficiente assistenza e sito automatico per segnalare problemi.",1,2026-05-14 21:46:57,0,it
acquirenti serie e puntuali nei pagamenti.,5,2026-05-14 21:40:23,0,it
ottima app semplice ed intuitiva.,5,2026-05-14 21:28:02,0,it
"l'app funziona bene, è intuitiva e vanta un bacino d'utenza molto ampio. la uso da diversi anni e ho centinaia di feedback, tutti a 5 stelle. il problema è l’assistenza: non riesci a parlare con una persona e tutela sempre l’acquirente a discapito del venditore, anche a fronte di prove fotografiche e video. fate attenzione, quindi, a vendere articoli di valore.",2,2026-05-14 20:57:29,0,it
"mi piace acquistare su vinted, ci sono anche venditori corretti. la spedizione ef il tracciamento deve molto migliorare. con l'app mi trovo bene",3,2026-05-14 20:47:44,0,it
tutto apposto,4,2026-05-14 20:38:36,0,it
"l'app è fatta bene, semplice, intuitiva e con un algoritmo che funziona benissimo. la uso spessissimo ma il problema grosso sono le consegne con poste italiane. una piattaforma di questo livello non può continuare ad appoggiarsi alle poste che non rispettano le consegne, a discapito degli acquirenti ma soprattutto dei venditori che non ricevono il compenso nonostante l'articolo sia stato spedito e vaga per l'italia senza una apparente metà. vinted imploderà se non cambia partner.",1,2026-05-14 20:38:05,1,it
ultimamente sono poco seri,3,2026-05-14 20:36:38,0,it
sono molto contenta del mio acquisto.,5,2026-05-14 20:34:41,0,it
esperienza top,5,2026-05-14 20:34:19,0,es
ottima app,5,2026-05-14 20:16:47,0,it
"consigliatissima, bellissima app",5,2026-05-14 20:15:46,0,it
rapida intuitiva e divertente,5,2026-05-14 20:14:55,0,it
ottima esperienza,5,2026-05-14 20:07:15,0,it
come da descrizione ottimo,5,2026-05-14 20:04:07,0,it
"vinted , grazie di esistere ❤️ riusciamo a dare una vita a tante cose 😍",5,2026-05-14 20:00:22,0,it
"troppo forte, veloce, seri, sicura e trovi tranquillamente tutto bravi ben fatto",5,2026-05-14 19:58:14,0,it
si compra bene ma se hai dei problemi c è poca tutela su chi compra..,2,2026-05-14 19:57:09,0,it
"il concetto in se è buono ma non funziona, le spedizioni sono veramente troppo alte e sproporzionate, se pago una cosa di 40€ capisco aggiungerne 4 ma non è accettabile che se voglio comprare un capo da 1,50€ finisco per pagarlo 7€. è vergognoso. i prezzi della spedizione dovrebbero essere eproporzionati a ciò che si acquista, calcolando che non ti arriva nemmeno a casa. sono veramente delusa da questa cosa, prima fare acquisti era piacevole, ora che la spedizione è così alta non compro mai null",1,2026-05-14 19:29:24,0,it
mi hanno bloccato per uno sbaglio... però ho comperato una borsa falsa spacciata x vera e non hanno fatto nulla!! in vendita ci sono tanti articoli contraffatti,1,2026-05-14 19:27:23,0,it
semplice da utilizzare e precisa nel monitorare ordini. consiglio vivamente,5,2026-05-14 19:25:30,0,it
ottima applicazione,5,2026-05-14 19:14:35,0,it
ottima prima esperienza,5,2026-05-14 19:04:31,0,it
todo ha sido perfecto 💯,5,2026-05-14 18:57:06,0,pt
"assistenza pietosa, ho venduto una carta pokemon, imballata correttamente, in cover protettiva di plastica rigida. l'acquirente all'arrivo del pacco sostiene che la carta non c'è e vinted gli rimborsa i soldi e da tutta la colpa a me. ho contattato il servizio clienti per capire su che base la colpa era mia e nessuno mi ha saputo dare risposta. veramente vergognoso",1,2026-05-14 18:43:18,0,it
"bellissima,ma secondo me sarebbe bene mettere almeno la nazione di vendita. mi trovi spesso annunci francesi e/o tedeschi",5,2026-05-14 18:34:08,0,it
perfettamente funzionante.,5,2026-05-14 18:18:35,0,it
"molto utile, unica pecca non poter mettere il filtro per nazione",4,2026-05-14 17:54:40,0,it
completa al momento,5,2026-05-14 17:46:06,0,it
"finora mi sono trovata bene con gli acquisti, sempre tutto perfetto e sicuro.",5,2026-05-14 17:36:53,0,it
semplice e veloce 🤩,5,2026-05-14 17:36:28,0,it
"libro come nuovo, ottimo grazie",5,2026-05-14 17:32:54,0,it
tutto perfetto,5,2026-05-14 17:30:31,0,it
grazie 😊 tutto bene,5,2026-05-14 17:10:50,0,it
va bene... scusi se non sono stata immediata ma volevo prima provare che fosse tutto ok sono tornata ora dal lavoro,5,2026-05-14 17:08:11,0,it
oggetto perfetto ottimo venditore,5,2026-05-14 16:59:31,0,it
"app fantastica per vendere e comprare si possono fare un sacco di affari peccato che se hai un problema con l'articolo paghi tu la spedizione e deve comunque un po deciderlo il venditore se non contatti vinted riguardo al rimborso e in più ci sono vari truffatori sulla piattaforma, ma apparte questi problemi anche se nel vendere si perde un po' di valore su questa piattaforma uso praticamente sempre questa e nel comprare ancora dipende da cosa è e anche il costo su altri siti, app fantastica",4,2026-05-14 16:58:14,0,it
ottima app per compravendita,5,2026-05-14 16:54:01,0,it
2 resi su 3 non mi sono stati restituiti né rimborsati.,1,2026-05-14 16:52:48,0,it
"tutto a posto, come nella foto!",5,2026-05-14 16:44:47,0,it
fantastico,5,2026-05-14 16:31:29,0,it
il sevizio cliente é terribile.,1,2026-05-14 16:27:00,0,it
ottima esperienza con un venditore preciso nella spedizione e articolo,5,2026-05-14 15:54:03,0,it
pieno di truffatori evitate danno sempre ragione al cliente anche se il cliente può truffare dicendo che l'oggetto venduto è fake. modifico dicendo che comunque per comprare vintage è un ottima app,4,2026-05-14 15:41:40,4,it
semplice ed intuitiva,5,2026-05-14 15:34:43,0,it
"sper di trovarmi benissimo come questa volta, grazie.",5,2026-05-14 15:30:13,0,it
buona esperienza è andato tutto bene,5,2026-05-14 15:20:14,0,it
"sarebbe un'app davvero carina e comoda, facile da usare, se non fosse che a volte l'assistenza pecca un po' e se ne approfitta. auguratevi di non avere mai problemi con ciò che vendete/comprate, perché il costo in più che si paga per avere un' assicurazione non serve a nulla. se i danni li fa il corriere ci rimettono tutti tranne che lui e intanto vinted incassa la sua cifra. un vero peccato!",2,2026-05-14 14:50:28,0,it
facile e intuitiva,5,2026-05-14 14:37:55,0,it
"mi dispiace per le 3 stelle, è ottima come applicazione in sé,ma ho avuto problemi per colpa di vinted e sono stati attribuiti a me... ogni tanto non funziona e se succede qualcosa in questi casi carica due volte lo stesso articolo intestando a te la colpa e segnalandoti rimuovendo poi l'articolo",3,2026-05-14 14:37:38,0,it
"per carità.. vinted pessime esperienze. ho fatto un acquisto che non mi è mai stato consegnato, è tornato indietro al mittente e i soldi li hanno comunque dati al venditore, quindi io mi ritrovo senza pacco e senza soldi. vinted = truffa. lasciate perdere questa piattaforma 👎🏻👎🏻👎🏻👎🏻👎🏻",1,2026-05-14 14:33:41,0,it
"ottima applicazione, molto utile per il riuso e riciclo delle cose,facile da caricare articoli e facile da transazionare.",5,2026-05-14 14:11:34,0,it
finora tutto ok,5,2026-05-14 14:10:27,0,it
"tutto perfetto, come da descrizione. consigliato.",5,2026-05-14 14:08:39,0,it
ottima app per fare soldi,5,2026-05-14 14:08:25,0,it
bellissima 🌹,5,2026-05-14 14:03:04,0,fi
"volevo acquistare un bimby con accessori: molte traversie per il venditore che a causa malfunzionamento dell'app non poteva stampare l'etichetta. ordine annullato d'ufficio. aspetto il rimborso e ripeto l'ordine. vinted ci comunica le date di consegna, ma il corriere passa 3 giorni prima (unico giorno che eravamo via) vinted comunica che il pacco è stato ritornato al mittente. non era vero: dopo due giorni torna il corriere: ritiro ma il bimby non c'è. aspetto l'assistenza. niente da 3 giorni.",1,2026-05-14 14:01:18,0,it
"articolo come da descrizione ,ottimo venditore",5,2026-05-14 13:51:46,0,it
tutto perfetto,5,2026-05-14 13:49:10,0,it
tutto perfetto grazie,5,2026-05-14 13:32:40,0,it
esperienza personale pessima sulle questioni di aiuto,1,2026-05-14 13:26:10,0,it
"assistenza clienti mediocre , poco intuitiva , lacunosa e se si tratta di restituzioni pacchi ci vogliono mesi !",2,2026-05-14 13:22:11,0,it
articolo perfettamente compatibile con la descrizione e anche di più ❤️ venditrice super gentile,5,2026-05-14 12:48:39,0,it
sempre super,5,2026-05-14 12:48:06,0,it
chi non ritira non viene penalizzato da vinted,2,2026-05-14 12:38:30,2,it
ottima app,5,2026-05-14 12:28:56,0,it
si svalutano troppo i vestiti,4,2026-05-14 12:19:26,0,it
ottima app,5,2026-05-14 12:14:52,0,it
fin qui tutto bene,5,2026-05-14 12:07:23,0,it
gentile e affidabile,5,2026-05-14 12:01:02,0,it
"non si vedono più le nuove pubblicazioni nelle ricerche salvate e questo complica il vedere quando sono stati pubblicati capi nuovi, molto scomodo",2,2026-05-14 11:53:35,0,it
"bene ,anche se appena ricevi un minimo di critica ti abbassano la valutazione, poi ci vogliono mesi prima di ritornare al valore di serietà. prima bisognerebbe capire cosa sia successo,per poi giudicare. nel complesso sono però soddisfatta",4,2026-05-14 11:43:02,0,it
la miglior app dove comprare occasioni e rivendere,5,2026-05-14 11:42:54,0,it
bella piattaforma di compravendita,5,2026-05-14 11:40:57,0,it
positivissima,5,2026-05-14 11:20:29,0,fi
"ottima esperienza, applicazione di facile utilizzo e precisa",5,2026-05-14 11:10:23,0,it
è un vangelo bellissimo e molto raffinato grazie,5,2026-05-14 11:06:39,0,it
prodotto ottimo e spedizione veloce,5,2026-05-14 11:05:06,0,it
servizio ottimo tutto chiaro e dettagliato da consigliare,5,2026-05-14 10:25:36,0,it
ottima. venditore più che raccomandabile,5,2026-05-14 10:06:38,0,it
fantastica,5,2026-05-14 10:01:03,0,it
ottima piattaforma per svuotare armadi di cose non usate. riciclare è ecologico.,5,2026-05-14 09:56:49,0,it
"quando il venditore ha torto, la spesa del reso è a carico dell'acquirente. gestione delle spedizioni pessima. interfaccia e funzionalità migliorabili.",1,2026-05-14 09:40:56,0,it
davvero divertente ♥️,5,2026-05-14 09:19:18,0,it
"le nuove modifiche alle ricerche salvate hanno rimosso il numero di oggetti nuovi caricati nella categoria e inoltre hanno reso più difficile la comprensione generale delle suddette creando un risultato confusionario, molto male...",1,2026-05-14 09:15:31,0,it
"servizio clienti molto cattivo,ogni uno fa come non se giustizia,non se posso chiedere niente giuridica, totalmente brutto",1,2026-05-14 09:08:00,0,it
app di facile utilizzo,5,2026-05-14 09:00:37,0,it
esperienza buona,4,2026-05-14 08:18:34,0,es
articoli interessanti presi in sicurezza bene mi piace 💯,5,2026-05-14 07:35:57,0,it
ottima ed affidabile,5,2026-05-14 07:14:32,0,it
si paga per una protezione acquisti che non ti protegge,1,2026-05-14 06:37:17,0,it
ottima app,5,2026-05-14 00:18:54,0,it
ottima idea per dare una occasione hai capi nuovo o di seconda mano,5,2026-05-14 00:15:17,0,it
"assistenza vergognosa. pacchi persi e rimborsi negati. ti obbligano ad aspettare 25 giorni, poi ne aggiungono altri 35 per ""indagini"". due mesi di attesa per un loro errore! intanto utenti comprano e non ritirano restando completamente impuniti. tutelano i furbi e se ne fregano degli onesti. statene alla larga, servizio penoso e supporto inesistente. una stella è pure troppo!",1,2026-05-14 00:11:02,2,it
app fatta molto bene. la uso da anni.,5,2026-05-14 00:06:45,0,it
"ho ricevuto l articolo e sono rimasta contentissima dell acquisto che ho fatto, x come mi è arrivato .",5,2026-05-13 23:05:11,0,it
ottimo servizio,5,2026-05-13 22:19:36,0,it
miglior app di vendita. personalmente sempre trovato benissimo.,5,2026-05-13 22:16:10,0,it
tutto perfetto,5,2026-05-13 21:59:00,0,it
"dato che il venditore può sempre scegliere se accettare il reso e se pagare le spese di reso o lasciarle a carico dell'acquirente, recentemente si è riempito di utenti che vendono indumenti macchiati o strappati e quando il pacco arriva rifiutano di pagare le spese di reso (a volte quasi care quanto l'oggetto in questione). in questo modo o si finisce per tenersi l'articolo, oppure lo si rimanda indietro a proprie spese così che il venditore possa rimettere in atto la truffa",1,2026-05-13 21:47:51,0,it
facile divertente e utile .,4,2026-05-13 21:45:16,0,it
miglior sito di vendita e acquisto,5,2026-05-13 21:44:59,0,it
ottima esperienza,5,2026-05-13 21:19:07,0,it
ottimo vinted,5,2026-05-13 21:18:25,0,it
ottimo il sistema di tutela di vinted. e fatti un bel po' affari 👍🏻,5,2026-05-13 21:05:23,0,it
"da pochi giorni mi sono registrato e venduto dell'abbigliamento, mi sembra tutto ok",5,2026-05-13 20:54:27,0,it
top ! eccellente 🤩,5,2026-05-13 20:50:12,0,it
tutto ottimo,5,2026-05-13 20:44:04,0,it
funziona benissimo,5,2026-05-13 20:42:49,0,it
ottima esperienza,5,2026-05-13 20:30:37,0,it
assistenza clienti pessima,1,2026-05-13 20:21:30,0,it
ottima esperienza ☺️👍,5,2026-05-13 20:16:12,0,it
"ottima venditrice, veloce e precisa nella spedizione. il caftano veste veramente molto molto grande, io che non sono alta e di medie dimensioni un po' troppo abbondante. capo però in perfette condizioni",5,2026-05-13 20:04:46,0,it
mi hanno permanentemente chiuso l'account perché dicono che faccio vendite commerciali come se fossi un'azienda🤦‍♂️,1,2026-05-13 19:50:36,0,it
"articolo come da descrizione, astuccio integro, pacco perfetto.",5,2026-05-13 19:35:31,0,it
"ottima esperienza, é andato tutto bene e l'articolo è arrivato in tempi molto brevi",5,2026-05-13 19:33:25,0,it
"a parte scaricare l'app e immettere il nome non ho fatto nulla, appena ho confermato la mia identità con il codice che arriva via mail il mio account è stato bloccato, non ho fatto letteralmente nulla, chiedo un intervento, nessuno mi calcola risposta automatica che mi dice che il mio profilo rimarrà bloccato, pessimo, pessimo, pessimo.",1,2026-05-13 19:33:06,0,it
ci mette tantissimo a trasferire i soldi sul conto,1,2026-05-13 19:32:51,0,it
bene solo sugli acquisti,4,2026-05-13 19:21:42,0,it
"ottimo , ben organizzato e serio",5,2026-05-13 19:18:21,0,it
"con l'ultimo aggiornamento hanno tolto la possibilità di guardare nella lista delle ultime ricerche se ci sono nuovi annunci. prima compariva accanto all'articolo ricercato il numero di nuovi annunci, adesso bisogna riaprirli singolarmente per vedere se c'è ne sono di nuovi.",1,2026-05-13 19:13:41,1,it
bellissimo grazie,5,2026-05-13 19:08:53,0,it
ottimo perfetto.,5,2026-05-13 18:59:44,0,it
seria e veloce,5,2026-05-13 18:52:59,0,pt
troppo cara la spedizione,2,2026-05-13 18:49:15,0,it
davvero una bella app,5,2026-05-13 18:42:32,0,it
tutto perfetto,5,2026-05-13 18:41:33,0,it
"ottima app ,ma tutela solo l'acquirente.se un venditore spedisce un oggetto sano e il corriere lo danneggia, l'acquirente riceve il rimborso facendo il reso e al venditore gli rimane l'oggetto danneggiato e il corriere rimane impunito.",1,2026-05-13 18:17:58,0,it
funziona molto bene,5,2026-05-13 18:16:41,0,it
perfetto grazie,5,2026-05-13 18:12:12,0,it
ultimamente il servizio assistenza clienti è meglio lato migliorato,5,2026-05-13 18:12:06,2,it
tutto bene consegna veloce,5,2026-05-13 18:04:27,0,it
buona esperienza,5,2026-05-13 17:31:30,0,es
preciso nella vendita e consegna,4,2026-05-13 17:28:39,0,it
"da quando conosco vinted sto acquistando parecchie cose. è un grande aiuto, si sceglie ed anche si risparmia tanto.",5,2026-05-13 17:25:37,0,it
ottima esperienza sino adesso grazie,5,2026-05-13 17:16:55,0,it
incredibile esperienza,5,2026-05-13 17:16:49,0,it
sarebbe un'app perfetta ma il servizio clienti è inesistente. scrive: tempo di risposta 48 ore. sono passati 10 giorni e non ho ancora ricevuto assistenza.paghiamo la commissione per la protezione acquisti ad ogni ordine e comunque non riceviamo assistenza. peccato,2,2026-05-13 17:11:13,0,it
"nel complesso una buona app. ma deve migliorare il supporto clienti, e maggiori controlli sugli annunci truffaldini",3,2026-05-13 17:09:11,0,it
"per le spedizioni purtroppo si appoggiano a poste italiane, quindi tempi lunghi e ogni tanto si perde qualcosa. per il resto tutto ok.",3,2026-05-13 17:01:47,0,it
customer care davvero molto scarsa,1,2026-05-13 16:47:46,0,it
sito ottimo,5,2026-05-13 16:35:02,0,it
poca visibilità gratuita,4,2026-05-13 16:30:07,0,it
finora avuto solo esperienze buone,5,2026-05-13 16:17:49,0,it
borsa bellissima ❤️ grazie,5,2026-05-13 15:58:15,0,it
troppi soldi di commissione,1,2026-05-13 15:46:17,0,it
"terribile, l'unica cosa che fanno è l'assistenza ed è tutta tramite ai, sembra di parlare solo con robot",1,2026-05-13 15:43:59,0,it
tutto perfetto,5,2026-05-13 15:41:56,0,it
ottima esperienza,4,2026-05-13 15:40:32,0,it
é andato tutto liscio,4,2026-05-13 15:23:56,0,it
"troppo lunghi i tempi, ma sicuri.",5,2026-05-13 15:23:52,0,it
fantastica applicazione super consigliata,5,2026-05-13 15:15:36,0,it
"l'idea del riciclo è qualcosa di salvifico per l'umanità, ma le note negative sono: commissioni e costi di spedizione troppo alti considerando che spesso sono punti di ritiro, una scarsissima tutela sia di acquirenti che venditori e soprattutto un assistenza lenta, se non inesistente.",2,2026-05-13 15:06:59,0,it
i venditori non sono tutelati verso i corrieri. durante una spedizione hanno evidentemente danneggiato il mio pacco e non sono stata rimborsata.,1,2026-05-13 14:47:31,0,it
"“acquisto perfetto! prodotto conforme alla descrizione, spedizione veloce e venditore molto disponibile. qualità ottima e imballaggio curato. consigliatissimo!”",5,2026-05-13 14:27:31,0,it
"soddisfattissima. vestito ben tenuto, ottima vestibilità e buon tessuto. ho aspettato più che per gli altri pacchi ma non credo sia colpa della venditrice e comunque ne e' valsa la pena. grazieee buona giornata 👍",5,2026-05-13 14:14:59,0,it
tutto perfetto!,5,2026-05-13 14:11:57,0,it
ottimo venditore. veloce e preciso. imballaggio ok,5,2026-05-13 14:05:55,0,it
meravigliosa,5,2026-05-13 13:59:52,0,it
piena di truffe e non fanno nulla per toglierle,1,2026-05-13 13:42:27,0,it
"velmi rychlé odeslání a domluva, perfektní stav. děkuji",5,2026-05-13 13:38:56,0,cs
come app è perfetta per comprare cose di ogni tipo a prezzo molto onesto. anche per vendere è molto buona,5,2026-05-13 13:12:34,0,it
ottima app,5,2026-05-13 13:04:59,0,it
app super comoda per tutte le tue esigenze...,5,2026-05-13 12:54:41,0,it
👍 tutto ok. venditore perfetto e veloce.,5,2026-05-13 12:54:19,0,it
"l'assistenza lascia a desiderare, per il resto app irrinunciabile che è entrata nel quotidiano",4,2026-05-13 12:51:39,0,it
"utile ma non troppo posso dare giudizio per gli acquisti, top 👍🏼",4,2026-05-13 12:44:30,0,it
"positiva, veloce.",5,2026-05-13 12:43:06,0,it
ottima esperienza finalmente riesco a svuotare l armadio e a fare lavorare i corrieri !,5,2026-05-13 12:35:41,0,it
tutto perfetto,5,2026-05-13 12:09:13,0,it
"ottimo, grazie mille di tutto, perfetto",5,2026-05-13 12:08:46,0,it
tutto secondo gli accordi. perfetto grazie,5,2026-05-13 11:47:57,0,it
esperienza positiva.,5,2026-05-13 11:31:28,0,it
"dopo 13 anni dall'uscita dell'app uno spera di poter avere delle notifiche a tendina che ti permettano di visualizzare il messaggio per intero, invece no. in più, o in meno, non c'è un sistema per inviare annunci ad altri utenti in app, ma devo per forza condividere il link. non è molto comodo.",3,2026-05-13 11:27:32,0,it
benissimo.grzie,5,2026-05-13 11:23:49,0,lt
ottimo lavoro,5,2026-05-13 11:18:53,0,it
"purtroppo 😔 non aiuta quando gli acquirenti sono furbi e disonesti. anche se spieghi l'accaduto, si trincerano dietro la scusa del regolamento che quindi favorisce quanto sopra scritto",1,2026-05-13 11:09:45,0,it
"mi trovo benissimo a comperare con vinted,mi sento sempre tutelato. grazie",5,2026-05-13 10:20:11,0,it
bello scambio di secondhand. app ben strutturata,5,2026-05-13 09:58:17,0,it
"sono stata bloccata definitivamente per aver pubblicato delle armi giocattolo. vero, nel regolamento c'è scritto ma purtroppo essendo lungo tre km credo che in pochi leggano le regole. potevano bloccarmi per mesi, non trattarmi come se fossi una criminale!",1,2026-05-13 09:46:01,0,it
"assistenza clienti inesistente, impossibile contattare il servizio clienti. ti fanno pagare un importo maggiorato quando acquisti per tutelarti in caso di problemi, poi però non hai strumenti per difenderti da venditori disonesti. ho ricevuto una borsa venduta come nuova e in pelle che è arrivata con diverse ed evidenti ammaccature e con l'etichetta che riporta materiale sintetico e, per renderla, ho dovuto pagare io le spese di reso.",1,2026-05-13 09:45:55,0,it
assolutamente perfetta,5,2026-05-13 08:28:15,0,it
tante vendite è andato sempre tutto bene. aggiorno purtroppo mi hanno chiuso l account senza che potessi spiegare nulla. 5 euro x uno stupido quadretto sigillato. ho perso un lavoro di due anni di foto e annunci . account chiuso p.s. nel quadretto era presente una farfallina impossibile capire se fosse vera o falsa.,1,2026-05-13 08:15:41,0,it
tutto perfetto,5,2026-05-13 07:52:02,0,it
"due anni che uso quest'app sempre allo stesso modo, ti bloccano l'account x frode senza spiegarti nemmeno il perché. dicono di darti una risposta e risolverti il problema entro 120 ore, sono passati 10 giorni🤡🤡",1,2026-05-13 07:38:05,0,it
ottima app,5,2026-05-13 07:28:49,0,it
"una delle migliori app, se non la migliore di questa tipologia. da acquirente e venditore, tolgo una stella per il semplice motivo che se ti serve un'assistenza che va oltre la normalità, lascia molto a desiderare con le risposte dell'ia.",4,2026-05-13 06:56:56,0,it
bello davvero questo scambio che permette di non sprecare nulla,5,2026-05-13 06:35:36,0,it
app molto utile. sarebbe bello avere. tra i filtri anche il paese da cui il prodotto viene venduto.,4,2026-05-13 06:22:17,0,it
tutto bene sino ad ora,4,2026-05-12 23:58:28,0,it
funziona ed é in fermento,5,2026-05-12 22:27:56,0,it
tutto come da descrizione,4,2026-05-12 22:26:11,0,it
"pratica e sicura, peccato che nella mia zona non mi dia la possibilità di acquistare alcuni oggetti voluminosi, forse per problemi di consegna",5,2026-05-12 21:49:03,0,it
ottima ...tranne i costi di spedizione un poco alti e le tempistiche un poco lente per le consegne,5,2026-05-12 21:33:59,0,it
acquisti top,5,2026-05-12 21:04:30,0,it
"ho provato a vendere varie magliette da calcio replica (ho verificato che fossero legali prima) e sono pii volte stato bannato, ricevendo pochissime spiegazioni e non ricevendo nessuna attenzione per quanto riguarda le risposte ai miei ricorsi. decisamente terribile",1,2026-05-12 20:07:12,1,it
bisogna solo chiedere più informazioni e foto dei prodotti così da fare degli ottimi acquisti,5,2026-05-12 20:06:16,0,it
tutto perfetto grazie,5,2026-05-12 19:33:32,0,it
ottimo sito dove trovano tante occasioni a poco prezzo.,5,2026-05-12 19:15:51,0,it
"ottima ,peccato non ci sia un contatto diretto on line",4,2026-05-12 18:58:04,0,it
finché va tutto bene ok. problemi di consegna e oppure pacchi non ritirati o persi crea il caos. il centro servizi manda dei messaggi generici che soddisfano il acquirente in genere con giusta causa ma spesso anche senza giusta causa lasciando che gli acquirenti si sentono in diritto di fare come vogliono. pacchi smariti di cui non si ricevono notizie. insomma. il centro servizi andrebbe migliorato nel suo servizio fino a quel momento resto con una stella perché meno non si può.,5,2026-05-12 18:56:14,1,it
prezzi molto convenienti!,5,2026-05-12 18:55:48,0,it
esperienza ottima,5,2026-05-12 18:23:17,0,it
assistenza pessima con tempi molto lunghi per la risposta e in alcuni casi non risolve il problema poiché scadendo i due giorni per risolvere il problema dopo bisogna mettersi d'accordo con il venditore o con un rimborso parziale o vendere l'oggetto su vinted e pagare nuovamente la protezione acquisti ovviamente tutto a favore loro. scandalo!!,1,2026-05-12 18:14:27,0,it
ordine perfetto,4,2026-05-12 18:03:55,0,it
"sempre meno affidabile dal punto di vista dell'acquirente per via dei venditori disonesti. nell'ultimo anno si è invertito il trend, e ora ho problemi su 3 acquisti su 5. nessun controllo e nessuna garanzia, ti devi anche ripagare le spese di spedizione sui resi chiesti legittimamente per problemi dovuti alle truffe dei venditori.",3,2026-05-12 18:03:53,0,it
"dopo anni in cui mi sono trovata benissimo,all'improvviso mi hanno bloccato definitivamente l'account perchè secondo loro ho pubblicato un articolo illecito e quindi colpevole di frode(trattasi di una candela che potevo personalizzare con il nome) e non mi hanno dato nemmeno la possibilità di difendermi.stop account chiuso senza una parola.comportamento pessimo.",1,2026-05-12 17:47:33,0,it
precisione e comodità. grazie vinted❤,5,2026-05-12 17:46:48,0,it
vendite e acquisti facili e veloci,5,2026-05-12 17:36:56,0,it
tutto ok 👍,5,2026-05-12 17:36:40,0,fi
"ottima app per fare acquisti a prezzi ragionevoli. solo un consiglio posso dare ai progettori di vinted, dovete controllare meglio se un profumo caricato è originale o falso",5,2026-05-12 17:36:11,0,it
tutto perfetto ragazzo davvero gentile ed affidabile,5,2026-05-12 17:33:29,0,it
servizio e venditore eccellente,5,2026-05-12 17:30:23,0,it
"scelta infinita, di tutto e di più. prezzi ottimi. l'articolo arrivato perfetto! ottima esperienza.",5,2026-05-12 17:24:23,0,it
ottima esperienza,5,2026-05-12 17:00:39,0,it
"app bella,purtroppo poste italiane consegna in ritardo i pacchi...",3,2026-05-12 16:50:54,0,it
bellissimo,5,2026-05-12 16:49:02,0,fi
"il mio annuncio è stato nascosto/segnalato come contenuto duplicato o copiato da altri utenti. vorrei chiarire che le fotografie utilizzate sono originali e di mia proprietà, e che l’articolo in vendita è lo stesso già pubblicato in precedenza da me. si tratta quindi di una ripetizione/ripubblicazione del mio stesso annuncio, non di contenuti copiati da terzi. chiedo cortesemente una verifica manuale e il ripristino dell’annuncio evitando inutili disagi e penalizzazioni nella vendita.",1,2026-05-12 16:40:24,0,it
un po' scadente specialmente se devi fare resi o chi ti vende le cose non si fa più sentire quando c'è qualcosa che non va vinted non ti aiuta ne ti supporta,2,2026-05-12 16:31:06,0,it
bellissima,5,2026-05-12 16:24:40,0,fi
ottima app di vendita prodotti usati e non. intuitiva e semplice da usare.,5,2026-05-12 16:19:59,0,it
"nessuna tutela per chi acquista.ho segnalato immediatamente un problema su un acquisto,volevo quindi fare reso e ricevere rimborso perché l'articolo era completamente diverso da quello ordinato. il sistema e gli operatori hanno trovato ogni scusa possibile e immaginabile(anche davanti a screenshot delle mie immediate segnalazioni di probl. con data e ora)per dire che non avevo fatto la segnalazione in tempo e che quindi non potevo avere rimborso.disonesti e incompetenti,sconsiglio assolutamente",1,2026-05-12 16:17:05,0,it
tutto bene,5,2026-05-12 16:00:52,0,it
"a mio modesto parere, gli articoli che si vendono, vengono valutati troppo poco",3,2026-05-12 15:50:45,0,it
grazie tutto ok,5,2026-05-12 15:42:53,0,it
semplicemente facile,5,2026-05-12 15:13:45,0,ro
"come acquirente mi sono trovato sempre bene, ho trovato e comprato sempre oggetti con un buon rapporto qualità/prezzo. metto 4 stelle perché non mi piacciono le nuove notifiche che ti obbligano ad aprire l'app per vedere cosa è stato caricato, mentre prima era presente la descrizione e, se non interessato, si poteva ignorare cancellandola semplicemente.",4,2026-05-12 15:10:58,0,it
ottima esperienza,5,2026-05-12 15:10:29,0,it
fantastica,5,2026-05-12 15:06:00,0,it
molto affidabile e si prende cura sia per i venditori che gli acquirenti...,5,2026-05-12 14:55:24,0,it
app semplice e intuitiva consigliatissima😉,5,2026-05-12 14:38:38,0,it
pacco arrivato perfettamente chiuso merce come da descrizione consigliatissimo.,5,2026-05-12 14:28:13,0,it
eccellente,5,2026-05-12 14:22:18,0,it
riesco a trovare quello che mi serve a prezzi ragionevoli. ottimo.,5,2026-05-12 14:21:53,0,it
"mi piace acquistare e vendere su vinted, molto stimolante.",5,2026-05-12 14:20:11,0,it
"al momento dove poteva esserci un rimborso inerente la protezione ho scoperto che invece il rimborso deve essere approvato dal venditore. in più molti venditori sono scorretti,, si fa un offerta,,ma loro aspettano per poter sperare di vendere più alto,,,e appare la scritta venduto o tolto.",1,2026-05-12 13:59:51,0,it
tutto perfetto,5,2026-05-12 13:58:51,0,it
ottimo venditore!!!,5,2026-05-12 13:49:37,0,it
primo acquisto tutto ok bello,5,2026-05-12 13:19:39,0,it
applicazione ottima,5,2026-05-12 13:15:04,0,it
tutto bene solo che la spedizione e troppo lenta,5,2026-05-12 13:12:33,0,it
app straordinaria,5,2026-05-12 13:08:24,0,it
ottima app,5,2026-05-12 13:01:22,0,it
ottima esperienza,5,2026-05-12 12:46:02,0,it
tutto benissimo come da descrizione,5,2026-05-12 12:35:50,0,it
"ti bloccano il profilo per sempre senza neanche dirti per quale motivo effettivo, servizio clienti inesistente, bot automatici, ti accusano di frode anche senza mai aver venduto niente. pessimo, il motivo del blocco permanente è che il ""sistema automatico"" sospetta una possibilità di truffa (articoli originali con loghi etichette ecc.) e ti lasciano senza risposte per settimane/mesi. però ti possono arrivare caramelle nei pacchi invece dell'oggetto acquistato. complimenti 👏🏻👏🏻👏🏻👏🏻.",1,2026-05-12 12:18:05,4,it
ottima scelta,5,2026-05-12 12:14:14,0,it
ottima applicazione,5,2026-05-12 12:09:09,0,it
"unico difetto, non poter selezionare l'area geografica nella ricerca",4,2026-05-12 11:45:36,0,it
sicuro e comodo,5,2026-05-12 10:53:05,0,pt
bellissimaaaa,5,2026-05-12 10:50:04,0,fi
finora ho fatto parecchi acquisti ed è sempre andato tutto benissimo👍,5,2026-05-12 10:39:13,0,it
ottima applicazione,5,2026-05-12 09:59:17,0,it
"per quanto mi riguarda l'app funziona, le persone che la utilizzano un po' meno. spesso ricevo proposte d'acquisto e dopo averle accettate, gli acquirenti spariscono senza concludere l'acquisto. bidoni! capitolo spedizioni... vinted go bocciato, tempi biblici e a volte gli articoli vengono smarriti. a me è già successo con tre acquisti, fortunatamente sempre rimborsati e rapidamente.",4,2026-05-12 09:48:01,2,it
"tutto benissimo, articolo conforme, venditore puntuale e preciso",5,2026-05-12 09:37:59,0,it
sempre comoda,5,2026-05-12 09:30:19,0,pt
grazieeeee,3,2026-05-12 09:00:13,0,nl
"piattaforma piena di truffatori (italiani e francesi). piena di articoli contraffatti. anche se segnali gli articoli o gli utenti che vendono merce contraffatta, il servizio clienti (veramente schifoso) ti risponde sempre che non possono agire, anche quando la merce è palesemente contraffatta!! inoltre, in caso di problemi, il servizio clienti è molto ridotto. tempi di attesa molto lunghi. piattaforma da evitare!",1,2026-05-12 08:15:34,0,it
"utile, evita gli sprechi, intuitivo",5,2026-05-12 07:57:19,0,it
applicazione non in italiano,5,2026-05-12 07:13:45,0,it
app molto comoda sia per acquistare che per vendere.,5,2026-05-12 06:32:52,0,it
ottima app,5,2026-05-12 00:13:42,0,it
pessima esperienza truffa e articoli smarriti e nessuna tutela per venditori onesti,1,2026-05-12 00:02:50,0,it
pratico e veloce,5,2026-05-11 23:56:30,0,it
ottima app!!,5,2026-05-11 23:34:11,0,it
unfair treatment when package is damaged by courier,1,2026-05-11 23:10:55,0,en
tutto molto preciso e ordinato. molto intuitivo 🔝,5,2026-05-11 22:32:04,0,it
assistenza poco controllata messaggi automatici a cavolo anche dopo 18 ore non guardano le foto dei pacchi distrutti dai corieri e non sborsano soldi pessima assistenza nei confronti dei venditori e acquirenti menefreghismo totale,1,2026-05-11 22:11:01,0,it
ottimi affari su tanti prodotti,5,2026-05-11 22:04:14,0,it
venditore ok,5,2026-05-11 21:48:43,0,sq
"ottima!!sto conoscendo tra l altro tantissime persone sempre meglio,il top si migliora continuamente ottimo lavoro! oramai è tanto tempo che la utilizzo, sia per acquistare che per vendere e confermo che sempre più innovativa veloce pratica è anche divertente",5,2026-05-11 21:33:47,1,it
molto funzionale,5,2026-05-11 21:12:18,0,it
"da poco su vinted.mi piace. app molto utile, facile da usare,si trova cose belle e di qualità, e la cosa importante fa anche piccoli entrate che va sempre bene. grazie vinted.",5,2026-05-11 21:11:50,0,it
bloccano account a caso per attività fraudolenta su prodotti originali mentre lasciano account aperti con stessa merce vergogosi,1,2026-05-11 21:03:49,0,it
"il primo acquisto è andato bene , sono soddisfatto",5,2026-05-11 21:03:21,0,it
tutto bene,5,2026-05-11 20:49:00,0,it
ottimo per le persone svantaggiate economicamente...rende loro felici!!grazie,5,2026-05-11 20:40:17,0,it
ottima app,5,2026-05-11 20:35:34,0,it
"esperienza positiva, tutto bene",5,2026-05-11 20:21:09,0,it
ottime esperienze,5,2026-05-11 20:18:21,0,it
tutto okei,4,2026-05-11 19:58:08,0,fi
"funziona tutto bene finche non avrete bisogno di contattare l'assistenza, al tal punto vi ritroverete ad avere a che fare con dei finti operatori che rispondono con messaggi preimpostati senza comprendere la natura del problema. alcune persone meritano di perdere il lavoro ed essere sostituite da un intelligenza artificiale. (pacco danneggiato durante il trasporto, nonostante io abbia imballato tutto correttamente come indicato sul sito e fornito prove, niente rimborso)",1,2026-05-11 19:40:29,0,it
grazie mille,5,2026-05-11 19:28:11,0,it
"non è bello negare un rimborso perché ""il pacco non è stato imballato correttamente"" anche se era imballato esattamente come descritto dal vostro articolo, e all'arrivo mostra chiaramente segni di apertura forzata, verosimilmente da qualcuno dei servizi di spedizione, che ha rubato il contenuto. ho pagato grandi quantità di denaro con la vostra commissione protezione acquisti e poi mi sono visto negare un rimborso per un danno fatto dai servizi di spedizione.",1,2026-05-11 19:26:36,1,it
tutto bene,5,2026-05-11 19:03:31,0,it
"facile , veloce e puntuale ..",5,2026-05-11 18:59:03,0,ro
"non è male ,però ho fatto due vendite e si sono riscontrati dei problemi, gli acquirenti fondamentalmente onesti perche si sono dovuti accontentare, per per errori di spedizione !",3,2026-05-11 18:53:16,0,it
è una buona piattaforma per le vendite ma bisogna stare attenti alle truffe sia da parte degli acquirenti che dai venditori,4,2026-05-11 18:46:49,0,it
"la spedizione italia su italia è imbarazzante, la roba dal paese accanto mi arriva dopo 8gg.. altre app, dalla spagna arrivano in 4gg in italia.. daje",2,2026-05-11 18:45:09,0,it
app che funziona bene e protegge il venditore e acquirente,5,2026-05-11 18:29:27,0,it
tutto bene ho apprezzato anche il bigliettino che vuol dire che si fanno chiuse col la passione e ha voglia di fare! purtroppo la taglia non è una xl ma una l . . non me la prendo con nessuno però un professionista si comporta diversamente... quindi se per te èi un mestiere impara da questo!,4,2026-05-11 18:27:46,0,it
comodo e affidabile,5,2026-05-11 18:24:53,0,pt
"app a misura di truffatore. le regole permettono a un sacco di disonesti, di cui è pieno, di rifiutare l' oggetto con varie scuse false campate per aria, non sbloccare il pagamento e non rimandarti la merce (o rimandandola aperta / rovinata). in tutto questo se l' acquisto non è finalizzato non puoi neanche lasciare una recensione negativa per avvisare altri venditori. (si paga pure una inutile assicurazione obbligatoria). statene alla larga e vendete tramite altri sistemi.",1,2026-05-11 18:07:26,0,it
"ho provato a fare un annuncio....sparito. pessima esperienza. ho acquistato una cosa...il venditore manco sentito e mi hanno rimborsato. il pb e che io voglio l'oggetto e non il rimborso. una perdita di tempo. se il venditore può liberamente non spedire a cosa serve l'app? considerate che il rimborso deve essere accettato dall'acquirente che può, per la legge italiana, pretendere l'adempimento. lasciamo stare. tanta pubblicità in tv e pessima esperienza.",1,2026-05-11 18:06:42,1,it
ottima venditrice .. scrupolosa e attenta all imballaggio 👏👏👏👏,5,2026-05-11 18:01:53,0,it
migliorato rispetto a qualche anno fa. ottimo,5,2026-05-11 17:53:37,1,it
ottima app io vendo e compro mi sono sempre trovata bene,5,2026-05-11 17:23:24,0,it
scarpe come descrizione e consegna veloce!!,5,2026-05-11 17:18:35,0,it
interessante,5,2026-05-11 17:06:42,0,it
bambola molto carina pacco bene imballato venditrice raccomandata grazie per calzini in omaggio,5,2026-05-11 17:01:37,0,it
"ottima app, può migliorare",4,2026-05-11 17:00:42,0,it
app semplice ed intuitiva la migliore!,5,2026-05-11 16:44:03,0,it
vendi dubito,5,2026-05-11 16:42:10,0,it
tutto perfetto,5,2026-05-11 16:20:37,0,it
"mi trovo molto bene, consiglio fortemente quest'app",5,2026-05-11 16:18:18,0,it
tutto perfetto grazie mille 😊,5,2026-05-11 16:13:17,0,it
"camicia bellissima, grazie mille😽",5,2026-05-11 16:10:08,0,it
esperienza positiva,4,2026-05-11 16:07:00,0,it
"ti bloccano l'account come niente fosse, hanno un algoritmo troppo selettivo e ti fanno così perdere clienti che avevi messo anni per fare, neanche ti avvertono prima in modo da togliere gli oggetti che per loro non sono giusti, ti chiudono il sito e basta. mi spiace ma non consiglierei a nessuno questa piattaforma di vendita, non distinguono neanche una lampada giocattolo da una vera",1,2026-05-11 15:45:38,0,it
un mondo di opportunità a portata di mano,5,2026-05-11 15:42:08,0,it
ottima app per vendita e acquisti di prodotti. unica pecca non poter selezionare da che nazione effettuare le operazioni. e servizio clienti poco presente e difficile da contattare. risposte lunghe e incomplete.,4,2026-05-11 15:31:45,0,it
ottimo servizio 👍,5,2026-05-11 15:29:10,0,it
"pacco arrivato nei tempi e corrispondeva alle foto, all'interno ho trovato un bigliettino carinissimo ed un piccolo portachiavi. 🖤",5,2026-05-11 15:16:23,0,it
ottima esperienza con vinted ti consiglio a tutti le persone chi sono interessati a questa esperienza di acquisti e vendita e una sicurezza ottima,5,2026-05-11 14:54:02,0,it
"semplice, intuitiva e funzionale. si riesce a vendere con semplicità se il prezzo viene reputato giusto. da migliorare sia la quantità che la qualità del servizio clienti, su certe cose poco competente secondo me.",4,2026-05-11 14:50:14,0,it
sempre pronti a risolvere dubbi e problemi. grazie!,5,2026-05-11 14:43:21,0,it
"servizi postali totalmente inefficienti. tracking non accurato e spesso bloccato. attese lunghe 2 o più settimane anche per spedizioni nazionali di piccole dimensioni. nessun modo di sollecitare, nessun modo di risalire alla posizione esatta del pacco. a volte pacchi smarriti e nel migliore dei casi rimborsi dopo mesi. penso sia sufficiente per bocciare vinted. consiglio: implementate i servizi postali, fornite informazioni reali e sollecitate spedizioni in ritardo.",1,2026-05-11 14:14:22,0,it
"l'oasi del truffatore. tutto è lecito per tutti (venditori, compratori, società di spedizione)",1,2026-05-11 14:12:09,0,it
ottima app per vedere tutto,5,2026-05-11 14:09:59,0,it
"app molto comoda per la compravendita dell'usato, consigliata a tutti. non sarebbe male mettere un filtro per la provenienza dei prodotti, nel mio caso sono un collezionista videoludico e compro solo copie italiane in molti casi, mi piacerebbe filtrare i risultati per regione per evitarmi copie francesi o tedesche.",5,2026-05-11 14:09:51,0,it
"bloccata per scarpe a dir loro ""contraffatte"" acquistate regolarmente da cisalfa e pagate con bancomat.",1,2026-05-11 13:57:17,0,it
scrivono pochi clienti anche se le cose sono belle e quasi nuove e i prezzi bassi,5,2026-05-11 13:51:40,0,it
"app che consiglio, spedizioni affidabili. raramente gli articoli non arrivano a destinazione, per essere più tranquilli bisogna fare attenzione a confezionare bene i pacchi",5,2026-05-11 13:47:23,0,it
esperienza positiva,5,2026-05-11 13:47:22,0,it
"ultimamente è inutilizzabile. piena di pubblicità di aliexpress che ti rimanda direttamente al sito se sbagli a scorrere ( per essere un sito di usato per combattere il fast faschon e il consumo eccessivo, pubblicizzare un colosso dello sfruttamento cinese, non è una buona mossa ), ormai non si è più tutelati neanche con le truffe, ti rimborsano solo 7€ ( c'è scritto nel regolamento ).",1,2026-05-11 13:45:47,0,it
"avevamo messo in vendita una macchina da cafe delonghi la prima volta un acquirente la acquista poi paga poi ordine sospeso xché la cugina gli ha regalato una macchina da cafe,vinted accetta il resto.la rimetto in vendita,la acquista un un'altro acquirente spedisco perfettamente funzionante ma mi arriva ordine sospeso xché danneggiato chiedo al acquirente e mi dice funziona perfettamente ma ha delle macchioline invisibili ordine sospeso vinted lo accetta come danno e ho perso soldi e macchina",1,2026-05-11 13:35:10,0,it
spedizioni troppo lente.,3,2026-05-11 13:27:55,0,it
articolo corrispondente alla descrizione,5,2026-05-11 13:04:19,0,it
grazie tt ok,5,2026-05-11 12:49:37,0,pl
ottimo ausilio,5,2026-05-11 12:39:24,0,it
tutto perfetto,5,2026-05-11 12:39:00,0,it
"tutto perfetto, grazie",5,2026-05-11 12:17:06,0,it
mi sono trovata sempre bene sia a vendere che ad acquistare,5,2026-05-11 12:07:11,0,it
vinted è il top,5,2026-05-11 11:39:10,0,it
davvero un bella app,5,2026-05-11 11:36:19,0,it
ottima! consigliato!,5,2026-05-11 11:28:15,0,it
tutto perfetto grazie,5,2026-05-11 11:14:47,0,it
ottima esperienza,5,2026-05-11 10:42:16,0,it
ottima app e ottimo servizio di vinted,5,2026-05-11 10:40:11,0,it
tutto come descritto,5,2026-05-11 10:08:07,0,it
"sempre tutto bene, più che soddisfatto",5,2026-05-11 09:39:37,0,it
"le 5 stelle vanno all'applicazione! per quanto riguarda gli acquirenti, do un consiglio, prima di acquistare mettetevi in contatto con i venditori!!! a me è già la terza volta che capita che faccio un ordine e dall'altra parte non c'è comunicazione!!! sarebbe interesse del venditore rassicurare chi ha acquistato su un ordine effettuato! non esiste comunicazione!!! accertatevi prima che siano persone comunicative altrimenti rischiate di pagare subito senza ricevere nessun riscontro!",5,2026-05-11 09:18:56,0,it
app molto utile,5,2026-05-11 03:52:21,0,it
direi che funziona tutto bene. veloci nei rimborsi e per la risoluzione dei problemi .,5,2026-05-10 23:38:55,0,it
tutto molto intuibile e professionale,5,2026-05-10 23:23:43,0,it
semplice da usare intuitivo serio,5,2026-05-10 23:19:28,0,it
"fantastico,non perdi mai di vista nulla,sempre seguita sia nella vendita che nell acquisto!",5,2026-05-10 23:10:00,0,it
ottimo grazie,5,2026-05-10 21:54:25,0,it
bellissimo app,5,2026-05-10 21:53:34,0,it
piattaforma con moltissime vere occasioni,5,2026-05-10 21:53:10,0,it
app fantastica!!,5,2026-05-10 21:44:35,0,it
"con questa app mi si é aperto un mondo, grazie di tutto!",5,2026-05-10 21:20:00,0,it
una esperienza unica non sapevo che posso liberarmi così facilmente delle cose dimenticate e ormai obsolete per me. per qucuno molto importante. un buon marketplace fato veramente bene. sono molto felice. grazie,5,2026-05-10 21:12:26,0,it
worst customer service ever,1,2026-05-10 21:10:41,0,en
app intuitiva e leggera. utilissima e perfetta nelle transazioni. assistenza 🔝 consigliatissima 💯🔝💯🔝,5,2026-05-10 21:05:38,0,it
mi trovo benissimo sono seri precisi veloci ed è semplice vendere e comprare,5,2026-05-10 20:58:45,0,it
facile da usare ma soprattutto vantaggiosa,5,2026-05-10 20:54:08,0,it
molto sicuro !,5,2026-05-10 20:39:15,0,it
ottima app. completa sicurezza negli acquisti,5,2026-05-10 20:37:20,0,it
molto pratica e facile da usare.,4,2026-05-10 20:36:33,0,it
"ho avuto una bruttissima esperienza. ho fatto l'acquisto di un prodotto ma il venditore mi ha spedito tutta un'altra cosa, ho chiesto l'aiuto a vinted ma non mi ha aiutato per niente e il venditore ha ignorato qualsiasi tentativo di chiarimento. la mia bambina è rimasta male poiché doveva essere il regalo per il suo compleanno. vergognatevi",1,2026-05-10 20:25:21,0,it
al momento mi trovo bene. nulla da dire,5,2026-05-10 20:13:45,0,it
sono molto soddisfatto di vintad lo consiglio a tutti 💪,5,2026-05-10 20:11:25,0,it
"non ho mai ricevuto un pacco contenente un set di maglie, che risulta consegnato! sicuramente la consegna è andata a una persona diversa, ma non si può dimostrare perché il punto consegna non fa firmare la ricevuta; vinted nella ricerca si è basato su quanto dichiarato dal tabaccaio che alle mie richieste sul pacco, si è comportato in modo arrogante, no fa firmare la consegna! ritengo che i controlli che vinted fa siano molto migliorabili.",1,2026-05-10 19:37:19,1,it
shopping 1000% 👍🏻,5,2026-05-10 18:59:34,0,tl
ottima e precisa,4,2026-05-10 18:55:38,0,it
avrei dato 0 ma purtroppo non è possibile.,1,2026-05-10 18:32:48,0,it
finora esperienza positiva.,5,2026-05-10 18:13:29,0,it
assistenza che fa pena irrintracciabile,1,2026-05-10 17:16:41,0,it
app utilissima per vendere e per comprare .io la consiglio a tutti .,5,2026-05-10 17:14:18,0,it
servizio clienti inesistente,1,2026-05-10 17:13:29,0,it
"di per sé l'app è valida: più inserisci articoli, più puoi vendere qualcosa. ovviamente ci sono vari limiti ad esempio persone che usano solo il credito vinted per acquistare cercando di abbassare ad oltranza il prezzo, e poi i perditempo...che fanno offerte e poi non ottemperano finalizzando l'acquisto. in tali casi conviene cancellare la chat e a scelta bloccare gli utenti poco seri, tanto ci sono milioni di utenti. le spese di spedizione specie per i pacchi sotto i 500g sono un pochino alte..",5,2026-05-10 17:12:11,3,it
ottima app per facilità di utilizzo,5,2026-05-10 17:04:01,0,it
pessimo ti chiedono di pubblicare annunci e poi se li pubblichi ti bloccano perché ne pubblichi troppi. non ha senso. passate ad altri marketplace piú affidabili.,1,2026-05-10 17:00:12,0,it
molto veloce e intuitiva,5,2026-05-10 16:47:06,0,it
servizio clienti poco serio.,1,2026-05-10 16:46:29,0,it
utilissima!,5,2026-05-10 16:12:20,0,fi
sempre peggio,1,2026-05-10 16:09:45,24,it
ottimo sito per la compravendita di articoli usati. consiglio pienamente,5,2026-05-10 15:49:03,0,it
molto valida,4,2026-05-10 15:42:07,0,it
funziona bene app divertente e ben organizzata per l uso a cui è destinata,5,2026-05-10 15:40:32,0,it
affidabile e precisa,5,2026-05-10 15:20:18,0,it
ho adorato vinted sia come acquirente sia come venditore. è peggiorata la qualità di chi acquista (maleducazione e irresponsabilità favorite da regole che non penalizzano questi comportamenti) vincolate all acquisto le offerte... non se ne può più ma anche di chi vende poiché non si tratta più di una 'piattaforma di puro 2nd hand' ma di articoli nuovi di fabbrica di bassa qualità e di conseguenza di basso costo che hanno come unico effetto quello di ingolfare la 'piazza'. peccato...,3,2026-05-10 14:59:18,3,it
ottima app con buone opportunità di vendita,5,2026-05-10 14:52:11,0,it
struttura molto semplice. procedura guidata,5,2026-05-10 13:35:01,0,it
facile e sicura,5,2026-05-10 13:29:06,0,ro
un ottima app per scambiare e vendere tutto ciò che vuoi,5,2026-05-10 13:09:16,0,it
"modifico la recensione, dai venditori alle spedizioni, dalla cina con 1.90 di spedizione tutto arriva in meno di 2 settimane, dalla francia pagando 4.50 euro, sono 25 giorni e il tracciamento ancora non dice nemmeno dove sta il pacco, spedito con vinted go, dalla francia, non dalla cina, e costa pure.",1,2026-05-10 12:25:36,4,it
"uno scandalo mi stavo trovando molto bene con questa app, ma un giorno mi ritrovo con l'accusa di vendita di cose false, ho fatto il reclamo con foto chene dimostravano l'originalità, ho dovuto aspettare 2 settimane perché mi rispondessero . accusato ingiustamente di vendere un profumo falso, regalato da alcuni amici che se ne intendono decisamente di più. assurdo,sono uno studente che voleva continuare a farsi qualche risparmio, tra tanti libri e vestiti che non uso,vergognatevi.",1,2026-05-10 12:19:41,0,it
molto utile,5,2026-05-10 12:18:18,0,it
esperienza positivissima. acquirenti precisi e molto seri,5,2026-05-10 12:14:28,0,it
tutto a posto,5,2026-05-10 11:45:37,0,it
"la novità è che ora non memorizza più le impostazioni delle notifiche, così adesso ogni volta che metto un articolo tra i preferiti vengo sommersa da offerte al ribasso del venditore... che stress!!",2,2026-05-10 11:43:30,39,it
"esperienza sempre eccellente, tutto perfetto 😊🌼🌷",5,2026-05-10 11:18:36,0,it
bellissimo come da descrizione,5,2026-05-10 11:16:27,0,it
"ottima, veloce e tante tante opportunità",5,2026-05-10 10:38:00,0,it
pessima esperienza,1,2026-05-10 10:35:49,0,it
tutto facile e immediato!,5,2026-05-10 10:31:23,0,it
spese di spedizione a volte troppo eccessive e impossibile di levare volutamente la protezione acquisti su prodotti che per prezzo possono farne a meno.in questo modo vengono incentivate diciamo più le vendite di cose più costose che di cose a basso prezzo a meno che non abbassi molto il prezzo del tuo prodotto di seconda mano. per il resto tutto ok,3,2026-05-10 10:24:32,0,it
"usata poche volte ma mai avuto problemi, sia acquisti sia vendite",5,2026-05-10 10:21:29,0,it
un mondo di acquirenti che patteggiano il centesimo! bugiardi che cercano fino alla fine di non pagare con scuse infondate e strateggiche! preferisco regalare alla caritas piuttosto che vendere in app!!!,1,2026-05-10 10:00:12,0,it
buona ma parecchie difficoltà di accesso,4,2026-05-10 09:16:54,0,it
"da qualche mese utilizzo vinted per vendite e acquisti. sono presente anche su una piattaforma alternativa dove mi trovo altrettanto bene. consiglio agli amministratori di vinted di adeguarsi per alcuni aspetti. ad esempio: penalizzare coloro che, dopo proposta al ribasso ed accettazione del venditore, non concludono senza nessuna motivazione; proposte esageratamente al ribasso, danno l'impressione di gente poso seria ( qua non stiamo giocando).",4,2026-05-10 09:16:49,0,it
"l'idea è bella, l'app potrebbe funzionare anche bene se solo esistesse un servizio di assistenza. non è possibile che un account possa recensirti negativamente senza capo ne coda, mandi più volte segnalazione con le prove che l'utente sta affermando il falso intaccando la tua reputazione fatta di sole recensioni positive, continua a rispondere un robot che ovviamente non capisce assolutamente il problema e che quindi non lo risolve. un sistema di assistenza imbarazzante, inutile.",2,2026-05-10 08:53:02,0,it
sono contento. grazie.buon lavoro.,4,2026-05-10 08:49:57,0,it
prodotto nuovissimo ottimo - grazie,5,2026-05-10 08:25:46,0,it
sono felicissima per l'acquisto grazie tutto perfetto 👍,5,2026-05-10 07:44:57,0,it
"arrêtez de bloquer le compte des gens sans raison valable, vous m'avez poussé à créer 4 compte tous bloquer",1,2026-05-10 07:15:10,0,fr
sono utente vinted da 4 anni. mi hanno tolto un articolo dichiarandolo contraffatto. e invece è originale.,3,2026-05-10 06:41:35,0,it
tutto perfetto,5,2026-05-10 04:06:17,0,it
ho un mare di preferiti e non trovo mai nulla quando cerco dovrebbe esserci all' interno dei preferiti delle sotto cartelle che possa io mettere il titolo es gonne giacca pantalone ecc,2,2026-05-10 02:06:22,0,it
"dovete modificare il vostro regolamento ed evitare ban con saldo su account perché non potete per legge ! nessuna tutela per il venditore. quando un acquirente riceve un pacco ci vuole poco tempo per controllare l'oggetto acquistato, non 48 ore ! inoltre l'acquirente si deve interessare rapidamente al ritiro del pacco e non tutti quei giorni con il rischio di restituzione al mittente. venditori ostaggi.",1,2026-05-10 00:59:26,0,it
"app molto bella dove si possono comprare oggetti di seconda mano di ogni genere. tuttavia, metto quattro stelle perché secondo me nella barra di ricerca dovrebbe esserci un filtro anche in base al paese, infatti spesso mi è capitato di trovare oggetti che poi non ho comprato perché il costo della spedizione raggiungeva i 4 o i 5 euro visto che i venditori abitavano in paesi distante dal mio. se vi fosse invece un filtro per il paese sarebbe perfetto!",4,2026-05-09 22:15:59,0,it
"ottimo app di vendita, la migliore!",5,2026-05-09 21:32:22,0,it
"app è molto utile e ben fatta, inoltre con facilità si vendono le cose che non si utilizzano più. top",5,2026-05-09 21:04:25,0,it
"molto buona e chiara, però ci vorrebbe una multa chi non ritira i pacchi,e poi chi garantisce che il pacco inviato al mittente sia integro,se tu apri il pacco e già tuo, mi sembra che ci sia una assicurazione? comunque vinted ok",5,2026-05-09 20:49:44,0,it
ottima esperienza,5,2026-05-09 20:15:42,0,it
tutto bene,5,2026-05-09 20:11:44,0,it
tutto okay,5,2026-05-09 20:03:29,0,fi
tutto ottimo e semplice....siete ben organizzati e se ci sono problemi si riesce a risolvere velocemente tutto. grazie,5,2026-05-09 19:56:09,0,it
"a volte capita che gli acquirenti fanno la proposta di acquisto ma poi non acquistano a volte ho visto in vendita dei prodotti non consentiti, ho provato a segnalare ma non sono stata presa in considerazione 😞",3,2026-05-09 19:41:36,0,it
al momento credo sia il migliore in assoluto il riciclo è una cosa molto importante e non solo business,5,2026-05-09 19:31:59,0,it
tutto ok prodotto come descritto,5,2026-05-09 19:18:57,0,it
"facilissimo pubblicare un annuncio e tutti i passi successivi seguiti in modo abbastanza buono. una dashboard con l'elenco delle vendite e lo stato (venduto, spedito, ricevuto, pagato) sarebbe auspicabile",4,2026-05-09 19:00:44,0,it
pessima esprenzia per un reso e assistenza inesistente,1,2026-05-09 18:55:55,0,it
pochissima tutela per chi vende e pochi controlli sulle recensioni,1,2026-05-09 18:54:33,2,it
tutto bene,5,2026-05-09 18:53:41,0,it
speriamo bene,4,2026-05-09 18:51:47,0,lt
"l'app è utile, però la politica dei pacchi non ritirati andrebbe cambiata. dovreste tutelare di più i venditori, perché si spendono risorse e tempo nello spedire un pacco e, quando l'acquirente non va a ritirarlo, il venditore non solo non ha i soldi della vendita, ma deve aspettare moltissimo tempo per riaverlo indietro. dovreste far pagare una penale per il mancato ritiro. la recensione è scesa a 1 stella perché avete davvero un pessimo servizio clienti.",1,2026-05-09 18:47:53,4,it
molto utile e precisa...,5,2026-05-09 18:43:56,0,it
"preciso e ordinato , tutto ok . 👍",5,2026-05-09 18:30:37,0,it
servizio clienti pessimo,1,2026-05-09 18:28:57,0,it
"app molto comoda, utile e funzionale. migliorerei solo l'aspetto dei rimborsi, perché per chi acquista se la roba non va bene è un problema restituirla",5,2026-05-09 18:27:53,0,it
eccellente,5,2026-05-09 18:19:52,0,it
gestione putrida ! nessun operatore fisico! ti fanno morire jn caso di problemi !,1,2026-05-09 18:07:36,0,it
facile da usare e molto intuitiva,5,2026-05-09 18:06:39,0,it
ottima app,5,2026-05-09 17:59:30,0,it
molto ositiva,5,2026-05-09 17:53:38,0,it
sempre positiva!ogni tanto a rilento le spedizioni!!,5,2026-05-09 17:51:03,0,it
eccellente,5,2026-05-09 17:40:10,0,it
non tutela a sufficienza i venditori,3,2026-05-09 17:10:26,0,it
ho acquistato e non mi è mai stato mandato il codice di ritiro. l'assistenza di vinted incolpa brt e brt incolpa vinted. alla fine a rimetterci siamo io e la venditrice,1,2026-05-09 16:51:10,0,it
"app perfetta per truffare, per due volte ho venduto oggetti, fatto il video dall'imballaggio alla spedizione con corriere senza mai fermare il video, l'acquirente ha rimosso il contenuto ed aperto controversia: risultato nonostante abbia fornito tutte le prove possibili, 1600 euro persi, oggetti persi ed account bannato permanentemente. non vendete oggetti di valore per nessun motivo!!",1,2026-05-09 16:49:55,0,it
"negli ultimi 7 mesi compro online quasi esclusivamente qui. ho detto tutto. vinted offre tante opportunità. qualche mese fa ho comprato un profumo della mia infanzia che non fanno più, introvabile. non avete idea della gioia poterlo riannusare e indossare.",5,2026-05-09 16:45:00,0,it
semplice e veloce,5,2026-05-09 16:45:00,0,it
"ottima app, molto seri nel gestire vendite e acquisti",5,2026-05-09 16:03:09,0,it
tutto ok.grazie,5,2026-05-09 15:48:43,0,it
"mi bloccano continuamente l'account anche se non pubblico e non è facile risolvere, non ne posso creare altri e non posso quindi utilizzarlo, pessimi",1,2026-05-09 15:34:48,0,it
tutto fantastico e gestito in modo eccezionale.,5,2026-05-09 15:26:27,0,it
ottimo per uno svuotamento di armadio o cassetto. peccato che vinted sia dominato da un sistema di intelligenza artificiale che genera caroselli di prodotti e assistenza clienti inesistente. da migliorare il sistema delle recensioni che butta fuori per un giorno di inattività dal sito.,4,2026-05-09 15:25:00,0,it
pratica e veloce. ottimamente organizzata.,4,2026-05-09 14:54:05,0,it
"brutta esperienza, da venditore non sei tutelato",3,2026-05-09 14:48:47,0,it
bellissima app,5,2026-05-09 14:14:11,0,it
mai avuto problemi,5,2026-05-09 13:58:35,0,ro
in generale l'app è buona ma ci sono alcune cose che me la fanno odiare: 1- l'assistenza fa pena 2-mi è capitato che vinted mi bloccasse degli annunci che non avevano nulla di male quando mi è capitato invece di trovare in vendita addirittura orologi e banconote false 3- quando stai guardando gli annunci e compare una pubblicità si chiude vinted e ti apre l app della pubblicità e non ci sono modi per evitarlo,1,2026-05-09 13:55:02,0,it
tutto bene,5,2026-05-09 13:34:18,0,it
assistenza snervante e lenta. sembra di parlare con dei robot. oltre questo è pieno di utenti inattivi. in un app di vendite l'utenza inattiva va eliminata,1,2026-05-09 13:33:02,0,it
tutto apposto grazie 😘,5,2026-05-09 13:26:42,0,it
zero stelle perché meno non si puo'. nelle vendite favoriscono nelle truffe gli acquirenti anche di fronte a foto chiaramente modificate con intelligenza artificiale. fanno tenere l'oggetto all'acquirente gratis e il venditore non ha diritto a nessun risarcimento. e' vergognoso tutto ciò,1,2026-05-09 12:39:09,0,it
"ottima app, la consiglio",5,2026-05-09 12:30:23,0,it
"articolo come da foto, spedizione veloce.",5,2026-05-09 12:24:34,0,it
tutto perfetto super,5,2026-05-09 12:02:41,0,it
"un annuncio mi è stato rimosso ingiustamente per due volte, perché secondo vinted aveva foto prese da internet. la foto in questione è stata scattata da me e modificata con ia, cosa prevista dal regolamento, infatti avevo anche spuntato l'apposita casella nell'annuncio e segnalato ulteriormente la cosa. non c'è modo di contattare l'assistenza, non si può rispondere al messaggio in cui ti fanno la segnalazione, è tutto un loop infinito di ""contattaci utilizzando il form"", form che non esiste.",1,2026-05-09 11:48:39,2,it
come da descrizione perfetto,5,2026-05-09 11:37:30,0,it
ottima esperienza,5,2026-05-09 11:36:32,0,it
tutto perfetto. venditrice molto cortese e disponibile,5,2026-05-09 11:21:27,0,it
tutto come da descrizione. grazie,5,2026-05-09 11:17:03,0,it
"l'idea di per sé è fantastica, peccato che sia piena di scam. è diventata abitudine per gli utenti rivendere articoli di shein e temu a prezzo maggiorato, ovviamente con etichette rimosse, foto realizzate con ai e indicazioni di brand fittizi nelle descrizioni. vinted dovrebbe vigilare di piu su questa cosa, ho segnalato decine di foto e profili ma non è stato fatto nulla.",3,2026-05-09 10:47:28,0,it
ottima tranne per qlc acquirente che ha accettato l acquisto e non si fatta sentire e nn so come risolvere,5,2026-05-09 10:42:55,0,it
"app funzionale alla vendita e acquisto, si fanno grandi affari",5,2026-05-09 10:32:53,0,it
"ottima app. se posso suggerire un miglioramento, consiglierei a vinted di introdurre anche per i venditori la possibilità di spedire, a proprie spese, il prodotto a vinted per una verifica dell’integrità e dell’autenticità. questo permetterebbe di tutelarsi meglio da eventuali truffe da parte degli acquirenti. è per questo motivo che assegno 4 stelle.",4,2026-05-09 10:25:45,0,it
sicuramente non c'è un servizio clienti all'altezza .,1,2026-05-09 10:04:13,0,it
problemi con assistenza...,2,2026-05-09 09:53:32,0,it
"semplice, intuitiva, veloce : ottima!",5,2026-05-09 09:45:32,0,it
ottima esperienza,5,2026-05-09 09:43:42,0,it
"l app è fantastica, avere la possibilità di acquistare con questa facilità, trovare tutto ciò che cerchi da tempo da qualsiasi parte del mondo, davvero un ottima trovata ma si devono tanto rivedere i costi di assicurazione e spedizione non posso pagare 8€ di spese se l oggetto me ne costa 4€, impensabile",3,2026-05-09 09:40:39,0,it
app intuitiva e semplice da usare. sì riesce a trovare veramente di tutto e si fanno ottimi affari. utilissima.,5,2026-05-09 09:12:19,0,it
sempre stata ottima,5,2026-05-09 09:06:35,0,it
tutto perfetto,5,2026-05-09 08:51:56,0,it
"sito di compravendita invaso da poveracci, per non parlare dell'assistenza clienti imbarazzante anzi inesistente. ho ricevuto un pacco con una statua danneggiata durante il trasporto, subito dopo ho fatto ogni tipo di foto e l'assistenza (se così si può definire) mi ha riinviato per 3 volte lo stesso messaggio da bot, arrivando per loro incompetenza a finire il tempo della ""protezione clienti"" che viene pagata con ogni spedizione. la loro risposta? non hai mandato le foto richieste. vergognatevi",1,2026-05-09 08:31:13,1,it
"ottima, ma come venditore non sempre si è tutelati a dovere.",4,2026-05-09 08:05:37,0,it
perfetti! come da foto,5,2026-05-09 07:55:56,0,it
tutto ok! imballaggio 🔝 grazie!,5,2026-05-09 04:51:00,0,it
"molto utile, sicura e facile da utilizzare per vendere oggetti.",5,2026-05-09 00:58:08,0,it
"ottima app ma do' 4 stelle perché nel momento in cui l'acquirente non ritira volutamente il pacco, il venditore non ottiene nessun rimborso e molte volte ha perdita. siccome è sempre più frequente che la gente dopo l'acquisto non ritira il pacco, vinted dovrebbe rimborsare all' acquirente il 50% della cifra così facendo si eviterebbero vendite non portate a termine.",4,2026-05-09 00:51:27,0,it
un modo di vendere facile veloce e sicuro,5,2026-05-09 00:02:11,0,it
"esperienza che arricchisce il cuore, si riciclano molte cose belle, dando gioie ad altri e facendosi altrettanti regali",5,2026-05-08 23:53:30,0,it
facile e intuitiva soprattutto o caricamenti velocissimi... funziona tutto bene,5,2026-05-08 23:30:57,0,it
con vinted mi trovo benissimo è una app eloquente dove puoi vendere e comprare senza problemi.grazie,5,2026-05-08 22:56:08,0,it
"ho venduto ed acquistato diversi prodotti e molti dei veri affari, ultimamente noto che molti inseriscono prodotti a prezzi superiori al nuovo e qualcuno inserisce prezzi bassi per poi cercare di vendere in privato.",4,2026-05-08 22:08:53,0,it
spedizione lunga,4,2026-05-08 22:08:08,0,it
account bloccato senza motivo farò appello al meccanismo europeo di risoluzione controversie.,1,2026-05-08 22:06:26,0,it
soddisfacente,5,2026-05-08 21:53:35,0,cy
"fa schifo, errori a caso, pare programmata da un mentecatto.",1,2026-05-08 21:53:08,0,it
tutto super 🌟,5,2026-05-08 21:51:52,0,it
"ottimo lavoro , l'articolo e un ottimo stato . il venditore e brava persona.",4,2026-05-08 21:49:55,0,it
"app migliore di tutte un po' macchinosa caricare articoli per alcune categorie e molto pignoli, tanti articoli a volte germi giorni per verifiche e controlli però tutto sommato davvero una super app",5,2026-05-08 21:36:42,0,it
venditore gentile e veloce grazie mille,5,2026-05-08 21:19:39,0,it
ottimo sito,5,2026-05-08 21:16:41,0,it
app di vendita perfetta sicura e affidabile,5,2026-05-08 21:05:57,0,it
tranquilla,5,2026-05-08 20:53:45,0,fr
"facile e ben strutturata, ottima esperienza di vendita",5,2026-05-08 20:16:14,0,it
tutto perfetto,5,2026-05-08 20:00:01,0,it
tutto bene,5,2026-05-08 20:00:00,0,it
problemi con le spedizioni,5,2026-05-08 19:55:19,0,it
si fanno ottimi affari.....venduto e comprato...ed è molto divertente,5,2026-05-08 19:46:23,0,it
super. gefällt mir.,5,2026-05-08 19:45:53,0,sv
meravigliosa,5,2026-05-08 19:45:06,0,lt
"fantastica, una garanzia totale",5,2026-05-08 19:39:09,0,it
ottima app!!! la consiglio!!,5,2026-05-08 19:36:57,0,it
assistenza pessima e servizio di spedizione peggio!,2,2026-05-08 19:25:58,0,it
"tutto davvero facile e molto velocemente ricevi quello che acquisti. unica ""difficoltà"" è la ricerca degli articoli; ne appaiono molti che non hanno a che fare con la tua ricerca.",4,2026-05-08 19:18:10,0,it
"potrebbe essere più affidabile ci sono tantissimi articoli contraffatti e venditori ambigui che anche se segnalati non vengono bloccati, bloccano invece i venditori che fanno volumi obbligandoli a passare a pro",3,2026-05-08 19:12:53,0,it
ne ho fatto un obby e mi diverto tanto,5,2026-05-08 18:56:18,0,it
prima volta che vemdo e acquisto....molto facile davvero soddisfatta,4,2026-05-08 18:53:47,0,it
e straordinario vinted....,5,2026-05-08 18:52:05,0,it
un sito da consigliare per ogni acquisto,5,2026-05-08 18:46:37,0,it
"truffa - un venditore mi ha spedito un gioco di carta completamente ammuffito e ho perso io dei soldi per rispedirlo indietro. non ho potuto dare la recensione negativa perché vinted ha ""cancellato la transazione"" . sono molto scontenta di questa tutela da parte di vinted a venditori truffatori",1,2026-05-08 18:46:17,0,it
ottima app,5,2026-05-08 18:04:19,0,it
positiva su tutto .....la consiglio,5,2026-05-08 18:02:03,0,it
acquisto andato a buon fine consegna precisa e veloce,5,2026-05-08 18:00:14,0,it
einfach super,5,2026-05-08 17:56:00,0,de
ottima app,5,2026-05-08 17:47:51,0,it
ordinare perfetto. grazie,5,2026-05-08 17:43:00,0,it
tutto benissimo,5,2026-05-08 17:34:23,0,it
"tutto perfetto e ragazza gentile e disponibile, grazie mille",5,2026-05-08 17:32:49,0,it
mi trovo benissimo...grazieeee,5,2026-05-08 17:16:39,0,it
sono soddisfatta,5,2026-05-08 17:15:04,0,it
ottima applicazione!!,5,2026-05-08 17:12:52,0,it
"this app is garbage. they only use bots to maintain the platform. they will ban you for no reason if enough people report you while keeping safe all the bad actors that try to sell counterfeits and fake items. their only fortune is that this marketplace has the lowest commission and shipping fees (and we know why; it's maintained by bots) so use it for a quick buck if you can and just forget about it before their ""support"" tries to get rid of your account because you don't spend enough money.",1,2026-05-08 17:09:54,0,en
esperienza positiva abbiamo cercato di venirci in contro e superare le difficoltà sul problema che spesso s incontra se il il peso del pacco è leggermente superiore. comunque tutto perfetto.✌️,5,2026-05-08 17:04:26,0,it
tutto perfetto,5,2026-05-08 17:00:17,0,it
molto affidabili.,5,2026-05-08 16:29:03,0,it
app davvero eccezionale!,5,2026-05-08 16:28:25,0,it
pratico veloce,5,2026-05-08 16:16:37,0,it
lo consiglio a tutto comprare su vinted ottima esperienza,5,2026-05-08 15:59:47,0,it
utilissimo per dare nuova vita agli oggetti ed inquinare meno il mondo consigliatissimo sia per vendere sia per acquistare,5,2026-05-08 15:59:09,0,it
ottima app,5,2026-05-08 15:56:05,0,it
mi piace fare acquisti su questa app,5,2026-05-08 15:44:08,0,it
app bellissima,5,2026-05-08 15:41:51,0,it
si può fare 🔥,5,2026-05-08 15:15:14,0,it
pessimo.delusione,1,2026-05-08 15:11:29,0,it
ottima ventitrice bellissimo 😍,5,2026-05-08 15:11:09,0,it
tutto bene grazie,4,2026-05-08 15:01:09,0,it
eccellente soprattutto per la vendita un po' meno per l'acquisto poiché l'articolo si presenta più usato di quanto visibile nelle foto di vendua,5,2026-05-08 14:46:12,0,it
chi acquista mai tutelato....mi e stato fatto pagare in ordine incompleto...avrei dovuto restituire a mie spese...vi meritate mezza stella no 1,1,2026-05-08 14:46:03,0,it
brava e onesta,5,2026-05-08 14:26:16,0,pt
questa volta il mio articolo è giunto in tempo e non è stato smarrito!!,4,2026-05-08 14:07:51,0,it
"le politiche di reso attuali finiscono per favorire comportamenti scorretti verso i venditori onesti. nel mio caso è stato approvato un reso per una felpa adidas di collezione cinese dichiarando inizialmente che “l’autenticità non poteva essere determinata”, ma successivamente l’acquirente ha ricevuto sia il rimborso sia l’articolo, senza che mi venissero mai fornite prove tecniche concrete della presunta contraffazione.",1,2026-05-08 14:05:43,0,it
vinted ottimo per vendere ciò che non uso piu,5,2026-05-08 14:04:50,0,it
si riesce a trovare tutto come esprimere un desiderio cerchi e si avvera😀,5,2026-05-08 13:53:41,0,it
tutto conforme alla descrizione,5,2026-05-08 13:50:17,0,it
"cancella prodotti in vendita, per motivi non veritieri",2,2026-05-08 13:50:01,0,it
"ottima , a parte qualcuno che cancella o cambia prezzo a piacimento .. è credo non si possa fare",5,2026-05-08 13:30:37,0,it
perfetto ti da la possibilità di vendere e comprare quello che preferisci,5,2026-05-08 13:27:46,0,it
tutto perfetto!!!,5,2026-05-08 13:27:20,0,it
esperienze quasi tutte positive. solo 4 stelle perché alcune volte i tempi di consegna sono molto lunghi e nei resi qualche volta gli articoli si perdono.,4,2026-05-08 13:26:28,0,it
vinted è un sito molto preciso lo consiglio,5,2026-05-08 13:25:52,0,it
"pratica, veloce e sicura",5,2026-05-08 13:18:11,0,it
se si hanno problemi é troppo complicata la procedura per richiedere assistenza,3,2026-05-08 13:16:48,0,it
ottima per vendere e acquistare. cambierei solo le politiche di reso,5,2026-05-08 13:16:36,0,it
"ho dato 4 stelle su 5 a vinted perché nel complesso la considero un’app valida. l’unico aspetto che continuo a considerare una grande pecca,riguarda la tutela dell’acquirente, soprattutto per l'abbigliamento. se un capo arriva conforme all’annuncio ma semplicemente non piace, oppure veste male perché a distanza non è facile valutare bene taglia e misure, spesso non è possibile effettuare il reso se il venditore non lo accetta. in questi casi l’acquirente resta senza una reale tutela.",4,2026-05-08 13:13:42,0,it
fantastica,5,2026-05-08 13:07:00,0,it
"menomale che esiste vinted, vendere e comprare non è mai stato così facile, grazie",5,2026-05-08 13:05:23,0,it
molto soddisfatto,5,2026-05-08 12:57:13,0,it
"avevo visto un paio di scarpe da qualche settimana da comprare in vista del mio compleanno, e nell'esatto momento in cui stavo effettuando l'ordine, procedendo a confermarlo dopo aver inserito tutti i dati dell'acquisto, mi arriva una notifica con scritto che le scarpe erano state appena vendute. tutto ciò dopo una settimana di concordanza con il venditore. pessima esperienza in quanto prima, e ribadisco, ultima volta.",1,2026-05-08 12:54:43,0,it
"grazie mille, tutto apposto",5,2026-05-08 12:36:42,0,it
veramente utile e ben fatta oltre che super sicura,5,2026-05-08 12:32:17,0,it
solo assistenza virtuale inutile. uno deve essere veramente cretino a spendere milioni in pubblicità e poi perdere clienti per mancanza di assistenza.,1,2026-05-08 12:30:06,1,it
prima esperienza più che soddisfacente,5,2026-05-08 12:29:57,0,it
facile e direi sicura,5,2026-05-08 12:01:46,0,ro
"in effetti acquistare attrezzatura fotografica su vinted e' piuttosto conveniente, facile e sicuro, sia per chi vende che per chi compra. mi ritengo soddisfatto .",5,2026-05-08 11:51:21,0,it
bellissima grazie,5,2026-05-08 11:39:00,0,it
"ottima applicazione per vendere e comprare,",5,2026-05-08 11:38:05,0,it
mai avuto problemi!!!,5,2026-05-08 11:29:04,0,ro
app semplice da usare e molto sicura sui pagamenti,5,2026-05-08 11:26:52,0,it
soddisfacente,5,2026-05-08 11:26:21,0,it
ottima app,5,2026-05-08 11:20:40,0,it
difficoltà nel gestire/rimuovere gli oggetti in vendita,2,2026-05-08 11:12:23,0,it
molto interessante ed utile,5,2026-05-08 11:09:38,0,it
lo trovo un semplice ed economico modo per acquistare e vendere,5,2026-05-08 10:50:22,0,it
"eccezionale,e dire poco . grazie mille",5,2026-05-08 10:31:06,0,it
esperienza ottima. consegna velocissima,5,2026-05-08 10:26:48,0,it
corrisponde alla foto,5,2026-05-08 10:21:34,0,it
"ottima opportunità per far rivivere ciò che non si usa più, trovando qualcuno a cui può essere nuovamente utile",5,2026-05-08 09:21:21,0,it
di facile utilizzo permette l'acquisto di capi usati a prezzi spesso vantaggiosi.,5,2026-05-08 08:34:39,0,it
app molto comoda da usare e veloce pagamenti sicuri la consiglio a tutti,5,2026-05-08 08:33:30,0,it
con questa app riesci a vendere o acquistare prodotti che non usi più. riciclo sostenibile,5,2026-05-08 08:31:46,0,it
articolo come da descrizione ben imballato. ottima venditrice. la consiglio,5,2026-05-08 07:40:47,0,it
ottima visibilità,5,2026-05-08 07:19:08,0,it
"se uno vi manda le prove sulla mail vinted legal che ci sono truffatori bannati che hanno 2 profilo riconducibile al 100% al 1 profilo bannato, perché non leggete neanche le mail?!? di fatto è una piattaforma non sicura, viene tutelato solo l'acquirente che compra e non ritira o si inventa la qualunque per avere rimborso e oggetto e tu rimani fregato. vergognatevi.",1,2026-05-08 07:05:48,72,it
metto gli oggetti in vendita e anno bloccato account mille volte meglio wallapop,1,2026-05-08 06:42:08,0,it
si blocca sempre quando si deve accedere,2,2026-05-08 06:14:51,0,it
fantastica olè,5,2026-05-07 23:49:56,0,it
mi trovo bene con questa app.,5,2026-05-07 22:53:55,0,it
articolo super tenuto bene,5,2026-05-07 22:39:06,0,it
"bellissimi, nuovi davvero come dalla descrizione",5,2026-05-07 22:05:18,0,it
"ottima applicazione!!è molto funzionale e versatile, consigliatissima",5,2026-05-07 22:04:20,0,it
"utilizzo facile, molto intuitivo",5,2026-05-07 22:04:13,0,it
"hanno bloccato il mio account perché ho messo degli annunci di abbigliamento militare vintage con ben oltre 20 anni, diventati ormai pezzi da collezione. la spiegazione è stata che i miei annunci violavano le regole della piattaforma che vietano la vendita di divise militare. ovviamente qualcuno ha segnalato i miei annunci e la piattaforma, usando ia, mi ha bloccato definitivamente. ci sono una infinità di annunci come i miei, ma non vengono bloccati dalla piattaforma. usate #wallapop !!!",1,2026-05-07 21:52:52,2,it
spese diventare troppo onerose...sia spedizione che protezione obbligatoria sono sesso più alte del valore dell' oggetto stesso,2,2026-05-07 21:24:10,0,it
cordiale puntuale ottimo,5,2026-05-07 20:58:50,0,it
non tutela i clienti,2,2026-05-07 20:58:02,0,it
venditore molto gentile,5,2026-05-07 20:51:42,0,it
tutto ok ottimo imballaggio consigliato,5,2026-05-07 20:49:52,0,it
"tutto ok, i tempi di spedizione normali servizio ok",4,2026-05-07 20:49:15,0,it
molto funzionale,5,2026-05-07 20:22:29,0,it
"comodo,conveniente..",5,2026-05-07 20:18:23,0,es
mi trovo molto bene con questa applicazione. la consiglio fortemente.,5,2026-05-07 20:16:53,0,it
molto soddisfatta.,5,2026-05-07 20:07:56,0,it
app molto seria puntuale su tutti i punti di vista e anche sui pagamenti,5,2026-05-07 20:05:08,0,it
acquisti il nuovo a prezzi competitivi e trovi sempre tutto quello che ti serve !!,5,2026-05-07 20:01:00,0,it
venditore serio. la borsa è bellissima come in foto e da descrizione.,5,2026-05-07 19:24:25,0,it
"ottima esperienza, tutto come descritto",5,2026-05-07 19:18:14,0,it
"app fatta molto bene, tutto molto intuitivo. consiglio l'utilizzo",5,2026-05-07 19:16:50,0,it
esperienza positiva,5,2026-05-07 19:08:38,0,it
"buona, anche se ultimamente si fa sempre più fatica e i costi per le spedizioni sono aumentati.",4,2026-05-07 19:07:57,0,it
tutto perfetto,5,2026-05-07 18:53:41,0,it
fantastica app,5,2026-05-07 18:45:08,0,it
ottimo grazie,5,2026-05-07 18:40:50,0,it
ottima app per vendere cose che non si usano più e comprare anche oggetti per collezione,5,2026-05-07 18:20:39,0,it
ottima piattaforma di compravendita,5,2026-05-07 18:16:55,0,it
un app che ti affascina,5,2026-05-07 18:15:19,0,it
"servizio clienti inesistente!ho avuto un problema con un venditore che sull'annuncio ed anche in chat ha omesso difetti sull'articolo.segnalo il problema, non voglio pagare la spedizione per ovvi motivi ma loro non rispondono quindi, visto che ci sono delle scadenze, decido di creare l'etichetta che però non viene letta nei punti di ritiro..segnalo nuovamente il problema ma non ricevo nessuna risposta. alla fine ho dovuto pagare la spedizione per non perdere i soldi! hanno risposto dopo 1 settim",1,2026-05-07 18:14:48,0,it
ottima piattaforma per dare una nuova vita a abbigliamento e oggetti che non si usano più,5,2026-05-07 17:58:03,0,it
perfetta per le vendite,5,2026-05-07 17:36:56,0,it
perfetto grazie,5,2026-05-07 17:27:56,0,it
come prima esperienza molto positiva,5,2026-05-07 17:01:02,0,it
ottima esperienza!!!,5,2026-05-07 16:55:52,0,it
semplice e perfetto,5,2026-05-07 16:40:36,0,it
veloce tutto ok,5,2026-05-07 16:34:33,0,it
tutto bene,5,2026-05-07 16:15:25,0,it
molto deludente infatti disinstallo subito,1,2026-05-07 15:54:09,0,it
piena di truffatori state alla larga,1,2026-05-07 15:49:37,0,it
bell app consigliata,5,2026-05-07 15:45:39,0,it
buona app ma troppo lenti a rispondere,5,2026-05-07 15:40:20,0,it
"acquisti molto convenienti, app semplice da usare",5,2026-05-07 15:31:06,0,it
niente male.,4,2026-05-07 15:30:10,0,fr
l app è fantastica. vendi e acquisti di tutto. perfetta!,5,2026-05-07 15:20:21,0,it
"app pessima. utile per vendere ma assistenza zero. se per puro caso il loro algoritmo di verifica si incarta bloccando un articolo, le controversie sono gestite con messaggini automatici senza nessuna valutazione umana. quindi è impossibile uscire da una controversia",1,2026-05-07 15:00:31,0,it
applicazione ottima... peccato che si trova gente non corretta ..,5,2026-05-07 14:59:19,0,it
"prima volta,prodotto ottimo..",5,2026-05-07 14:58:49,0,it
app inutile piena di truffatori bisogna aspettare per la vendita bisogna aspettare che vanno a ritirare il pacco bisogna aspettare che controllo la merce bisogna aspettare che concludono la vendita muori già prima di avere qualcosa e poi quando compi l'usato non sai mai che cosa ti arriva truffe fregature a quantità sconsiglio vivamente,1,2026-05-07 14:56:14,0,it
la venditrice è affidabilissima e molto gentile. riguardo a vinted c'è stato un problema con la spedizione ma un'operatore ha risolto tutto.😊,5,2026-05-07 14:32:09,0,it
come da descrizione,4,2026-05-07 14:25:00,0,it
app molto semplice ed intuitiva che ti mette in contatto con chi vende ed acquista articoli di seconda mano. ottimo,5,2026-05-07 14:22:11,0,it
app veloce e pratica,5,2026-05-07 14:17:19,0,it
veloce preciso ottimo,5,2026-05-07 14:06:25,0,it
app molto utile per vendere ciò che non uso più.,5,2026-05-07 13:50:56,0,it
"ottima lapp, pessimo il servizio di assistenza",3,2026-05-07 13:50:48,0,it
prodotti come nuovi. venditore affidabile e celere nella spedizione,5,2026-05-07 13:32:49,0,it
ottima esperienza!,5,2026-05-07 13:32:03,0,it
"bellissima, facile utilizzo. sarebbe fantastico che aggiungeste pagamento con satispay",5,2026-05-07 13:31:23,0,it
"app migliorata sensibilmebte, le vendite sono aumentate e la visibilità dei prodotti venduti anche. la protezione acquisti funziona anche per gli articoli che hanno un basso valore economico, questo è un fattore positivo. bravi, continuate così, anche se personalmente aggiungerei la possibilità di vendere piante e simili",4,2026-05-07 13:29:32,0,it
utilissimo,5,2026-05-07 13:28:21,0,fi
la mia salvezza,5,2026-05-07 13:19:22,0,hu
un esperienza molto interessante,5,2026-05-07 13:15:20,0,it
veramente eccezionale,5,2026-05-07 13:09:30,0,it
ottimo prodotto come da descrizione,5,2026-05-07 13:04:44,0,it
esperienza con venditore molto positiva consiglio per altre persone.,5,2026-05-07 12:58:34,0,it
servizio affidabile,5,2026-05-07 12:58:07,0,it
"facile da usare, vendi e compri",5,2026-05-07 12:52:03,0,it
fino adesso tutto bene speriamo continui così.,4,2026-05-07 12:34:34,0,it
"non tutelano minimamente il venditore, i danni che causano i corrieri non vengono mai risarciti! con 200 recensioni a 5 stelle sono costretta a disinstallare l'app, mi rifiuto di perdere altri soldi senza avere colpa. una vergogna!",1,2026-05-07 12:25:39,0,it
"potrebbe essere un app da 5 stelle se non fosse per il fatto che l'assistenza clienti fa pietà,basata tutta su un assistente virtuale che non risolve mai i problemi, amazon ha un servizio clienti eccellente a confronto... distante anni luce vinted",2,2026-05-07 12:18:45,0,it
"sicura , veloce semplice",5,2026-05-07 12:02:37,0,ro
"5 però ci vorrebbe più protezione anche per i venditori ,non solo agli acquirenti , molti venditori sono onesti ma ci rimettono per via di acquirenti scorretti ma vengono comunque protetti ,tutto sommato ottima app",5,2026-05-07 11:57:52,0,it
"mi hanno bloccato l'account perché ""a loro"" dire ho inviato messaggi non appropriati ad altri utenti. accuse false. non è vero (posso solo ipotizzare una segnalazione di ripicca da una venditrice che è stata lei maleducata con me),fatto ricorso non c'è nessun modo per farmi sbloccare l'account e non posso iscrivermi in nessun altro modo nemmeno con altre email o numero di telefono in quanto bloccano ogni account che creo. tutto ciò non penso che sia legale ed è giusto che tutti sappiano.",1,2026-05-07 11:50:25,0,it
grazie di tutto. non sempre arrivano i pacchi fatti così bene. la ciacca è perfetta. buona giornata 😘,5,2026-05-07 11:24:52,0,it
positiva in tutti i sensi.,5,2026-05-07 11:20:56,0,it
ottima app per vendere o acquistare,5,2026-05-07 11:20:14,0,it
vendita facile,5,2026-05-07 11:19:43,0,it
"pregate di non avere mai problemi con le spedizioni o resi, perché se no preparate le visite psicologiche. assistenza clienti inesistente, tempistiche folli. come 5 giorni per fare un reso per un errore del venditore. oh, ma io lavoro, e perché contano anche i giorni festivi? follia. sito davvero ridicolo",1,2026-05-07 11:11:55,0,it
direi che è molto funzionale,5,2026-05-07 10:54:16,0,it
"diversi articoli rinviate al mittente senza mai essere arrivati al punto ritiro. pagamento rimborsi non arrivati. pagamento inutile protezione al cliente, perché alla fine nessuno risponde e rimaniamo scoperte.",2,2026-05-07 10:28:06,0,it
esperienze positive,5,2026-05-07 10:21:12,0,it
ti blocca senza motivo,1,2026-05-07 10:11:27,0,it
soddisfatta,5,2026-05-07 10:07:14,0,sv
ottima app,5,2026-05-07 09:29:06,0,it
"ottima esperienza, molto facile da usare. si trova di tutto. consigliato",5,2026-05-07 08:20:38,0,it
ottima app,5,2026-05-07 07:48:51,0,it
ci sono alcuni aspetti da migliorare tipo non riesco a vedere le misure delle borse e degli abiti devo sempre chiedere oppure comunicarle anche se le ho già inserite al momento dell' annuncio. inoltre i parametri di ricerca mancano di caratteristiche importanti.,3,2026-05-07 07:38:01,0,it
ottima esperienza,5,2026-05-07 06:48:47,0,it
app utili a me sempre è andata bene sono stati delle occasioni che io ho risparmiato,5,2026-05-07 03:39:58,0,it
3 ordini in corso di cui si sono perse le tracce. perplessa e arrabbiata. servizio vinted go estero pessimo. 1 pacco perso. 1 passo partito 1 mese fa e non si sa dove sia. servizio poste italia che si perde i pacchi nel nuovo centro smistamento. assistenza inesistente. ma che cosa è?,1,2026-05-07 01:03:49,0,it
"mi ero iscritta e dopo pochi mesi sono stata bloccata, senza reale motivo, in quanto mi hanno accusato di annuncio contraffatto.. non permettendomi di fare reclami di alcun tipo perche il loro regolarmente x qst motivi lo vieta ..peccato che l errore era il loro !avessero avuto un sistema serio e un assistenza adeguata avrebbero visionato la fattura, l etichetta che ho cmq inviato via mai in modo da capire che l articolo tra l altro non parliamo di luxury ma semplice borsa guess fosse originale",1,2026-05-07 00:44:56,0,it
bloccano senza reali motivi non permettendo di fare poi reclami per dimosttare che sbagliano. assistenza a dir poco pessima .. risposte automatiche uguali per tutti senza fornite alcun auto.. solo permits di tempo,1,2026-05-07 00:26:40,0,it
ottima app💯,5,2026-05-06 23:58:26,0,it
"allora ho comprato e venduto molte cose. ma l'ultima cosa che ho venduto, durante la spedizione hanno rotto la cornice portafoglio e dopo l 'acquirente me lo ha spedito indietro ovviamente. e praticamente io ho una cornice rotta e nessun rimborso. non mi sembra una cosa tanto bella che non tutela chi vende.",1,2026-05-06 23:15:13,0,it
molto positiva tutto perfetto,5,2026-05-06 22:56:51,0,it
ottima esperienza,5,2026-05-06 22:37:30,0,it
app intuitiva e facile da utilizzare.,5,2026-05-06 21:54:23,0,it
e stato una bellissima esperienza,5,2026-05-06 21:49:31,0,it
ottima in generale. permette di vendere tante categorie di articoli. da migliorare però il sistema di aggiornamento delle tracciabilità dei pacchi. alcuni corrieri poi gestiscono le giacenze in modo davvero anomalo. la piattaforma dovrebbe concordare clausole più efficienti in questo senso.,5,2026-05-06 21:35:57,0,it
molto bene ho fatto il mio primo acquisto ed sono molto soddisfatto,5,2026-05-06 21:28:13,0,it
"è la prima volta che acquisto su vinted, l'esperienza è stata positiva.",5,2026-05-06 21:16:20,0,it
tutto bene,5,2026-05-06 20:44:16,0,it
come da foto grazie,4,2026-05-06 20:22:10,0,it
"una dipendenza.. faccio affari davvero belli di vestiti, scarpe e borse che magari si fa fatica a trovare perché ormai siamo tutti omologati al fast fashion... consigliatissima",5,2026-05-06 20:13:14,0,it
"che dire? di tutto per tutti. io ci sono per vendere, scatto foto e carico con grande facilità, la scelta delle categorie è ben fatta. se devo fare una critica, ogni tanto capita qualche difficoltà con l'etichetta digitale che non viene letta. alle volte mi faccio tentare e compro. ottima esperienza",5,2026-05-06 20:11:22,0,it
tutto preciso,5,2026-05-06 20:03:00,0,it
"pacco arrivato velocemente, contenuto in buone condizioni.",5,2026-05-06 20:00:44,0,it
molto utile,5,2026-05-06 19:58:32,0,it
perfetto grazie,5,2026-05-06 19:53:29,0,it
facile comoda ben fatta,5,2026-05-06 19:52:35,0,it
"dovete modificare e aggiornare i metodi di spedizione. non tutti hanno la possibilità di andare alla ricerca dei luoghi in cui spedire. nel mio caso era a 30km da casa, impossibile da fare. utilizzate solo il servizio postale che è meglio.",1,2026-05-06 19:44:09,0,it
tutto benissimo,5,2026-05-06 19:40:42,0,it
ottima !!!,5,2026-05-06 19:34:54,0,fi
servizio pratico e utile,5,2026-05-06 19:16:52,0,it
soddisfatto buon venditore,5,2026-05-06 19:02:49,0,it
consigliatissima,5,2026-05-06 18:59:28,0,it
"tutto perfetto,consiglio❤️",5,2026-05-06 18:58:51,0,it
buona esperienza!,4,2026-05-06 18:13:59,0,es
"ottima app, consigliatissima!",5,2026-05-06 18:11:02,0,it
ottimo dieci e lode,5,2026-05-06 18:04:39,0,it
tutto ok come da accordi,5,2026-05-06 18:01:28,0,it
prodotto ottimo e servizio rapido.,5,2026-05-06 17:55:39,0,it
"funzionale e buona l'idea delle chat libere e senza vincoli, potrebbe essere migliorata",4,2026-05-06 17:54:05,0,it
eccezionale!,5,2026-05-06 17:52:49,0,it
uno schifo di app mi banna per 7 giorni con la motivazione che ho caricato un articolo senza l'intenzione di vendere solamente perché la gente non fa offerte,1,2026-05-06 17:49:45,0,it
molto utile e intuitiva.,4,2026-05-06 17:48:24,0,it
tutto secondo i piani,5,2026-05-06 17:46:07,0,it
applicazione smart e di immediato utilizzo. molto efficace negli avvisi e nella guida a spedizioni e ricezioni.,4,2026-05-06 17:32:49,0,it
"effettuo un acquisto, chiedo il rimborso per l'articolo fallato, spedisco il pacco l'ultimo giorno disponibile (in mezzo c'era anche il week end) e dopo 5 ore che ho spedito il pacco il reso è annullato perché non ho spedito il pacco. invio la ricevuta rilasciata dalla posta ma niente quel passaggio vinted non lo può più annullare... vergognoso!",1,2026-05-06 17:16:39,0,it
facile da usare. utile x svuotare gli armadi e per gli amanti del recupero e riciclo.,4,2026-05-06 17:13:48,0,it
"pessima esperienza col servizio clienti gestito prevalentemente tramite ia e chatbot. mi è stato segnalato il profilo per contenuti inappropriati alias una foto di me in costume: per vinted era indecente, allora al mare siamo tutti inappropriati? poi però vedi annunci di ragazze col seno mezzo da fuori e va tutto bene per loro... assolutamente a caso il loro algoritmo di segnalazione dei contenuti vietati però intanto io ho perso il profilo e le transazioni che erano in corso!",1,2026-05-06 17:06:55,1,it
app semplice da usare funzionale e sicura...consiglio vivamente,5,2026-05-06 16:48:40,0,it
esperienza positiva,5,2026-05-06 16:18:06,0,it
bellissimo dare nuova vita ad articoli che non uso più,5,2026-05-06 16:06:30,0,it
tutto bene,5,2026-05-06 15:59:22,0,it
"ottima esperienza, utile, versatile, veloce",5,2026-05-06 15:51:50,0,it
"1 stella perché di meno purtroppo non si può mettere! applicazione un tempo fantastica ! ma ormai è allo sbando, piena di truffatori e gente piena di frustrazione che segnala a caso facendovi bloccare per truffa o articoli contraffatti ! assistenza umana inesistente, 0 affidabilità e 0 tutela del venditore.",1,2026-05-06 15:14:05,1,it
l'app da qualche mese è impazzita. continua a bloccare persone a casaccio senza validi motivi!,1,2026-05-06 14:47:04,0,it
"servizio inaffidabile. assistenza inesistente, basata solo su faq e risposte automatiche inutili. spesso succede che le spedizioni vanno male e i corrieri creano danni: questo è a rischio di chi vende perché anche se la confezione è perfetta non si ottiene l'importo dovuto e non si attiva alcuna protezione, anche se profumatamente pagata con alte commissioni.",1,2026-05-06 14:22:44,0,it
molto funzionale.,5,2026-05-06 14:21:01,0,it
puntuale e precisa anche nella descrizione,5,2026-05-06 13:52:53,0,it
"ho comprato una borsina rosa con tracolla fatta a mano per mia figlia di 11 anni. è come la avevo vista in foto. molto bella, elegante, fatta col ❤. consiglio acquisti da questa signora. molto gentile, e disponibile.",5,2026-05-06 13:51:29,0,it
esperienza ottima,5,2026-05-06 13:48:49,0,it
tutto perfetto grazie,5,2026-05-06 13:19:22,0,it
"i opened a pro seller account on vinted with my vat number. i had issues converting to pro for months due to system errors and only automated support replies. after finally becoming pro, my account was restricted after 2 days for “commercial selling” despite being compliant. support admitted an error but nothing was restored. account still restricted, boost unusable, no real resolution.",1,2026-05-06 13:13:30,0,en
"ottimo portale per trovare molti articoli a prezzi convenienti, peccato per i tempi di spedizione, ovvio non imputabile all'app. alcuni utenti inseriscono articoli classificati ottimi quando a malapena sono buoni, qualche controllino ci vorrebbe!!!!",5,2026-05-06 12:56:47,0,it
sempre molto soddisfatta,5,2026-05-06 12:42:08,0,it
favolosa app!!,5,2026-05-06 12:30:57,0,it
mia prima esperienza molto positiva,5,2026-05-06 12:26:44,0,it
"fidabile per puntualità, risponde subito al sollecito, consigliato",5,2026-05-06 12:21:33,0,it
"bel costume, grazie",5,2026-05-06 12:17:01,0,it
serietà e cortesie,5,2026-05-06 12:14:27,0,it
"primo acquisto, tutto perfetto, ottima assistenza!",5,2026-05-06 12:14:21,0,it
ottima app per vendere minuteria che non usi più,5,2026-05-06 12:08:29,0,it
vinted???sempre peggio...,2,2026-05-06 12:07:33,0,it
molto positiva,5,2026-05-06 12:04:18,0,it
"ogni volta che c'è un aggiornamento, l'app peggiora sempre di più.",2,2026-05-06 12:03:26,0,it
"pro: • etichette, costi di spedizione gestiti in automatico. contro: • troppi annunci che violano il regolamento di vinted (articoli a prezzi finti tipo 1€, persone che cercano di aggirare il pagamento dentro vinted chiedendo di usare paypal). • vinted go non è sempre efficace, quindi scegliete sempre inpost. di 10 pacchi spediti 2 sono risultati smarriti a causa di poste italiane e la cosa fastidiosa è che per ricevere il valore del prodotto come rimborso bisogna aspettare minimo 30 giorni.",3,2026-05-06 11:26:21,2,it
meravigliosa,5,2026-05-06 11:10:36,0,it
vinted è un'idea bellissima se non fosse gestita in maniera dozzinale. pago per mettere in evidenza l'armadio ma nessuno vede niente. soldi letteralmente buttati. è pieno di gente che vende le cose contraffatte ma se le segnali loro ti dicono che è tutto ok. perdono una quantità di pacchi imbarazzante e se chiedi assistenza ti dicono che non possono fare nulla. tutto estremamente imbarazzante. ho chiuso il profilo e l'ho aperto su wallapop dove è tutto gestito in maniera molto più onesta.,1,2026-05-06 10:29:18,1,it
ottimo perfetto,5,2026-05-06 10:13:55,0,it
molto efficiente,5,2026-05-06 09:01:04,0,it
app fantastica e completa su tutti i punti di vista,5,2026-05-06 08:25:16,0,it
"scarpe come nuove, grazie.",5,2026-05-06 08:02:50,0,it
sono stato bloccato a causa di un utente che aveva timore che la mia spedizione non gli sarebbe arrivata.. nonostante tutte le mie recensioni positive e la mia correttezza verso tutti. senza nessun avvertimento,1,2026-05-06 07:47:11,0,it
aspetto un rimborso da settimane ormai. assistenza clienti inesistente.,1,2026-05-06 07:45:47,0,it
"assistenza solo su ia, non contestate nulla perché bloccano senza poter controbattere, applicando le regole come più gli conviene. funziona male con vpn, da migliorare l'esposizione dei prodotti salvati, delle ricerche personali e delle variabili di ricerca. per il resto gli utenti abbastanza buoni e c'è abbastanza educazione. non la consiglio.",1,2026-05-06 06:52:30,2,it
esperienza soddisfacente,5,2026-05-06 06:37:22,0,es
"non c è più la possibilità di pagare con klarna gli articoli costosi e dato che la maggior parte di noi siamo poveri non abbiamo la possibilità di acquistare, infatti gli articoli hanno tanti like ma non si vendono, rimettete la funzione klarna, grazie.",3,2026-05-06 06:35:24,0,it
"segue passo passo la vendita o l'acquisto e ti guida su quanto c'è da fare, quello che rimane, imbustare se vendi, ritirare se compri! ottimo!",4,2026-05-06 06:34:19,0,it
si trovano buoni affari,5,2026-05-06 06:19:35,0,it
facile da usare e ottimo modo per rientrare di qualche soldo di oggetti che non si vogliono più,5,2026-05-06 02:54:32,0,it
sicura e intuitiva,5,2026-05-06 02:51:19,0,it
"dovete anche tutelare chi vende, per tutto il resto è ok",4,2026-05-06 01:04:26,0,it
app molto utile e intuitiva..si trova di tutto e molte volte si fanno affaroni..,5,2026-05-05 23:42:12,0,it
molto buona,5,2026-05-05 23:29:32,0,it
"ma perché vinted go? funziona malissimo, perdono i pacchi",1,2026-05-05 23:28:38,0,it
"tutto come descritto, grazie",5,2026-05-05 23:03:26,0,it
un mondo da scoprire per chi vuole vendere e comprare con la sicurezza in ogni paesaggio.,5,2026-05-05 22:21:15,0,it
alcuni articoli non vengono visualizzati,3,2026-05-05 22:14:13,0,it
"purtroppo ho messo in vendita un paio di ochiali prada originali con codice di autenticità, sono stati rimossi perche diccono che sono falsi,che delusione",1,2026-05-05 22:08:00,0,it
"mi chiedo se vinted non sia la peggiore app in assoluto che io abbia mai avuto il dispiacere di utilizzare. il servizio clienti è inesistente, se hai un problema vieni trattato come un numero, non si può parlare nemmeno con un assistente che non sia comandato dall'intelligenza artificiale. la sensazione di essere soli, senza intermediari, è totale, ma allora tanto vale usare altro.",1,2026-05-05 21:52:58,5,it
assistenza continua ad essere sempre assente,1,2026-05-05 21:47:48,1,it
ottimo venditore,5,2026-05-05 21:45:10,0,it
molto utile,5,2026-05-05 21:32:45,0,it
esperienza positiva,5,2026-05-05 21:30:45,0,it
non si possono filtrare gli annunci in base alla distanza ciò rende molto difficile accordarsi per una vendita incontrando il venditore/acquirente,1,2026-05-05 21:21:01,0,it
ottima esperienza,5,2026-05-05 21:17:33,0,it
incapaci ... mi hanno bloccato 2 account in giro di 10 giorni per 2 articoli secondo loro falsi ma in realtà comprati in negozio tra cui uno stereo bose dilettanti,1,2026-05-05 21:16:55,0,it
tutto ok .grazie,5,2026-05-05 20:49:51,0,it
mi piace assai,5,2026-05-05 20:40:59,0,it
molto pratica e intuitiva. venditori e acquirente correttamente tutelati,5,2026-05-05 20:32:40,0,it
ottima app x vendere e acquistare cose nuove e usate,5,2026-05-05 20:29:16,0,it
serietà funzionalità,5,2026-05-05 20:21:00,0,it
si paga troppo la spedizione,2,2026-05-05 20:09:41,0,it
"ho scaricato la app ed ero molto scettico, ma invece mi sono ricreduto alla grande!! tutto funziona bene (pagamenti, trasferimenti, consegne). è un sito, a mio avviso, che si scende un po' di prezzo rispetto al desiderato, però piuttosto che tenere un oggetto a fare niente, va bene così. ormai per le mie vendite uso praticamente solo questo canale. (eccetto per articoli molto voluminosi) top consiglio!!! bravi bravi agli sviluppatori!!",5,2026-05-05 19:34:48,4,it
tutto bene grazie,5,2026-05-05 19:16:16,0,it
molto comoda e il sistema è molto sicuro,5,2026-05-05 19:15:22,0,it
"ero scettica, ma mi son dovuta ricredere.",5,2026-05-05 19:07:00,0,it
i prodotti arrivano come descritti. esiste una gran varietà di articoli a prezzi super interessanti.,5,2026-05-05 19:04:22,0,it
corretti e precisi,5,2026-05-05 18:58:28,0,it
sempre buoni affari,5,2026-05-05 18:44:08,0,it
mi sto divertendo molto!🌻👍,5,2026-05-05 18:34:06,0,it
facile e sicuro.,5,2026-05-05 18:10:55,0,it
ottima app,5,2026-05-05 18:05:02,0,it
muy buenos resultados,5,2026-05-05 18:03:40,0,es
"venditrice precisa è puntuale ,la consiglio",5,2026-05-05 17:40:08,0,it
"cari venditori, statene alla larga da questo sito. trust me. servizio di spedizione che sia postale o mediante inpost. è scam. corrieri che ogni volta aprono pacchi per rubare il contenuto. e da parte vostra 0 sostegno verso il venditore. siete l'unico sito che si comporta in questo modo. ebay, card market vi mangia la pappa in capo anni luce. sono un venditore decennale, e le uniche 3 volte in cui son stato derubato... son state le vendite effettuate in questo sito. ad maiora.",1,2026-05-05 17:37:38,1,it
"servizio clienti inutile , le persone ti truffano e ne escono vincenti ! dovrebbero rimborsarmi i soldi persi visto che ho pagato anche la protezione acquisti",1,2026-05-05 17:32:30,0,it
tutto perfetto come da descrizione,5,2026-05-05 17:05:50,0,it
sono 2 mesi che aspetto il trasferimento dei soldi il destinatario ha ricevuto i scarpe,1,2026-05-05 15:48:27,0,it
si sta riempendo di annunci falsi. ci sono pochi controlli,3,2026-05-05 15:29:40,0,it
questa app censura a discrezione loro senza motivi validi articoli in vendita. discrimina alcuni venditori rispetto ad altri senza dare spiegazioni. voto pessimo,1,2026-05-05 15:27:29,0,it
semplice e chiara da usare,5,2026-05-05 14:26:15,0,it
"uso sovente quest' app, mi piace dare nuova vita alle cose e non prendere sempre roba nuova che inquina il mondo ma purtroppo mi è già successo due volte nel giro di neanche 2 mesi che i miei acquisti non arrivano e vengo rimborsata solo dell' articolo ma la spedizione la paghi e tutte le volte le cose non arrivano e tu ci hai perso tempo e denaro e alla fine non risparmi perché devi ricomprare. peccato fosse stata più affidabile davvero una bella innovazione",2,2026-05-05 14:22:18,0,it
esperienza buonissima,5,2026-05-05 14:00:14,0,it
"non sarebbe un'app malvagia e la valuterei anche 4 stelle. solo che ha 2 difetti enormi : 1) quando qualche venditore ti rifila un articolo terribile (es. stivaletti con buchi laterali o altro non conforme alla descrizione e foto) ti fanno letteralmente sudare il rimborso e devi pagare tu, che sei il danneggiato le spese del reso. perché? non è giusto! chi rompe paga e i cocci sono suoi!!!! 2) se l'acquirente non ritira il pacco e questo va perduto non ti ripagano l'importo totale.",3,2026-05-05 13:51:40,0,it
"prodotto ottimo, nuovissime come da foto.",5,2026-05-05 13:46:23,0,it
"veloce, preciso",5,2026-05-05 13:41:11,0,it
facile veloce,5,2026-05-05 13:37:55,0,ro
certi prezzi li trovo assurdi! ovviamente però questo non è colpa dell'applicazione... con vinted mi trovo molto bene e sono contenta di questo piattaforma! consiglio 😁,5,2026-05-05 13:06:10,0,it
super esperienza con vinted sia per acquistare che per vendere tutto molto semplice e veloce,5,2026-05-05 12:52:12,0,it
ottima applicazione...,5,2026-05-05 12:42:43,0,it
transazione effettuata in modo veloce. venditrice affidabile,5,2026-05-05 12:28:12,0,it
molto bene grazie,5,2026-05-05 12:26:07,0,it
tutto perfetto,5,2026-05-05 12:22:39,0,it
decisamente positiva.,5,2026-05-05 12:22:00,0,pt
funziona perfettamente,5,2026-05-05 12:14:00,0,it
"ottima applicazione ,funzionale e chiara nei dettagli .",5,2026-05-05 12:12:56,0,it
grazie tutto perfetto,5,2026-05-05 12:08:01,0,it
esperienza fantastica ✨️✨️✨️✨️✨️✨️,5,2026-05-05 12:04:12,0,it
molto interessante,5,2026-05-05 11:48:13,0,it
efficienti,5,2026-05-05 11:07:37,0,it
"ho notato che molte persone sbagliano le taglie e quindi bisogna chiedere la misura in centimetri. un'altra cosa che penso sia sbagliata è lo stato dell articolo che se è visibilmente usurato non può essere venduto in ""ottimo stato""",4,2026-05-05 10:29:58,0,it
ottima piattaforma per da vero e facile per vendere facile per acquistare e ottima assistenza.,5,2026-05-05 10:09:20,0,it
non funziona come dovrebbe,2,2026-05-05 09:28:01,0,it
"i corrieri scelti sono lenti nelle consegne ... minimo una settimana per l'italia , per l'estero anche un mese se non di più.. inoltre non bloccano gli utenti scorretti , quelli che non spedisco l'articolo gia' pagato.. quelli che spedisco articoli danneggiati o non funzionanti .. truffatori ( e vinted ti fa' pagare le spese per restituirli altrimenti non ti rimborsano) .. e l'assistenza clienti ??? chat automatica completamente inutile !!",1,2026-05-05 09:26:43,2,it
"molto difficile per fare un reso, a differenza di altri è veramente molto scarso e macchinoso per trovare il reso. pessimo!!!!!",1,2026-05-05 09:22:03,0,it
"mi trovo bene, tutto molto preciso",5,2026-05-05 09:05:50,0,it
mi trovo bene in tutto grazie,4,2026-05-05 08:40:42,0,it
consiglio questa applicazione,5,2026-05-05 08:09:54,0,it
acquistato alcune cose. lapp funziona bene tutto perfetto sw nkn arriva in tempo tj fanno lo storno degli ordini subito!,5,2026-05-05 07:59:43,0,it
quest' app sarebbe stupenda se chi vende venisse tutelato un po' di più e l'assistenza non facesse così schifo c'è molto da migliorare in questi due aspetti.,3,2026-05-05 07:48:46,1,it
si paga la protezione acquisti. che non serve a nulla. ho ricevuto un pacco (2 tazze e un vassoio) completamente sbriciolati. dopo ben 20 giorni (avevo segnalato il problema con foto) è stata conclusa la vendita. quindi ho perso i soldi spesi e non posso utilizzare gli articoli. alla mia domanda al centro assistenza sull'utilità della protezione acquisti nessuna risposta esaustiva. piuttosto regalo o vendo su facebook. mai più,1,2026-05-05 07:40:37,0,it
buona app ma i corrieri sono sempre in ritardo. arriva prima un pacco da aliexpress che dall italia.,2,2026-05-05 07:25:49,0,it
"attenzione, se vendete qualcosa e dopo averlo spedito all'arrivo la merce manca (vuoi perché il corriere l'ha perso o il compratore dichiara che ha ricevuto vuoto il pacco) i soldi vengono restituiti al compratore e voi, venditori, non avrete né un rimborso né la merce indietro. è bene saperlo.",1,2026-05-05 06:52:16,0,it
ottima app per compravendita di oggetti usati. veloce ed intuitiva,5,2026-05-05 00:41:29,0,it
"vinted è sicuramente la piattaforma con la quale si vende di più. però un appunto lo devo fare, dovreste garantire assistenza ai venditori e non solo agli acquirenti. dovreste stare più attenti alle truffe ed ai furbetti e dovreste lasciare vendere tranquillamente chi non ha mai dato problemi. la legge ci permette vendite private, basta non superare un certo limite economico. lasciateci vendere e bloccate chi cerca di fregare gli altri",5,2026-05-04 22:25:51,0,it
"pessima tutela. ho ricevuto carte contraffatte, ma vinted pretende il reso a mie spese per rimborsarmi. è inaccettabile: la legge vieta la spedizione di merce falsa, eppure la piattaforma mi obbliga a farlo, esponendomi a rischi legali e costi ingiusti. così si tutela il truffatore, che riceve indietro il falso e può rivenderlo, mentre l'acquirente perde soldi e tempo. la 'protezione acquisti' è un servizio inutile se non blocca le truffe palesi. sconsigliato per il collezionismo. una vergogna",1,2026-05-04 21:32:04,0,it
se sai e conosci ciò che vuoi qui lo troverai in ottimi rapporti qualità prezzo,5,2026-05-04 21:31:10,0,it
"facile da utilizzare, veloce e sicuro, si fanno ottimi affari",5,2026-05-04 21:10:51,0,it
da poco sono rientrato in questa app dopo una iniziale delusione di alcuni anni or sono. si vende e si acquista abbastanza bene e rapidamente. ovviamente si tratta di oggetti dal valore non molto alto ma serve per eliminare oggetti inutilizzati e per acquistare oggetti più utili o interessanti a cifre abbordabili .,5,2026-05-04 21:10:45,0,it
tutto come da descrizione,5,2026-05-04 21:02:39,0,it
venditrice seria capo perfetto come descrizione. grazie,5,2026-05-04 21:02:39,0,it
"vinted è una piattaforma che mi permette di guadagnare vendendo cio' che non uso più e allo stesso tempo di recuperare spazio.la cosa però più piacevole è anche il fatto di scambiare a volte due chiacchiare, anche se solo virtuali ,con persone che nemmeno si conoscono ma che ti regalano minuti di spensieratezza.",5,2026-05-04 20:58:45,0,it
ottimo e veloce,5,2026-05-04 20:48:55,0,it
"perfetto, venduto diversi articoli senza problemi.",4,2026-05-04 20:42:29,0,it
positivissima,5,2026-05-04 20:39:34,0,fi
"app facile da usare e sicura. mi sono trovato, fino a qui, molto bene .",5,2026-05-04 20:34:20,0,it
molto bene,5,2026-05-04 20:26:58,0,it
risparmi e ti diverti e fai del gran bene alla terra con l economia circolare,5,2026-05-04 20:26:30,0,it
sono state per il 90% esperienze molto positive,5,2026-05-04 20:18:48,0,it
fantastica,5,2026-05-04 20:17:50,0,it
un modo eccellente e sicuro per dare nuova vita alle cose. si fanno ottimi affari sia come venditore che come acquirente,5,2026-05-04 20:17:30,0,it
"io mi sto trovando molto bene! sia nella vendita che nell'acquisto. trovo che sia un'app molto azzeccata alla tipologia di prodotti venduti e al target di acquirenti. aggiornamento: a distanza di qualche anno mi trovo a togliere una stella per una pecca abbastanza fastidiosa nei confronti dei venditori. ovvero quando vengono rimossi degli annunci pubblicati (talvolta impiegando tempo e fatica), senza avere modo di sapere esattamente il perché, nella convinzione di aver rispettato il regolamento",4,2026-05-04 20:13:55,5,it
app di acquisti e vendite ben fatta.,5,2026-05-04 20:12:12,0,it
"ottimo venditore, affidabile e veloce",5,2026-05-04 20:07:52,0,it
sono contenta di avere scaricato quest'app.,5,2026-05-04 19:44:39,0,it
ottima in tutto,5,2026-05-04 19:43:44,0,fi
tutto perfetto,5,2026-05-04 19:39:05,0,it
perfetto e funzionale,5,2026-05-04 19:38:17,0,it
esperienza positiva,5,2026-05-04 19:37:47,0,it
è una buona vetrina,5,2026-05-04 19:27:28,0,it
ottima esperienza,5,2026-05-04 19:14:53,0,it
tutto è perfetto,5,2026-05-04 19:03:07,0,it
ottima come acquirente e come venditore,5,2026-05-04 18:55:03,0,it
"mi ha aiutato a smaltire un po' di roba, ma dopo un po' che la utilizzi le nuove robe che hai messo in vendita ""perdono"" visibilità.",4,2026-05-04 18:40:51,0,it
"ottimo sistema per ridare nuova vita a quello che non serve più. sistema veloce per caricare gli articoli, spedizione e ritiro. la pecca che trovo è la difficoltà di comunicazione con il team se necessario. per esempio articoli mai consegnati di cui la transazione rimane in sospeso",4,2026-05-04 18:39:28,0,it
ottimi affari ma bisogna stare molto attenti ai truffatori ed hai fake,4,2026-05-04 18:35:20,0,it
"bene,grazie",5,2026-05-04 18:29:43,0,hr
ottima soluzione per rinnovare guardaroba,5,2026-05-04 18:23:35,0,it
"un ottimo servizio che permette di acquistare vestiti usati. aggiungerei la possibilità di inserire abiti ""senza marca"" e di filtrare la provenienza dell' articolo.",4,2026-05-04 18:19:43,0,it
tutto arrivato in tempo e perfetto,5,2026-05-04 18:07:45,0,it
acquirente gentilissimo e disponibile !,5,2026-05-04 18:02:58,0,it
prima esperienza positiva,4,2026-05-04 18:00:12,0,it
tutto ok 👌,5,2026-05-04 17:53:07,0,fi
"caricato un articolo di marca, con dettagli e foto, mi è stato bloccato l'accont....ho disistallato l'app.",1,2026-05-04 17:43:19,0,it
"tutto bene, seguita dall' inizio alla fine",4,2026-05-04 17:42:29,0,it
app meravigliosa ! l'unico difetto che ha è che siccome è roba degli altri qualche volta ti penti dell'acquisto però è comunque un'app da scaricare,4,2026-05-04 17:40:30,0,it
lenta e costi di spedizione tr alti . prima che risolvono un qualsiasi problema poi ... una vita! però tutto sommato se si trovano venditori e acquirenti onesti si risparmia davvero molto !,3,2026-05-04 17:27:07,0,it
non ho ancora avuto a notizie riguardo,5,2026-05-04 17:15:10,0,it
"tutto ok, precisione e tempestività. ottimo venditore, grazie alla prossima 👍",5,2026-05-04 17:12:55,0,it
venditore corretto pacco perfetto! tutto come da descrizione,5,2026-05-04 17:08:00,0,it
venditore preciso. l'applicazione è super 👍,5,2026-05-04 17:04:11,0,it
ottima app 💯,5,2026-05-04 17:03:01,0,it
"la app funziona bene per la vendita sarei un assistenza un po' più celere e veloce un caso di problemi, soprattutto perché si paga sempre la protezione acquisti. un'altra buona idea sarebbe anche quella di poter selezionare il paese di vendita. per il resto super",4,2026-05-04 16:46:21,2,it
tutto ok per vendite e acquisti,5,2026-05-04 16:37:32,0,it
la miglior app di vendita e acquisto che esista.,5,2026-05-04 16:29:45,0,it
eccellenti,5,2026-05-04 16:07:55,0,it
"app abbastanza buona,sia vendere che per acquistare.",4,2026-05-04 15:44:06,0,it
"al momento ho solo comprato ed è andato tutto bene. all'inizio ero diffidente, poi mi sono ricreduta. inizierò anche a vendere sicuramente😎",5,2026-05-04 15:22:34,0,it
"ottima app, mi aiuta a vendere ciò che non uso più",5,2026-05-04 15:21:18,0,it
"tutto sommato è una buona app per l'usato ma presenta sicuramente dei grossi limiti: ad esempio le spedizioni sono davvero molto costose, non c'è la possibilità di reso, non si riescono a segnalare le persone perchè le politiche sono per alcuni versi troppo permissive, i tempi di attesa per la ricezione dell'articolo sono davvero lunghi, non si riescono ad annullare gli ordini per validi motivi (ad esempio se il venditore non risponde) senza che ti arrivi una recensione automatica negativa.",3,2026-05-04 15:19:37,4,it
tutto perfetto e veloce consiglio,5,2026-05-04 14:45:23,0,it
tutto ok consiglio!,5,2026-05-04 14:44:17,0,it
eccellente,5,2026-05-04 14:39:16,0,it
"ho effettuato un acquisto su vinted ma ho avuto una pessima esperienza. acquisto effettuato e tracking delle poste che segnalava che il pacco era in restituzione, nonostante l'assistenza sia stata più volte contattata ogni volta mi chiedeva di aspettare che la situazione si risolvesse da sola. all'ennesimo richiesta di assistenza vinted ha contrassegnato l'ordine come completato.",1,2026-05-04 14:36:04,4,it
"ottima app per svuotare l'armadio da cose che non si usano più. facile caricare articoli, facile venderli e facile ricevere i soldi i in cambio.",5,2026-05-04 14:30:15,0,it
"a parte il fatto che è bello riciclare le cose, e dare loro nuova vita... ma soprattutto è divertente e di trovano tanti oggetti utili a buon prezzo",5,2026-05-04 14:25:20,0,it
"applicazione affidabile, utilissima, corretta e attenta alle transazioni a tutela degli utenti.",5,2026-05-04 14:15:13,0,it
"ho scaricato da poco quest' app e ho venduto 2 articoli, sono molto soddisfatto perché è tutto preciso e facile. grazie vinted",5,2026-05-04 14:12:54,0,it
molto bene! geazie,5,2026-05-04 13:45:09,0,it
ottimo prodotto,5,2026-05-04 13:37:04,0,it
tutto efficente,5,2026-05-04 12:55:45,0,it
"ottima app ottimo sistema tranne per i resi,ho avuto un problema con i resi che non ho potuto risolvere per via del troppo tempo che intercorre tra la richiesta d aiuto e la risposta del personale.",3,2026-05-04 12:41:51,0,it
tutto perfetto!,5,2026-05-04 12:37:46,0,it
prodotto come da foto venditore puntuale,5,2026-05-04 12:35:42,0,it
molto valida chiara e trasparente,5,2026-05-04 12:33:10,0,it
"mi piacerebbe che ci fosse l'opzione per filtrare il paese di ricerca, preferirei comprare in italia per il costo delle spese di spedizione ma l'algoritmo continua a propormi 90% delle cose dalla francia e altri paesi",4,2026-05-04 12:26:10,0,it
"intuitiva, veloce, pratica.",5,2026-05-04 12:25:26,0,it
top di gamma!!!!!,5,2026-05-04 12:06:18,0,it
acquirente affidabile al 100%. pagamento immediato nessuna complicazione e risposta rapida. affare perfetto lo consiglio.,5,2026-05-04 11:51:45,0,it
"pacco ricevuto prima del previsto,tutto perfetto.",5,2026-05-04 11:33:48,0,it
ottima applicazioni... servizi ottimi,5,2026-05-04 10:55:46,0,it
perfetto 🙏❤️,5,2026-05-04 10:54:24,0,it
sempre tutto perfetto,5,2026-05-04 09:59:17,0,it
spesso acquistando i venditori poi non spediscono,3,2026-05-04 09:31:37,0,it
ottima app per vendere e comprare.,5,2026-05-04 07:08:47,0,it
facile vendere e comprare,5,2026-05-04 06:47:40,0,it
ottima esperienza,5,2026-05-04 06:08:49,0,it
"darei anche 5 stelle ma le spedizioni con poste sono pietose...tempi biblici, preferisco pagare un corriere valido che le poste",4,2026-05-04 02:18:02,1,it
tutto speciale top,5,2026-05-03 20:47:09,0,it
puoi fare soldi facili .consigliata,5,2026-05-03 18:50:15,0,it
tutto bene,5,2026-05-03 18:35:51,0,it
ci dovrebbe essere un cancellazione delle attività passati tutto in archivio..sono pieno di messaggio e spesso mi perdo grazie una bella scoperta,4,2026-05-03 18:30:52,0,it
questa app mi piace molto. semplice ed intuitiva anche per persone come me che non sono troppo smart.,5,2026-05-03 18:08:12,0,it
ottimo acquisto.la venditrice gentilissima,5,2026-05-03 17:59:34,0,it
consigliata,5,2026-05-03 16:57:03,0,it
molto facile da usare e utile per vendere ciò di cui non hai più bisogno,5,2026-05-03 16:26:51,0,it
"metterei cinque stelle se non fosse per: 1) il delirio che si vede ultimamente, ho trovato carte di cibo e anche cibo messo in vendita perché toccate da chissà chi, o foto di ragazzine, ma c'è tanto peggio 2) la possibilità di vendere anche nel regno unito e viceversa, con quello che si paga di protezione e spedizione non cambia molto",3,2026-05-03 15:42:19,1,it
ottima esperienza,5,2026-05-03 15:28:24,0,it
"tutto eccellente puntuale sia nella spedizione che nel pagamento,mi sono trovato molto bene, inserirò altri annunci",5,2026-05-03 15:05:31,0,it
stuenda! 😍,5,2026-05-03 15:03:21,0,it
"very good platform that you can sell and buy in good price this is what we need for this modern world,",5,2026-05-03 14:52:07,0,en
"assolutamente positiva, la migliore consiglio con infinite stelle 🌟🌟⭐⭐💯💯💯💯💯sempre di più💯💯💯❤️",5,2026-05-03 14:46:54,0,it
facile vendere e facilissimo comprare!,5,2026-05-03 13:14:49,0,it
tutto molto fluido consiglio,5,2026-05-03 12:37:07,0,it
"l'app e fatta bene e non ho mai beccato truffatori come su subito o altre applicazioni, consiglio moltissimo per ls vendita!!",5,2026-05-03 12:31:35,0,it
applicazione perfetta,5,2026-05-03 12:01:39,0,it
manca filtro ricerca per paese.,1,2026-05-03 11:53:08,1,it
"davvero un'ottima app e servizi. sarebbe davvero utile che si potesse dividere i preferiti per venditore, così sarebbe più facile gestire la possibilità di acquistare dei ""set"". spero che questo suggerimento possa essere accolto. grazie",5,2026-05-03 11:38:47,0,it
"truffatoil pacco è arrivato al mittente e il corriere non ha aggiornato per sua colpa la ricezione e consegna del pacco , nonostante abbia inviato foto e prove che l' acquirente confermava che aveva ricevuto il pacco , vinted dopo un mese mi dice che non posso fare niente se non rimettere fittiziamente il pacco(che non avevo più) in vendita e che per bontà dell' acquirente lo doveva ricomprare, servizio assistenza da vergogna unica cosa positiva è che erano 4€ ma se fossero stati di più?vergogna",1,2026-05-03 10:27:04,1,it
"togliete l'audio dalle pubblicità, è insopportabile.",4,2026-05-03 10:15:47,0,it
è un ottimo canale di vendita e acquisti convenienti.,5,2026-05-03 10:12:15,0,it
ormai sono vinted dipendente 😊,5,2026-05-03 08:54:55,0,it
"poco seri e attendibili. ho lasciato dei soldi sul conto e mi hanno bloccato l'accesso inventando scusa del tipo è un problema del telefono, oppure è dovuto al fatto che non c'è segnale. ecc.. contattato supporto tecnico che praticamente è inesistente. i soldi li hanno trattenuti. ho il sospetto che me li abbiano rubati i collaboratori di vinted.",1,2026-05-03 08:18:42,1,it
"very disappointing experience with vinted. i carefully packaged my item using appropriate materials, yet it was damaged during shipping due to what appears to be careless handling. what’s even more frustrating is the lack of transparency: i asked for objective evidence supporting their decision not to refund me, but none was provided. on top of that, i was denied the right to have my item returned. this kind of policy offers no real protection for sellers and feels extremely unfair.",1,2026-05-03 07:17:04,1,en
grande app tutto perfetto,5,2026-05-02 23:16:47,0,it
attenzione a chi vende: il suporto per il venditore è nullo. sono stato fregato dal corrieri e il vinted ha detto che non si può far niente perché ho chiuso l'ordine manualmente (per restituire i valori al acquirente in modo più veloce). anche con tutte le prove fotografate.,1,2026-05-02 23:15:38,1,it
"tutto perfetto spedizione veloce, grazie",5,2026-05-02 22:19:57,0,it
"beh, app discretamente facile, bisogna stare attenti e cercare di usarla spesso",4,2026-05-02 21:16:51,0,it
ottima. darò 5 stelle quando sarà possibile salvare i set creati!,4,2026-05-02 20:59:36,0,it
funziona benissimo,5,2026-05-02 20:47:18,0,it
sistema funcional y práctico,5,2026-05-02 20:46:29,0,es
mi trovo molto bene,5,2026-05-02 20:43:17,0,sk
"molto conveniente. sull'usato sicuro ,peccato che sia molto vincolante il reso . difficoltà nella connessione.",5,2026-05-02 18:44:30,0,it
"funziana benissimo, facile da usare, complimenti.",5,2026-05-02 18:25:46,0,it
"favoriscono i truffatori, non vendete nulla che non valga più di 5 euro. io sono stato fregato e loro hanno dato ragione alla controparte. la vergogna non esiste in questa applicazione",1,2026-05-02 18:21:19,1,it
e un grande negozio,5,2026-05-02 18:08:25,0,it
grazie a vinted,5,2026-05-02 17:58:49,0,it
app consigliatissima!!,5,2026-05-02 17:44:08,0,it
"facile, intuitiva, rapida, puntuali le informazioni su ordini out e in",4,2026-05-02 17:24:11,0,it
pessima esperienza. torno su ebay.,1,2026-05-02 17:08:12,1,it
tutto molto intuitivo. comunicazione ed informazioni costanti.,5,2026-05-02 16:52:45,0,it
"molto semplice da usare, utile",5,2026-05-02 16:47:29,0,it
grazie a vinted i tuoi capi acquistano una seconda vita,5,2026-05-02 16:33:47,0,it
ottima esperienza.pacco puntualissimo.maglia in perfette condizioni.come nuova. venditore pecci.andrea consigliatissimo,5,2026-05-02 16:25:13,0,it
"come tutti gli altri siti, anche questo è pensato e ideato per tutelare solo gli interessi dell acquirente e per dare valore pari a zero ai venditori e al tempo che spendono per vendere.",1,2026-05-02 16:01:19,1,it
"io mi ci trovo benissimo, sia nelle vendite che negli acquisti, certo le spese di spedizione sono altine, però tutto sommato sono fattibili. è molto semplice nella gestione. lo straconsiglio",5,2026-05-02 15:22:51,0,it
ottima piattaforma,5,2026-05-02 15:18:32,0,it
si possono fare buoni affari in tutta sicurezza.ottima,5,2026-05-02 15:12:16,0,it
"dire pessima è poco. sono anni che sono su vinted, mai avuto un problema. metto in vendita un tagliaunghie per gatti (secondo la loro policy, si può) e mi viene bloccato il profilo in modo permanente perché a detta loro è un prodotto falso. alchè gli mando email su email con tutte le prove che il marchio è vero e il prodotto non è un falso. si scusano dicendo che avrebbero sbloccato il profilo. passano due settimane e il profilo risulta ancora bloccato. schifo più assoluto.",1,2026-05-02 15:06:23,1,it
"l'esperienza è positiva,.ma dovrebbero bloccare gli utenti che troppo spesso fanno proposte e poi non acquistano. alimentano le.persone poco serie",3,2026-05-02 14:52:52,1,it
"semplicemente perfetta, congratulazioni",5,2026-05-02 14:20:19,0,it
ottima piattaforma,5,2026-05-02 14:06:41,0,it
"app grandiosa per la vendita e acquisto, anche per la gestione delle spedizioni postali. unica cosa ancora migliorabile la ricerca delle categorie quando si creano gli annunci",4,2026-05-02 14:04:11,0,it
"esperienza positiva su vinted, comunica subito tutte le fasi di acquisto o vendita, e poco fa' ho avuto un problema con un acquisto e sono stata rimborsata 👍👍",5,2026-05-02 13:54:01,0,it
"si affidano a poste italiane per le spedizioni. ho riscontrato più volte problemi di forti ritardi con le consegne, o pacchi smarriti, ma sia poste italiane che vinted non fanno assolutamente nulla. devi aspettare 25 giorni lavorativi per avere una risposta e non è detto che sia quella che speravi. a questo punto direi che vinted non è il massimo, sicuramente c'è di meglio.",1,2026-05-02 13:53:42,2,it
tutto ottimo,5,2026-05-02 13:40:35,0,it
perfetta per acquisti di anime e per i collezionisti di statuette,5,2026-05-02 13:29:51,0,it
"vastissimo utenza, un sistema di carico articoli molto intuitivo. l'unico neo per quel che mi riguarda sono le spedizioni. consegne a volte davvero lentissime, che condizionano gli acquisti.",4,2026-05-02 13:27:06,0,it
perfettamente funzionante,5,2026-05-02 13:08:30,0,it
"molto belle, grazie mille😃🤗",5,2026-05-02 12:50:01,0,it
"una applicazione gestita bene,è sicura e soprattutto tutela i suoi clienti",5,2026-05-02 12:45:47,0,it
"tutto bellissimo, fin quando non vendi qualcosa per 30 euro quindi comunque spicci, compri una busta per le spedizioni quelle con la fascia bioadesiva, aprono la busta rubano un prodotto dentro, e danno la colpa a me per imballaggio insufficiente, non sapevo dovessi acquistare delle casseforti per spedire. quindi non vengo rimborsata perché la colpa è mia che persone forzano e aprono dei pacchi. pessima esperienza,non rischierò piu di rimanere senza soldi e senza prodotti!",1,2026-05-02 12:44:32,1,it
mi piacciono tutti gli articoli vorrei aquistare,5,2026-05-02 12:00:38,0,it
"è più che meraviglioso, ha un prezzo ragionevole e offre spedizioni veloci.",5,2026-05-02 11:48:17,0,it
"assistenza clienti men che pessima. tutelato molto di più il venditore che l'acquirente. protezione acquisti che si paga obbligatoriamente, poi non serve a nulla in caso di necessità.",1,2026-05-02 11:48:09,1,it
vendita senza intoppi. grazie 😊👋,4,2026-05-02 11:42:56,0,it
"pessima ,bloccano il profilo senza ragioni logiche mentre hai già spedito merce e nessuno ti paga o rimborsa",1,2026-05-02 11:33:22,0,it
soddisfatta funziona benissimo,5,2026-05-02 11:19:28,0,it
un app studiata al dettaglio,5,2026-05-02 10:47:12,0,it
"ottima applicazione, super pratico",5,2026-05-02 10:43:32,0,it
"pieno di truffatori che non inviano quello mostrato in foto e vinted non fa niente per fermare questi pessimi attori, rimborso e via, 0 conseguenze. abbasso la valutazione perché ho sempre problemi coi pagamenti, mi prendono i soldi, vinted ha problemi col pagamento e devo aspettare giorni per riaverli. quindi da 2 stelle a 1. appena arrivano i soldi disinstallo sta app pessima gestita da avidi incompetenti.",1,2026-05-02 10:18:30,1,it
ottima qualità,5,2026-05-02 10:10:16,0,it
tutto molto veloce e semplice nel acquisto e nel vendere oggetti...,4,2026-05-02 09:23:21,0,it
dopo 8/10 acquisti ho inserito questa recensione. app valida e comoda .,4,2026-05-02 09:17:52,0,it
ottimo venditore grazie,5,2026-05-02 09:14:35,0,it
ottima esperienza!!,5,2026-05-02 08:54:09,0,it
eccellente,5,2026-05-02 08:20:24,0,it
app inutile,1,2026-05-02 04:55:44,1,it
non arrivano le notifiche e a differenza di prima per vedere il saldo bisogna aprire il saldo invece prima era visibile pentita di questo pessimo aggiornamento,1,2026-05-02 00:03:33,1,it
"vinted è comoda, affidabile, facile da utilizzare, precisa e guidata in tutti i passaggi.",5,2026-05-01 23:40:33,0,it
"mi hanno bloccato l account dicendo che l articolo era contraffatto, ma su che basi , mandato foto,che l articolo è autentico, ma le risposte sono tutte uguali e in automatico. non distinguono le brave persone oneste da i truffatori veri che ci sono dentro.",1,2026-05-01 22:03:07,1,it
"uso questa app da più di due anni, riesco a vendere cose di piccolo valore. la app è migliorabile, la aggiornano spesso, ma non sempre per migliorarla. ad esempio non è più possibile vedere il guadagno totale. in generale il servizio di assistenza è difficile da contattare, spesso non soddisfacente",3,2026-05-01 22:02:10,1,it
"i più grandi dementi sono quelli che non tengono da conto che su centinaia di migliaia di persone che usano l'app possano chiamarsi allo stesso modo, per poi ritrovarti come uno scemo a fare nomi articolati (inutili) rimanendo comunque sia bloccato perché non procede con l'iscrizione... imparate che se mi chiamo riccardo e voglio mettere riccardo, io metto riccardo e basta... non è concepibile il messaggio ""questo nome utente e già in utilizzo""",1,2026-05-01 21:54:29,1,it
molto bene ottimo,5,2026-05-01 21:26:16,0,it
tutto perfetto,5,2026-05-01 20:47:19,0,it
"sistema lento nel caricare le immagini e inserzioni, assistenza inesistente..... solo quella dell'ia, impossibile trattare materiale di collezionismo ..... è tutto vietato",1,2026-05-01 20:44:47,1,it
"bene, ma servirebbe indicare tra i filtri anche la vestibilità (es slim, regular...)",3,2026-05-01 20:36:31,0,it
app facile e intuitiva. funziona,5,2026-05-01 20:26:16,0,it
sono veramente soddisfatta di far parte di questa community!,5,2026-05-01 19:54:43,0,it
ottimo sistema di vendita,5,2026-05-01 19:27:41,0,it
semplice da usare,5,2026-05-01 19:25:31,0,it
per volere di vinted alcune opzioni di spedizione non possono essere disattivate!!! io che vivo su una cavolo di isola e non ho un punto inpost non posso disattivarlo. vi sembra normale che io per spedire un pacco dovrei andare a terraferma??? (che tra andata e ritorno mi costerebbe quasi 15€ e almeno 3 ore di tempo),1,2026-05-01 18:45:35,1,it
"devo dire che è un'ottima app per vendere e svuotare le cose che non usi e ricavi qualche guadagno e trovi altrettanto qualche cosa,top",5,2026-05-01 18:41:29,0,it
"ottima piattaforma per comprare e vendere,si trovano molte occasioni",5,2026-05-01 18:24:52,0,it
molto soddisfatta ben organizzata,5,2026-05-01 18:14:05,0,it
"ottima app, si guadagna vendendo ciò che non serve più",5,2026-05-01 18:06:20,0,it
in una piattaforma dove l'acquirente ha il 99% di ragione sul venditore è qualcosa di assurdo...ti bloccano l'account mandi rincorso e non rispondono....,1,2026-05-01 17:52:08,1,it
mi piace molto e mi sento sicura xchè ci sono persone serie che lavorano per noi,5,2026-05-01 17:18:50,0,it
esperienza molto positiva e soddisfacente.,5,2026-05-01 17:10:12,0,it
non fa più accedere dopo ultimo aggiornamento!,1,2026-05-01 16:26:59,1,it
utilissima,5,2026-05-01 16:20:09,0,fi
"lo schifo dello schifo delle ap per vendere. algoritmo pietoso. gli articoli che si mettono vengono spesso rimossi per sospetti falsi e anche se fai ricorso con prove inconfutabili. come numero di serie, pattern o codici identificativi come loghi, il tuo articolo non verrà comunque ripristinato. complimenti per avermi fatto perdere tempo. piuttosto utilizzate subito punto it o market place che sono anni luce avanti.",1,2026-05-01 16:10:24,1,it
efficiente,5,2026-05-01 16:06:19,0,es
"piattaforma ideale per la compravendita. si usa con estrema facilità, costi di spedizione contenuti. sia acquirenti che venditori ben tutelati. eventuali rimborsi, rapisissimi. in due anni ho venduto tantissimo, molto di più che su altre piattaforme. pienamente soddisfatta. consigliatissima.",5,2026-05-01 16:03:10,0,it
comodo economico e ecologico,5,2026-05-01 15:06:52,0,it
purtroppo non ero stata avvisata che le scarpe acquistate (marchio conosciuto e di cui ho diverse paia) calzavano corte e il venditore non ha voluto riprenderle indietro. la venditrice è stata anche alquanto sgarbata. non so se proverò di nuovo a fare acquisti,3,2026-05-01 14:25:03,1,it
"sono stata truffata sono stata truffata, ho contattato l'assistenza tantissime volte, allegando moltissime foto e hanno dato ragione alla venditrice. sognatevi che io continui ad usare l'app, sconsiglierò l'app a tutti facendo vedere foto e screenshot",1,2026-05-01 14:11:10,1,it
tutto perfetto,5,2026-05-01 14:10:03,0,it
divertente sicuro economico😊,5,2026-05-01 13:48:46,0,it
mi piace tutela chi acquista e chi vende..grazie,5,2026-05-01 13:42:04,0,it
decisamente ok,5,2026-05-01 13:37:56,0,pt
sono molto soddisfatta sunonimo di elevata professionalità,5,2026-05-01 13:35:32,0,it
prodotto arrivato come da descrizione ...grazie,5,2026-05-01 13:30:12,0,it
molto sicura .,5,2026-05-01 13:19:08,0,it
articolo imballato perfettamente e come descritto nell' annuncio,5,2026-05-01 12:53:05,0,it
esperiena molto positiva.,5,2026-05-01 12:29:01,0,it
tutto perfetto. grazie,5,2026-05-01 12:10:35,0,it
"si vende bene, ottima esperienza utente, più facile da usare di ebay",5,2026-05-01 11:26:46,0,it
"tutto perfetto, venditore consigliato",5,2026-05-01 11:20:12,0,it
"la mia esperienza è stata positiva . ho avuto la possibilità di vendere a buon prezzo vari prodotti e di poter comprare spessissimo a basso prezzo libri , fumetti o altro che altrimenti avrei pagato a volte il doppio . senza forum è giusto dare una stella in più , è davvero un buon sito e ve lo consiglio.",4,2026-05-01 11:12:52,5,it
fantastica!,5,2026-05-01 10:58:13,0,it
"piattaforma totalmente pro acquirente. del venditore se ne sbattono altamente. l'acquirente che non ritira il pacco viene rimborsato anche delle spese di spedizione incentivandolo ad acquistare senza problemi, mentre se il venditore perde tempo e materiale di imballaggio va bene così. vergognoso che tutelano solo da chi prendono i soldi.",1,2026-05-01 10:55:10,2,it
stupende come da descrizione💕,5,2026-05-01 10:52:32,0,it
molto affidabile basta ordinare dalle persone giuste,5,2026-05-01 10:09:32,0,it
è bello usare vinted per acquistare e vendere.,5,2026-05-01 10:01:49,0,it
i trasferimenti di denaro dal portafoglio vinted alla carta sono troppo lenti,3,2026-05-01 10:01:23,1,it
adoro vinted; facile e veloce app per acquisti e per vendite. 🌟🌟🌟🌟🌟,5,2026-05-01 09:45:45,0,it
facile e comodo,5,2026-05-01 09:37:49,0,pt
tutto come descritto! bene,5,2026-05-01 09:28:37,0,it
"non c'è alcuna tutela la protezione acquisti non copre nulla. dopo un primo ordine andato bene, ho ricevuto un pacco con oggetti danneggiati all'origine (non nel trasporto), la venditrice non ha voluto prendersene la responsabilità ed è rimasto a me rispedire il pacco a mie spese. in totale circa 15€ di spese di spedizione a/r per non avere alcuno degli oggetti acquistati. letteralmente 15€ buttati per far fare due viaggi a una scatola. ovviamente non permettono i pagamenti con paypal, i geni...",1,2026-05-01 09:25:54,1,it
darei 5 stelle. ma solo gli acquirenti sono tutelati,4,2026-05-01 09:08:24,0,it
"facile ed intuitiva, unica pecca la difficoltà nell'interfacciarsi con l'assistenza",4,2026-05-01 08:39:29,0,it
ottimo acquisto,5,2026-05-01 08:24:29,0,it
ok app ottima per vendere e dare una seconda vita alle cose che non utilizzi più,5,2026-05-01 08:19:15,0,it
ottima app e sicura,5,2026-05-01 07:44:33,0,it
come da descrizione,5,2026-05-01 07:28:24,0,it
eccellente,5,2026-05-01 06:29:41,0,it
app peggiorata sono sparite voci utilissime per fare una ricerca selettiva nei preferiti e non é possibile selezionare la nazionalità dei venditori,2,2026-05-01 02:43:00,1,it
bella esperienza,4,2026-05-01 01:59:09,0,it
persona gentilissima e pulita la consiglio,5,2026-05-01 00:58:38,0,it
articolo perfetto,5,2026-05-01 00:32:54,0,it
organizzazione perfetta potrebbero nascere delle amicizie!,5,2026-04-30 23:57:46,0,it
ll miglior metodo per vendere cosa non ti serve più.,5,2026-04-30 23:04:35,0,it
persona seria la venditrice grazie,5,2026-04-30 22:55:23,0,it
articolo acquistato impeccabile,5,2026-04-30 22:17:13,0,it
c é solo qualcosina da migliorare,4,2026-04-30 21:54:08,0,it
venditrice perfetta. prodotto come da descrizione,5,2026-04-30 21:39:55,0,it
"veloce, comprensibile,conveniente",5,2026-04-30 21:23:08,0,it
ottimo bello come in foto preciso,5,2026-04-30 20:39:53,0,it
la mia esperienza per ora è positiva,5,2026-04-30 20:38:44,0,it
ottima esperienza di vendita e acquisto,5,2026-04-30 20:37:45,0,it
posso dire che è la migliore app di vendere e comprare fino adesso!complimenti,5,2026-04-30 20:30:20,0,it
sono molto soddisfatta veloce e pratico,5,2026-04-30 20:13:27,0,it
facile vendere,5,2026-04-30 19:50:23,0,da
tutto perfetto 👍,5,2026-04-30 19:33:31,0,it
finora tutto ok,5,2026-04-30 19:30:24,0,it
tutto bene grazie.,4,2026-04-30 19:27:52,0,it
ottima esperienza,5,2026-04-30 19:27:00,0,it
bellissima,5,2026-04-30 19:14:01,0,fi
app che si usa facilmente e non ho mai beccato un bug.,5,2026-04-30 19:13:02,0,it
"ottima app, migliorabili la gestione delle foto e l'editing della descrizione degli articoli",4,2026-04-30 19:11:51,0,it
app fantastica,5,2026-04-30 19:11:20,0,it
tutto come ok venditore consigliato,5,2026-04-30 18:50:25,0,it
farei piu semplice l'errore etichetta. puo capitare come a me di aver chiesto reso per errore scambio pacco ed ho dovuto attendere 20 gg nonostante tt i gg chiedevo aiuto..e poi potete farlo anche in italiano non tutti conoscono l'inglese,4,2026-04-30 18:33:27,0,it
perfetti come mi aspetravo,5,2026-04-30 18:33:09,0,it
ottima app,5,2026-04-30 18:29:44,0,it
ottima app,5,2026-04-30 18:29:28,0,it
l'azienda è seria con i soldi degli acquirenti in un limbo fino ad acquisto a buon fine. account tutti recensiti e verificati tutto è assicurato è stato divertente.,5,2026-04-30 18:23:55,0,it
fantastica,5,2026-04-30 18:22:28,0,it
"prodotto in ottimo stato! primo acquisto ,mi sono trovata bene.",5,2026-04-30 18:20:14,0,it
"ho ricevuto il mio primo pacco, ed era tutto come da descrizione. molto soddisfatta!",5,2026-04-30 18:18:19,0,it
"gli acquisti che ho fatto fino ad ora, corrispondono alle foto pubblicate e, gli articoli sono di tessuto buono",5,2026-04-30 18:16:11,0,it
tutto perfetto grazie,5,2026-04-30 18:09:34,0,it
semplicemente straordinaria,5,2026-04-30 18:02:06,0,it
davvero una bella e facile applicazione. sarò un vostro cliente,5,2026-04-30 18:01:59,0,it
semplicemente funzionale,5,2026-04-30 17:31:31,0,it
esperienza molto positiva,5,2026-04-30 17:29:15,0,it
tutto perfetto,5,2026-04-30 17:21:42,0,it
"il venditore ha scritto condizioni ""ottime"". in realtà sono molto più che ottime! l' articolo è nuovo, manca solo il cartellino! molto soddisfatta",5,2026-04-30 17:16:59,0,it
app sempre piu indispensabile ..il subito.it di un tempo,5,2026-04-30 16:49:26,0,it
"negli ultimi tempi l'app spesso non funziona, adducendo a problemi del server.",2,2026-04-30 16:34:28,1,it
vinted una garanzia...,5,2026-04-30 16:17:43,0,it
ottima. tutto ok,5,2026-04-30 16:06:58,0,fi
tutto ok...,5,2026-04-30 16:06:35,0,fi
prezzi molto favorevoli e app topp,5,2026-04-30 15:52:34,0,it
"pessima gestione del supporto (operatore dorian). a seguito di un danno da trasporto, vinted ha rimborsato totalmente l'acquirente senza obbligarlo al reso. sebbene l'imballo fosse migliorabile, trovo assurdo permettere questo arricchimento indebito: l'acquirente ora ha soldi e merce, mentre io ho perso tutto. il supporto risponde con frasi robotiche negando persino il recupero dell'oggetto a mie spese. una politica punitiva che non offre alcuna mediazione equa. statene alla larga.",1,2026-04-30 15:51:55,1,it
fantastico,5,2026-04-30 15:34:36,0,it
bella tutto bene,5,2026-04-30 15:18:50,0,it
intuitivo e celere,4,2026-04-30 15:16:19,0,it
"dopo aver pagato 10 euro di boost mi vengono nascosti in automatico degli annunci per un loro errore di valutazione e dopo aver fatto reclamo e aver ricevuto una risposta palesemente da un bot non è possibile neanche rispondere o riesporre il reclamo. soldi persi, servizio pessimo",1,2026-04-30 14:29:31,2,it
"peggiore applicazione dove acquistare o vendere, pieno di gente che ti insulta se non accetti il loro prezzo e se ti insultano e magari ti lasciano recensioni false con insulti i signori di vinted ti dicono che rispettano lo stesso le norme della community... da questo vediamo la loro serietá nell assistenza, cancellata e a mai piu",1,2026-04-30 14:25:34,2,it
"da quando hanno tolto la possibilità di pagare con paypal comprare è impossibile. pagamento rifiutato continuamente e servizio clienti latitante come al solito. in più, i banner pubblicitari di shein rendono impossibile l'uso della piattaforma. appena per sbaglio ci passi sopra ti rimanda lì sempre peggio",1,2026-04-30 14:16:27,2,it
"per ora tutto ok, mi trovo bene, precisa, ti assiste , traccia i pacchi e la roba é stata sempre in ottimo stato.",5,2026-04-30 14:11:06,0,it
su vinted e' veramente facile acquistare ed i tempi di consegna sono veloci,5,2026-04-30 14:03:13,0,it
bellissima app la amo tanto grazie mille,5,2026-04-30 14:01:52,0,it
"esperienza tragicomica. su circa 40/50 annunci guardati, cercando un prodotto, l'avviso ricorrente è: impossibile acquistare l'articolo, non ci sono opzioni di spedizione disponibili. prova a cercarne uno simile. non capisco il senso di mostrare degli annunci che poi non riescono a spedire. se mi avesse mostrato solo quelli con opzioni disponibili avrei risparmiato un paio d' ore della mia vita. spoiler: per nessun annuncio aperto è stato possibile procedere all' acquisto. app inutilizzabile.",1,2026-04-30 14:01:30,2,it
seria app mi piace,5,2026-04-30 13:55:09,0,it
efficienza,4,2026-04-30 13:53:04,0,it
"funziona molto bene, solo i tempi sono un pochino lunghi",5,2026-04-30 13:44:29,0,it
bellísimo !,5,2026-04-30 13:42:30,0,es
chi cerca trova!,5,2026-04-30 13:41:10,0,it
"applicazione molto utile sia per chi cerca, sia per chi vende.",5,2026-04-30 13:34:59,0,it
"tutto bene, i tempi di spedizione sono piuttosto lunghi.",4,2026-04-30 13:09:36,0,it
ho rifatto soldi con cose che non usavo più. ottima,5,2026-04-30 12:53:00,0,it
trovo tutto quello che mi appassiona,5,2026-04-30 12:32:43,0,it
"un assistenza pessima, non rimborsano niente dato che è gestita da ai e quindi così di punto in bianco non ti rimborsano ! non è tutelato l'utente che compra, dato che se apre la discussione che il prodotto è danneggiato , 1) non ti rimborsano e se casomai dovessero farlo lo fanno dopo mesi e mesi e 2) vanno sempre a favore del venditore ma, mai di colui che compra affidatevi ad altri siti più sicuri non scaricherò mai più quest' applicazione",1,2026-04-30 12:17:26,2,it
tutto perfetto,5,2026-04-30 12:15:36,0,it
molto funzionale,5,2026-04-30 12:15:11,0,it
tutto bene!,4,2026-04-30 12:06:46,0,it
tutto ottimo,5,2026-04-30 12:06:20,0,it
"con i suoi pregi (moltissimi) e i suoi difetti (pochi e tante volte riferibili agli addetti alle spedizioni) la miglior app di vendita/compra, per quanto mi riguarda a soppiantato subito & co.",5,2026-04-30 12:04:00,0,it
non capisco il senso della verifica di carta mi ha chiesto i dati li ho messo e voleva prelevare tutti soldi che ciò ma la mia banca non ha autorizzato allora mi ha detto di creare una carta che autorizza e ricaricare di 300€ per poter eseguire la verifica allora io ho eliminato il annuncio ma mi arrivano lo stesso messaggi che vogliono comprare scrivo che ho eliminato il annuncio mi arriva che stanno acquistando e devo eseguire la verifica,1,2026-04-30 11:40:17,2,it
"questa cosa di bloccare gli utenti senza senso non va bene, se le persone nella chat sono maleducate ed offendono è giusto fare un blocco e segnalare ma se uno parla normalmente in chat e poi viene bloccato senza neanche avere la possibilità di capire e replicare con la persona non mi sembra corretto.",2,2026-04-30 11:16:37,2,it
"app con diverse pecche, venditori non tutelati, recensioni non controllate, tantissimi furbi che trovano come imbrogliarti e spese di spedizione e assicurazione altissime. delusa.",1,2026-04-30 11:16:14,2,it
mi piace tantissimo! ottimo modo per non buttare via cose che non uso più 😊,4,2026-04-30 11:09:30,0,it
"funziona benissimo. ma servizio clienti inesistente. solo chatbot, un operatore ti risponde dopo almeno 4 giorni.",3,2026-04-30 10:44:46,1,it
"assistenza zero....mi spiace non poter lasciare zero stelle....tutela solo per acquirenti....ho venduto un articolo, vinted mi manda l'etichetta con tracciamento errato morale...ci perdo i soldi, annullano l'ordine e mi da (vinted) una recensione negativa...spiego dando tutte le prove possibili che non era un mio errore e rispondono che non cambiano decisione....state alla larga da questa app se volete vendere!!!",1,2026-04-30 10:23:28,3,it
unico neo la stampa dell' etichetta ma la supereremo agevolmente,4,2026-04-30 10:14:43,0,it
comoda e sicura,5,2026-04-30 10:11:09,0,pt
molto buona,5,2026-04-30 09:57:35,0,it
perfetto tutto,5,2026-04-30 09:40:06,0,it
"⚠️app fantastica per il riciclo, ma l'assistenza clienti è praticamente inesistente. l'ai è inutile! capitello, perché la maggior parte dei problemi non li risolve. inoltre i problemi con le spedizioni sono all'ordine del giorno. fate lavorare le persone non le macchine",3,2026-04-30 09:22:48,2,it
molto semplice e bravi voi,5,2026-04-30 09:10:56,0,it
"non funziona più nulla e l'assistenza non risponde in modo corretto.... dopo tanto tempo è tornato tutto a posto. ora posso dire che su vinted, vendere o acquistare è molto più semplice e veloce!",5,2026-04-30 09:02:20,0,it
"molte volte l'articolo non è come descritto. non è facile per l'acquirente dimostrare di avere ragione. se fai una recensione sincera, ti danno una brutta recensione. per restituire l'articolo paghi le spese di spedizione. ci dobbiamo affidare alla sincerità delle persone.",2,2026-04-30 08:41:52,2,it
tutto perfetto,5,2026-04-30 08:41:12,0,it
tutto 👌 🆗️,5,2026-04-30 08:10:39,0,it
"mi sento truffata.ho venduto un oggetto in francia,si è rotto nel trasporto,ho chiesto più volte all'acquirente di mandarmi la foto del pezzo rotto e mai ricevuta.ho chiesto che mi venisse fatto il reso,ho chiesto aiuto a vinted perché potessi riavere indietro l'oggetto.dopo due settimane di trattativa,vinted mi risponde che l'acquirente era stato rimborsato ed in più si teneva l'oggetto.non lo trovo giusto,se tutti facciamo così avremmo gli oggetti gratis.mi sento truffata soprattutto da vinted",1,2026-04-30 07:58:36,2,it
spettacolare,5,2026-04-30 06:34:33,0,it
funziona bene,5,2026-04-29 23:10:13,0,it
"da regolamento l'ai dovrebbe essere vietato, ma di fatto è una prassi. peraltro, se fai l'errore di segnalare un contenuto scorretto facendo perdere la vendita a vinted, la piattaforma la elimina ma tu non vendi più per settimane. già l'assistenza lasciava il tempo che trovava, ma almeno era un'app utile per lo scambio fra pari. adesso chiunque può piazzarti uno straccio mettendolo su una finta modella in una finta stanza con due richieste a chat gtp.",1,2026-04-29 22:49:11,1,it
"vendere è un'impresa, a parte la comunity a dir poco imbarazzante, l'algoritmo non spinge minimamente i contenuti a meno di pagare o caricare costantemente roba... per quanto riguarda chi compra invece, non ci sono sufficienti garanzie in quanto non vi è un contatto diretto con l'assistenza e qualora si venga truffati il venditore non subirà alcuna conseguenza e sarete tenuti a ri inviare indietro l'articolo (a vostre spese), nonostante la segnalazione fatta con tanto di prove fotografiche...",1,2026-04-29 22:44:37,2,it
ok perfetto,5,2026-04-29 22:20:44,0,no
buona app.per vendere e acquistare 😍,5,2026-04-29 22:14:16,0,it
funziona molto bene,5,2026-04-29 22:12:01,0,it
ottimo acquirente consiglio,5,2026-04-29 22:10:39,0,it
"non esiste alcuna piattaforma con un'assistenza peggiore di vinted: è impossibile parlare con operatori umani, se hai un problema meglio lasciar stare subito. inoltre l'applicazione funziona sulla base di algoritmi assurdi e senza senso. annunci nascosti senza alcun motivo e profili bannati per ragioni irreali. ci sono venditori che vendono articoli non consentiti, li segnali e vinted non procede con nessuna restrizione perché tutto funziona sulla base di valutazioni fatte da robot",1,2026-04-29 22:08:05,2,it
un'app utile ma nello stesso tempo non controllata bene perchè girano molte truffe da chi acquista e chi vende.mi hanno fatto perdere 200euro.,2,2026-04-29 21:51:56,2,it
"finora tutto ok, ho venduto un sacco di roba con facilità. c'è un buon pubblico, gli utenti sono educati",5,2026-04-29 21:33:11,0,it
ottimo in tutto sito affidabilissimo,5,2026-04-29 21:32:49,0,it
"ottima piattaforma gratuita e semplice da usare che ti mette in contatto con tantissimi utenti per comprare articoli usati o nuovi, anche di marca.. la consiglio vivamente",5,2026-04-29 21:14:14,0,it
bello mi piace molto,5,2026-04-29 21:10:46,0,it
a volte si impalla ma non riscontro altri problemi,5,2026-04-29 21:04:19,0,it
"inizialmente avevo messo 4 stelle, oggi passo a 5. mi trovo bene con l'applicazione. raramente ho avuto problemi di accesso, e comunque per brevissimo tempo.",5,2026-04-29 20:57:25,0,it
bellissima camicia!!,5,2026-04-29 20:53:03,0,it
"molto utile per ""eliminare le cose superflue""",5,2026-04-29 20:46:23,0,it
"prima esperienza, positiva.",5,2026-04-29 20:43:59,0,it
ottimo per dare nuova vita a oggetti ancora buoni,4,2026-04-29 20:03:05,0,it
"precisi ed attenti, bravi",5,2026-04-29 20:02:31,0,it
utilizzo l'applicazione da un paio di anni e la reputo un ottimo modo per riciclare e risparmiare.,5,2026-04-29 19:59:52,0,it
ottima applicazione,5,2026-04-29 19:47:26,0,it
tutto ok! spedizione veloce pacco super curato!....top!👍🏽,5,2026-04-29 19:40:01,0,it
sorprendente... ottima,5,2026-04-29 19:37:28,0,it
adoro questa app mi ha aiutato a vendere bene alcuni articoli di cui non avevo più bisogno,5,2026-04-29 19:32:05,0,it
app meravigliosa,5,2026-04-29 19:14:46,0,it
"il servizio clienti evidenzia significative criticità operative. in particolare, si segnala la mancata gestione di un reclamo per un pacco smarrito, con la richiesta di attesa di 25 giorni, da sommarsi ai tempi di spedizione già trascorsi e alle successive settimane necessarie per la verifica dello smarrimento e l'eventuale rimborso. 5 pacchi persi tutti iphone. non si riesce a caricare più articoli. con questa politica di rimborso che avete mi hanno rubato degli articoli e nessun rimborso",1,2026-04-29 19:07:31,10,it
ottima esperienza per poter vendere e comprare con facilità d'uso.,5,2026-04-29 18:57:16,0,it
"è una piattaforma interessante quando funziona tutto bene, ma quando ti serve assistenza sembra di chattare con un'assistente virtuale...le risposte non c'entrano niente con la domanda fatta... una consegna doveva arrivare a torino, ma è andata a finire a piacenza. l'assistenza di vinted diceva che era andato tutto a buon fine... ad ogni notifica di eventuali sgarri vi viene comunicato che se ricapita si rischia il blocco per 7 giorni o un blocco permanente. sto pensando di eliminare l'account.",1,2026-04-29 18:40:37,3,it
bellissima merce,5,2026-04-29 18:13:10,0,it
vendo a fatica. contestano articoli veri come falsi e bloccano profilo dopo tot vendite. saranno gelosi? meglio ebay,1,2026-04-29 18:12:57,2,it
"ottimo sito, ottimo per vendere e comprare grazie per questa app molto utile e valida",5,2026-04-29 18:02:20,0,it
"molte esperienze di acquisto, tutte positive",5,2026-04-29 17:55:16,0,it
tutto perfetto,5,2026-04-29 17:46:48,0,it
ottima esperienza!,5,2026-04-29 17:38:46,0,it
"tutto come da pubblicazione,persona seria ed affidabile.",5,2026-04-29 17:37:21,0,it
straordinario!!,5,2026-04-29 17:34:08,0,it
top top top! la migliore applicazione di vendita di sempre! grazie vinted,5,2026-04-29 17:21:43,0,it
totalmente a favore del venditore. se il venditore sbaglia l'acquirente deve spedire a spese sue e questa non mi sembra una buona gestione dei resi.,1,2026-04-29 17:13:42,2,it
tutto a posto!,5,2026-04-29 17:05:11,0,it
ottimo acquisto ottimo venditore,5,2026-04-29 16:14:20,0,it
prodotto arrivato con puntualità e come nelle descrizioni,5,2026-04-29 16:10:12,0,it
app perfetta in tutto davvero. aggiungerei la possibilità di poter fare una ricerca anche per località.,5,2026-04-29 16:01:18,0,it
comodo e con una scelta vastissima.,5,2026-04-29 15:54:28,0,it
"state attenti a cosa acquistate, guardate bene le foto ed eventualmente chiedetene ulteriori. pagamento solo tracciabile, girano parecchi furbetti qua dentro",4,2026-04-29 15:49:44,0,it
"ottima, molto soddisfatto del srvizio",5,2026-04-29 15:44:03,0,it
perfetto grazie,5,2026-04-29 15:37:14,0,it
perfetto!❤️,5,2026-04-29 15:34:04,0,it
tutto funziona ottimamente,5,2026-04-29 15:28:07,0,it
ottima transazione sono molto soddisfatto dell'acquisto. come al solito complimenti a questa app.,5,2026-04-29 15:23:55,0,it
esperienza positiva,4,2026-04-29 15:15:02,0,it
metto 3 stelle altrimenti vi montate la testa,3,2026-04-29 15:04:07,0,it
molto bene tutto è molto serio come app.👍,5,2026-04-29 14:48:40,0,it
semplicissima da usare e molto seria.,5,2026-04-29 14:19:43,0,it
tutto perfetto!! 👍,5,2026-04-29 14:16:16,0,it
vinted-top💯,5,2026-04-29 13:25:22,0,en
do 4 stelle perché ci sono alcune cose che vanno migliorate,4,2026-04-29 13:23:34,0,it
"pacco arrivato perfettamente imballato, articolo fedele alla descrizione e alle immagini. grazie.",5,2026-04-29 13:07:41,0,it
esperienza molto positiva tutto okkk.,5,2026-04-29 13:06:24,0,it
affidabilissima sia per chi vende per chi compra. buone offerte,5,2026-04-29 13:01:53,0,it
ottima sia per semplicità che per sicurezza negli acquisti,5,2026-04-29 12:58:11,0,it
ottima esperienza tutto perfetto. grazie mille.,5,2026-04-29 12:56:50,0,it
servizio scandaloso ti arriva un pacco su dieci,1,2026-04-29 12:53:38,2,it
ottimo imballo,5,2026-04-29 12:28:53,0,it
"articolo spedito velocemente e perfetto, come in foto. grazie😊",5,2026-04-29 12:13:38,0,it
tutto perfetto,5,2026-04-29 12:05:35,0,it
ottimi affari,5,2026-04-29 11:56:47,0,it
tutto perfetto! molto soddisfatto,5,2026-04-29 11:48:58,0,it
assistenza pessima non vieni tutelato,1,2026-04-29 11:35:29,2,it
ottima app,5,2026-04-29 11:05:35,0,it
bellissima,5,2026-04-29 11:03:13,0,fi
sempre ok!,5,2026-04-29 10:57:32,0,sl
app molto intuitiva e vendite veloci.,5,2026-04-29 10:47:08,0,it
e brutto pk se tu invii il pacco anche se in buone condizioni e lo imballadi correttamente se il corriere lo danneggia molto difficilmente attorrai un rimborso,1,2026-04-29 10:38:05,2,it
tutte le volte che acquisto arriva tutto nei tempi e in perfetto ordine. i prezzi sono competitivi.,5,2026-04-29 10:24:09,0,it
ottimo il sistema di pagamento e protezione,5,2026-04-29 09:57:02,0,it
"nelle controversie il venditore ha potere di veto anche con prove a carico. il supporto risponde con template. il paradosso definitivo: se il venditore si comporta correttamente e rimborsa, l'acquirente non può recensirlo positivamente. i disonesti vengono segnalati, gli onesti restano invisibili. non è un bug. è la policy.",1,2026-04-29 09:31:45,2,it
dopo un anno di vendita e feedback positivi mi avete cancellato l account per un quadretto termosaldato e sigillato con l interno una farfalla che non si può verificare l autenticità se non rompendo il vetro..scorretti.. ho solo interagito con un bot e poi visto che al momento di pubblicare un annuncio perché non bloccate subito? una volta cancellato l account si perde tutto. sconsiglio,1,2026-04-29 09:21:32,2,it
ottima esperienza,5,2026-04-29 08:53:06,0,it
servizio non proprio impeccabile,3,2026-04-29 08:46:23,0,it
ottimo acquisto. venditrice super,5,2026-04-29 08:30:56,0,it
tutto veloce e chiaro. esperienze positive,5,2026-04-29 08:29:45,0,it
mi avete bloccato l'account senza spiegazione l'ho installato e non ho mai né venduto né comprato,5,2026-04-29 08:25:59,1,it
tutto perfetto 👍🏻 e profumato 🌸,5,2026-04-29 07:24:48,0,it
facile utilizzo e molto utile per trovare oggetti ormai non reperibili nei negozi. utilissima per evitare sprechi e dare nuova vita a oggetti ormai inutilizzati,5,2026-04-29 06:52:57,0,it
bè che dire app facilissima e per me è stata una scoperta grazie,5,2026-04-29 03:33:55,0,it
"ottimo se va tutto bene, ma appena una persona ha un problema spariscono. danno un tempo limite di risposta di 48 ore ma lo ignorano bellamente, il loro servizio clienti è pessimo. se acquistate tramite vinted sappiate che il reso non è una vera opzione sicura, dovete sperare che vada tutto bene con il venditore e con il loro sito, perché altrimenti vinted vi ignorerà. non prendono provvedimenti neanche verso chi minaccia di morte nella chat.",1,2026-04-29 03:01:57,3,it
"pessima esperienza con l’assistenza clienti di vinted. sono stato vittima di una truffa sulla piattaforma e, nonostante abbia contattato il supporto numerose volte fornendo tutte le prove richieste, il mio account risulta ancora bloccato senza una spiegazione chiara né una reale soluzione. trovo assurdo che un utente truffato venga trattato come se fosse lui il problema. mi aspettavo maggiore tutela verso chi utilizza il servizio in buona fede e un’assistenza più rapida, competente e trasparente",1,2026-04-29 02:29:49,2,it
follia totale che l'acquirente possa decidere di non ritirare il pacco prendendosi il rimborso completo e facendo perdere tempo e soldi alla gente.,1,2026-04-29 01:15:10,2,it
"la nuova politica stringente sulle inserzioni penalizza i venditori anche in assenza di prove fondanti del ragionamento penalizzante.. con blocco account la loro opinione è insindacabile e non hai modo di difenderti, un giudizio calato dall'alto che devi subire. complimenti",1,2026-04-28 23:48:30,3,it
prodotto in ottime condizioni,5,2026-04-28 22:58:23,0,it
scarpe bellissime,5,2026-04-28 22:55:05,0,it
ottimo sarebbe ancora piu funzionale se si potessero selezionare piu sottocategorie della stessa macro categoria,4,2026-04-28 22:52:48,0,it
offre moltissimi oggetti.. pure troppi. ma se ti impegni giusto un poco ..puoi trovare affari incredibili a prezzi assurdi. super consigliata!!,5,2026-04-28 22:52:24,0,it
ottimo acquisto. ottimo venditore. ottima app!,5,2026-04-28 22:38:42,0,it
tutto facile!,5,2026-04-28 22:01:52,0,it
"ottima app, consiglio vivamente per chi vuole comprare roba usata di qualità anche a prezzi bassi e chi vuole vendere usato per fare un bel cambio armadio o altro.",5,2026-04-28 21:41:10,0,it
peccato che non si po mettere 0 anche 1 non lo meritate io ho spedito un pacco di valore di 200 euro con posta italiane e il pacco non è mai arrivato a destinazione e mi hanno bloccato anche il profilo vinted senza nessun motivo non ho ricevuto anche il rimborso e anche il mio pacco sta da 30 giorni in restituzione al mittente e aspetterò ancora,1,2026-04-28 21:23:52,2,it
fantastico,5,2026-04-28 21:14:48,0,it
vendo e compro moltissimi,5,2026-04-28 21:07:09,0,it
"la piastra sembra nuova ma la confezione è rovinatissima, mancano pezzi di cartone...",4,2026-04-28 21:03:40,0,it
avevo paura di essere stato ingannato invece è andato tutto a buon fine app molto competente e professionale la consiglio..,5,2026-04-28 20:57:50,0,it
ottima app,5,2026-04-28 20:40:09,0,it
ottime esperienze,5,2026-04-28 20:34:02,0,it
"un ottimo strumento per vendere e comprare roba usata o pari al nuovo, a prezzi decisamente ragionevoli. molto valida non solo per i vestiti, ma anche libri, fumetti, o oggetti da collezione.",5,2026-04-28 20:27:07,0,it
"al momento l'app n.1 dove fare acquisti, anche se di seconda mano.",5,2026-04-28 20:24:54,0,it
ho pagato l articolo nuovo la metà e vinted trattiene i soldi sino alla risposta sulla qualità dell ordine ricevuto. benissimo. grazie.,5,2026-04-28 20:24:05,0,it
"l'idea è di riutilizzare e non buttare, dare una seconda vita a oggetti, vestiti... mi chiedo perché non ci sia il filtro ""distanza"". se cerco un pantalone perché dovrei prenderlo dall'altra parte dell'europa se può essere nella stessa città. vorrei acquistare consapevole di non attivare un meccanismo di consumismo con consegne a così lunga distanza inutilmente...",3,2026-04-28 20:11:51,1,it
ottimo acquisto,5,2026-04-28 20:11:48,0,it
"ottima app di compravendita, avvolte ci si imbatte in venditori strampalati e poco affidabili, ma la piattaforma dà buone garanzie di tipo assicurativo... consigliato",5,2026-04-28 20:10:18,2,it
ottimissima app 🥰,5,2026-04-28 19:50:09,0,fi
mi hanno bloccato il profilo perché sono convinti che io sia un negozio!!! non ho una partita iva come ve lo devo dire???? sono una comunissima venditrice casalinga!,1,2026-04-28 19:47:05,2,it
"ottima venditrice, molto disponibile e veloce nel spedire grande cura del prodotto",5,2026-04-28 19:44:34,0,it
un acquisto ottimo e arrivato in pochi giorni. ottima l'assistenza vinted,5,2026-04-28 19:40:57,0,it
"le pagine di tracciamento sono pessime, assolutamente poco integrate rispetto al resto. raggiungere il supporto o l'assistenza è difficile, ovviamente sempre le solite faq che non risolvono mai forniscono risposte generiche e non esiste una chat con operatore... e aspettiamo che mettano l'ai, sarà pure peggio...",3,2026-04-28 19:23:50,0,it
ottima esperienza per organizzazione perfetta,5,2026-04-28 19:11:42,0,it
tutto bene spedizione veloce e venditrice affidabile,5,2026-04-28 19:10:55,0,it
"ma da quando gli acquirenti ti truffano, non vedo nessun aiuto dall'assistenza nei confronti dei venditori",1,2026-04-28 19:08:52,2,it
ottima efficiente,5,2026-04-28 19:07:53,0,it
vinted è una piattaforma semplice nell' utilizzo ma estremamente articolata e precisa in tutti gli aspetti di acquisto e vendita. esperienza estremamente positiva.,5,2026-04-28 18:57:34,0,it
finora sempre tutto ok. 4 su 4,5,2026-04-28 18:42:08,0,it
acquisto e vendo con facilità. ottima app.,5,2026-04-28 18:34:26,0,it
"si potrebbe fare un lavoro decisamente migliore, soprattutto per quanto riguarda tutti quei profili che vendono tranquillamente articoli con prezzi fasulli(es: 1€ per un telefono da minimo 100€) e penalizzare onesti venditori come nel mio caso. persone che vendono i loro oggetti personali vari(non reselling pasmodico come molti) per poi essere quasi bannati dalla piattaforma siccome segnalato da profili a 0 rec. come reseller o venditore ad alti volumi.",1,2026-04-28 18:29:03,3,it
molto utile per piccoli extra sulle proprie entrate . app. costruita molto bene .bravi,5,2026-04-28 18:15:05,0,it
"per ora ho fatto solo un acquisto, andato tutto a buon fine",5,2026-04-28 18:02:51,0,it
app stupenda,5,2026-04-28 18:01:54,0,it
ottimo aquisto,5,2026-04-28 18:00:22,0,it
tutto perfetto,5,2026-04-28 17:47:20,0,it
unica pecca non puoi fare resi se l'articolo non ti sta bene quindi ti accolli di tenere qualcosa che non va. certo puoi sempre rivenderlo,4,2026-04-28 17:33:46,0,it
ottima esperienza,5,2026-04-28 17:33:41,0,it
"so che è nato per vendere vestiti, ma visto che viene usato per molti altri tipi di oggetti, per la vendita di libri e fumetti sarebbe necessario aggiungere un filtro sulla lingua. adesso è possibile selezionare anche la lingua 5⭐",5,2026-04-28 17:24:05,1,it
ordine arrivato in perfette condizioni.venditore affidabile e preciso.,5,2026-04-28 17:21:18,0,it
"descrizione perfetta, gentilezza e cortesia",5,2026-04-28 17:20:54,0,it
non tutela affatto dalle truffe che alcuni acquirente fanno,1,2026-04-28 16:43:38,2,it
tutto perfetto come descritto grazie,5,2026-04-28 16:15:03,0,it
"pessima esperienza con un prodotto arrivato difettoso. ho chiesto il reso, ma la spedizione la devo parare io. anche se nell'acquisto ho sborsato 15 euro di protezione acquisto. state attenti!",1,2026-04-28 15:15:17,2,it
"purtroppo non ho avuto esperienze positive su vinted. gli articoli sono fotografati bene e spesso i venditori omettono i problemi vinted non interviene nella disputa tra acquirente danneggiato e venditore. le spese di spedizione sono detratte dal reso, per cui se va bene ok.... altrimenti è complicato ed antieconomico rispedire.",1,2026-04-28 15:04:56,2,it
"peccato che lo capito un può tardi,compravo sempre roba da subito.it che costa troppo caro ...",5,2026-04-28 15:01:50,0,it
tutto bene.. sono soddisfatta dell'acquisto,5,2026-04-28 14:56:03,0,it
"ottima app, però dopo questa breve esperienza , ho notato che per quanto riguarda gli oggetti che arrivano maltrattati, viene garantito l'acquirente e non il venditore , che è quello che ci rimette sempre",4,2026-04-28 14:35:31,0,it
"eccellente! ormai lo uso da qualche anno....ho fatto tanti acquisti dell'abbigliamento , cosmetica ed anche cose elettroniche....e ho sempre avuto esperienze positive....l'app è ben fatta e sicura!",5,2026-04-28 13:54:49,0,it
valida e funzionante,5,2026-04-28 13:52:55,0,it
app precisa e puntuale,5,2026-04-28 13:36:10,0,it
tutto perfetto,5,2026-04-28 13:33:44,0,it
la migliore app mai trovata per economia circolare. complementi!,5,2026-04-28 13:29:24,0,it
"l'app nel complesso funziona abbastanza bene, ma dovrebbe essere migliorata l'assistenza clienti perché spesso risulta inadeguata, rendendo lenta e complessa la risoluzione del problema. dovrebbe essere inserita una recensione negativa automatica per chi non ritira i pacchi in tempo, non è giusto che venga penalizzato solo il venditore.",3,2026-04-28 13:28:56,6,it
tutto bene,5,2026-04-28 13:20:15,0,it
"come nelle foto...cliente gentile e disponibile,acquisto top",5,2026-04-28 13:15:11,0,it
app molto funzionale,5,2026-04-28 13:10:07,0,it
"ottima app! perfetta per vendere e comprare, mi trovo molto bene e ogni passaggio è semplice",5,2026-04-28 13:04:37,0,it
soddisfatta 😊,5,2026-04-28 13:04:14,0,sv
"truffata da acquirente belga, vinted ha risarcito acquirente che ha tenuto articolo e soldi nonostante io abbia dimostrato più volte consegna e tracciamento completato a cura di inpost e mondial ray",3,2026-04-28 12:46:47,1,it
"alcune cose da rivedere, per il resto ottima",4,2026-04-28 12:44:21,0,it
super affari!,5,2026-04-28 12:43:13,0,it
"non sempre è da parte di chi vende,ho venduto un gioco è l' acquirente che la ricevuto ha detto che il pacco era vuoto ,così ho perso 25€.",4,2026-04-28 12:42:26,0,it
"l'unica pecca, (spedizioni) dopo che l'utente a spedito il pacco troppo lente troppooo, parliamo che una spedizione italiana cioè da palermo a torino e ecc, 10 /12 giorni per il resto buona app. ma migliorate la velocità delle spedizioni",3,2026-04-28 12:38:56,1,it
soddisfatissima,5,2026-04-28 12:38:12,0,it
facile inserimento degli articoli,5,2026-04-28 12:37:07,0,it
ottima app,5,2026-04-28 12:36:25,0,it
bellissima app,5,2026-04-28 12:23:38,0,it
ottimo e puntuale in tutto,5,2026-04-28 12:22:11,0,it
efficace e tempestiva! grazie,5,2026-04-28 12:15:03,0,it
"tutto perfetto, spedizione veloce e acquisto come da descrizione",5,2026-04-28 11:49:33,0,it
"utilizzata da anni, dovrebbe rinnovarsi.",3,2026-04-28 11:48:35,0,it
non fa entrare nell'applicazione. dice sempre che devo aspettare 5 minuti. problema serio da motorola edge 50 neo (xt2409-1),1,2026-04-28 11:35:44,1,it
molto positiva,5,2026-04-28 11:28:11,0,it
"ottima esperienza, consiglio vivamente",5,2026-04-28 11:22:15,0,it
sempre positiva,5,2026-04-28 11:11:50,0,it
tutto 👍 grazie,5,2026-04-28 10:51:06,0,it
buon prodotto e comode.,5,2026-04-28 10:41:25,0,it
"migliorata molto rispetto alle prime versioni, purtroppo però non è semplice vendere come prima. l'app spinge molto sui boost per ottenere visibilità, come se non bastassero già la protezione acquisti obbligatoria + gli altri costi. al di là di questo, è una tra le migliori app di questo genere.",4,2026-04-28 10:02:58,21,it
validissima app dove comprare al giusto prezzo,5,2026-04-28 09:59:50,0,it
"ottima app, al momento non ho mai avuto problemi con nessun acquisto.",5,2026-04-28 09:40:14,0,it
mi trovo benissimo sia come acquirente che come venditrice. ottima app ❣️,5,2026-04-28 09:25:52,0,it
molto positiva. app fantastica. compro da diversi anni su vinted e mi sono sempre trovata benissimo,5,2026-04-28 09:21:16,0,it
ottima app!,5,2026-04-28 09:19:40,0,it
sito di semplice utilizzo e davvero conveniente,5,2026-04-28 08:59:43,0,it
"il servizio clienti è scandaloso. non risponde per giorni poi, se inizi ad aprire più segnalazioni, improvvisamente si svegliano e sbagliano anche le risposte. l'assistenza per un reso non esiste. le spese di reso sono completamente a carico dell'acquirente e senza servizio convenzionati nonostante l'oggetto acquistato presentasse un difetto (tasca rotta) non segnalato. pessima opinione. più",1,2026-04-28 08:57:42,2,it
tutto perfetto,5,2026-04-28 08:53:34,0,it
felpa nuova e molto carina. tutto ok nella spedizione.,5,2026-04-28 08:37:04,0,it
l'app funziona benissimo a volte sono i venditori che sono poco corretti,5,2026-04-28 08:28:41,0,it
utile facile e intuitiva,5,2026-04-28 08:28:37,0,it
facile e veloce,5,2026-04-28 08:23:32,0,it
ottima app si trovano grandi offerta basta avere pazienza,5,2026-04-28 08:20:44,0,it
sistema di spedizione a dir poco ridicolo. scegli spedizione qrcode ti manda dove non hanno involucro da spedire,1,2026-04-28 08:17:47,1,it
ottimo servizio,5,2026-04-28 07:18:40,0,it
perfetto 👍,5,2026-04-28 01:38:44,0,it
the perfect and easy way to buy very nice and unique clothes,5,2026-04-28 00:00:27,0,en
"primo acquisto. scarpe numeris ,tempi di consegna rispettati e ordine perfettamente come descritto. soddisfatta!",5,2026-04-27 22:58:24,0,it
lo consiglio a tutti,5,2026-04-27 22:39:49,0,it
ottimo ottimo,5,2026-04-27 22:34:55,0,it
molto serii e sono contenta,5,2026-04-27 22:25:13,0,it
vinted è il massimo,5,2026-04-27 22:24:48,0,it
more than great! i am absolutely in love with vinted! totally addicted!,5,2026-04-27 22:20:02,0,en
"pacco ricevuto! tutto bene, come me lo aspettava! grazie",5,2026-04-27 22:19:18,0,it
"app eccezionale, organizzata e gestita benissimo.",5,2026-04-27 22:12:31,0,it
"app molto fortunata, ma migliorabile.",3,2026-04-27 21:36:16,0,it
prodotti contraffatti senza essere controllati prima di essere messi in vendita. truffe senza poter avere il rimborso,1,2026-04-27 21:34:01,1,it
app semplice e intuitiva,5,2026-04-27 21:21:17,0,it
tutto perfetto,5,2026-04-27 21:03:25,0,it
tutto perfetto,5,2026-04-27 20:41:36,0,it
ottima... ordine arrivato nei tempi prestabiliti... massima serietà .. grazie,5,2026-04-27 20:40:52,0,it
risposta sempre tardi faccio il reso alla spesa mia anche se il articolo rotto,1,2026-04-27 20:09:46,1,it
wszystko ok 👍,5,2026-04-27 20:05:51,0,pl
"l app ha sempre funzionato bene, oggi non so per quale motivo , forse vinted si annoiava, ha deciso che lemie scarpe originali erano false. non contento mi hanno dato una restrizione, forse e ora di cambiare",2,2026-04-27 20:04:12,1,it
eccellente,5,2026-04-27 20:02:46,0,it
"la consiglio vivamente è davvero diventata indispensabile, sia per vendere roba inutilizzata ed acquistare allo stesso tempo roba che altri non desiderano",5,2026-04-27 20:01:02,0,it
perfette nuove e una persona corretta e esatta,5,2026-04-27 19:54:21,0,it
di facile utilizzo,5,2026-04-27 19:44:53,0,it
ottima app,5,2026-04-27 19:39:45,0,it
ottimo come da foto ..reale grazie ottimo venditore super consigliato,5,2026-04-27 19:36:12,0,it
"l' unica cosa che non funziona è che il saldo delle vendite non si può trasferire sulla carta prepagata che si usa per pagare , ci vuole anche il conto corrente.",1,2026-04-27 19:30:38,1,it
tutto perfetto...grazie di tutto,5,2026-04-27 19:26:16,0,it
venditore preciso ed affidabile. articolo come descritto ☺️,5,2026-04-27 19:22:25,0,it
non se apre doppi l'aggiornamento,1,2026-04-27 19:13:51,1,it
sono molto sodidsfatto dell'app e di vinted!👍,5,2026-04-27 19:10:35,0,it
tuta ottima grazie,5,2026-04-27 19:10:16,0,it
"l'app andrebbe solo implementata con un maggior controllo, soprattutto in caso di contenzioso che tutela ,nella maggior parte dei casi, i compratori che molte volte approfittano per fare vere e proprie truffe. per il resto va tutto bene",3,2026-04-27 18:56:56,2,it
persona molto seria grazie mille,5,2026-04-27 18:45:18,0,it
ottima app,5,2026-04-27 18:40:47,0,it
"item as described, good packaging",5,2026-04-27 18:35:09,0,en
perfetto grazie!,5,2026-04-27 18:33:25,0,it
la app funziona bene ma propone gli articoli simili a quelli già acquistati. non si capisce perché dovrei comprare una giacca se ne ho appena comprata una. per il resto è ok.,4,2026-04-27 18:32:00,0,it
grazie perfetto,5,2026-04-27 18:27:00,0,it
ottima app!!!,5,2026-04-27 18:18:09,0,it
troppo comodo !!!,5,2026-04-27 18:13:23,0,it
oggetto tutto ok,5,2026-04-27 18:10:00,0,it
perfetto come da descrizione! grazie,5,2026-04-27 17:50:15,0,it
app fantastica....si trova di tutto...servizio assistenza efficiente ....prezzi convenien ti,5,2026-04-27 17:43:35,0,it
"vieni segnalato e bloccato per qualsiasi cosa pubblichi, piattaforma con regole e politiche che rendono l'uso impossibile",1,2026-04-27 17:40:16,1,it
ho trovato ciò che cercavo e tutto è stato facile e veloce. felicissima,5,2026-04-27 17:31:08,0,it
molto soddisfatta,5,2026-04-27 17:16:19,0,it
aggiornamenti continui e zero assistenza sulle numerose truffe,1,2026-04-27 17:14:54,1,it
"account bloccato per “attività insolite” senza alcuna spiegazione concreta. ho inviato tutti i documenti richiesti da oltre due settimane, ma ricevo solo risposte automatiche e inutili. nel frattempo, il mio account resta bloccato e non posso accedere al saldo, che è denaro mio. assistenza inesistente e totale mancanza di trasparenza. inaccettabile per una piattaforma che gestisce pagamenti. attendo una soluzione immediata.",1,2026-04-27 17:10:14,12,it
merce molto bella e come in descrizione 😍,5,2026-04-27 17:06:22,0,it
"ottimo acquisto! conforme alle aspettative. curato, pulito, consegna rapida,tutto ok 👍",5,2026-04-27 16:58:26,0,it
consigliato,5,2026-04-27 16:46:09,0,it
esperienza positiva,4,2026-04-27 16:45:55,0,it
signora molto disponibile e gentile,5,2026-04-27 16:44:08,0,it
molti articoli interessanti. pagamenti sicuri suggerimento: possibilita' di alert per brand preferiti,5,2026-04-27 16:42:40,0,it
grazie per la serietà e per la qualità del prodotto...super,5,2026-04-27 16:28:49,0,it
ottima esperienza sia per comprare che per vendere,5,2026-04-27 16:27:17,0,it
"ottimo per vendere e comprare veloce, facile e sicuro",5,2026-04-27 16:17:23,0,it
semplice e affidabile. la consiglio vivamente. la concorrenza avrà vita difficile d'ora in poi.,5,2026-04-27 16:14:33,0,it
"ho installato questa applicazione per confrontarla con un'altra che usavo solitamente e devo dire di essere stato pienamente soddisfatto per quanto riguarda la sua facilità di utilizzo, per la serietà e la trasparenza.",5,2026-04-27 16:13:42,0,it
"semplice utilizzo, ampia offerta, competitiva",5,2026-04-27 16:13:10,0,it
più garanzie per l'acquirente in caso di errore del venditore,4,2026-04-27 16:11:53,0,it
tutto ok. grazie,5,2026-04-27 16:08:14,0,it
"prezzi ottimi, verifiche buone, protezione acquisti buona, app buona sia per i venditori che per gli acquirenti",5,2026-04-27 16:07:04,0,it
ottima esperienza!!,5,2026-04-27 16:05:45,0,it
formidabile,5,2026-04-27 15:48:50,0,pt
"le taglie sbagliate, fate un corso accelerato devono fotografare l'etichetta...mille cose sbagliate",3,2026-04-27 15:24:54,0,it
"piattaforma piena di speculazione su molti prodotti, problemi con corrieri che non si presentano a ritirare i pacchi venduti e perdi giornate lavorative ad aspettarli invano, e se parte la spedizione devi solo pregare che i corrieri non danneggino la merce spedita se no non rivedi più i tuoi articoli e vai in perdita.esperienza molto negativa",1,2026-04-27 15:23:56,1,it
molto utile. trovate vesti e scarpe a prezzi onestissimo.,5,2026-04-27 15:17:29,0,it
una svolta. si trova di tutto. unica pecca abolirei del tutto la protezione degli acquisti,5,2026-04-27 15:15:25,0,it
"buona idea, pessimo servizio clienti, non ti tutela dalle truffe",2,2026-04-27 15:14:30,2,it
venditore pefetto consigliato grazie,5,2026-04-27 15:11:23,0,it
"l'app definitiva per comprare e vendere oggetti usati, funzionale, intuitiva, supporto attento e immediato, la migliore in assoluto",5,2026-04-27 14:51:14,0,it
"veloce e sintetico ,utile quando dispiace eliminare in discarica cose nuove o indossate solo 1 volta. grazie di esistere vinted",5,2026-04-27 14:46:15,0,it
l'applicazione è fatta anche bene ma purtroppo l'assistenza è vergognosa e imbarazzante tutta gestita da bot inutili e parlare con un operatore è quasi impossibile.,1,2026-04-27 13:55:21,2,it
ottime esperienze trovo sempre ciò che cerco... problemi a volte con gli spedizionieri ma risolti dall' assistenza vinted. grazie mille🥰,5,2026-04-27 13:39:15,0,it
"ottimo servizio, unica pecca le spedizioni che aggiunte al ""protezione acquisti"" rendono difficile la vendita di articoli con un prezzo importante",4,2026-04-27 13:38:17,0,it
ottima app,5,2026-04-27 13:35:18,0,it
app molto buona peccato che permettono di mettere in vendita troppi articoli falsi.,4,2026-04-27 13:25:03,0,it
ottimo venditore consiglio,5,2026-04-27 13:20:11,0,it
ottima opportunità,5,2026-04-27 13:13:24,0,it
tutto molto facile,5,2026-04-27 13:10:10,0,it
ottima esperienza,5,2026-04-27 13:00:01,0,it
tutto 💯💯 grazie,5,2026-04-27 12:44:44,0,it
semplice e intuitiva,4,2026-04-27 12:37:23,0,it
"ho provato ad effettuare 2 acquisti, il primo è finito con il venditore che era un truffatore e ha provato a fregarmi. ho fatto la segnalazione e hanno detto che loro non possono farci nulla. il secondo non sono neanche riuscito a concluderlo perché provando a fare il pagamento in 3 rate continua a bloccarsi. andate a comprare da altre parti che è meglio anche perché per ogni acquisto hai un'assicurazione obbligatoria da 40 euro che si fregano per un servizio di pessimo",1,2026-04-27 12:33:19,2,it
intuitiva e con filtri molto utili per le ricerche...,5,2026-04-27 12:31:28,0,it
"ottimo app,vi consiglio 💯👌",5,2026-04-27 11:57:09,0,it
veloce e intuitiva,5,2026-04-27 11:57:01,0,it
app molto utile per vedere oggetti non piu utili o per risparmiare su usato ancora in buono stato. i prezzi di spedizione a volte un alti però ci sono sempre ottime offerte se si cerca un po,4,2026-04-27 11:46:51,0,it
sempre bello.,5,2026-04-27 11:43:01,0,it
ottima app,5,2026-04-27 11:11:24,0,it
"ottima l app , prodotti interessanti e luogo dove trovare di tutto a un prezzo veramente ottimo . unico neo la gestione dell app , per questo solo x questo do 3 stelle",3,2026-04-27 10:56:21,0,it
facilissimo caricare i prodotti e vendere,5,2026-04-27 10:41:10,0,it
ottima esperienza,5,2026-04-27 10:14:25,0,it
vinted sta iniziando a deludermi. ho fatto un acquisto di importo piuttosto alto che è andato male e ancora non ho visto alcun rimborso. e non lasciatevi ingannare dalla possibilità di pagare gli acquisti di importo alto in 3 rate con klarna perché se l'acquisto va male e non vi rimborsano le rate vi restano comunque da pagare. a questa stregua non mi sento di consigliarlo,1,2026-04-27 10:03:49,1,it
super semplice,5,2026-04-27 09:52:14,0,it
"carnefici assolti e venditori penalizzati: nemmeno quel minimo di giustizia nel lasciare un feedback per chi non ritira, non pagando nessuna spesa e rimborsato di tutto, compreso a/r! e poi oltretutto, come successo, ti ritorna il pacco con merce mancante... acquirente offende, segnali e ti invitano a bloccare senza provvedimenti. reclami e prove inutili, tutela per chi vende zero. assistenza pessima, scrivi e riscrivi e dopo tempi biblici ti ritornano solo e sempre copia e incolla! assurdo!",1,2026-04-27 08:52:40,3,it
tutto perfetto,5,2026-04-27 08:03:25,0,it
affidabili e comunicativi,5,2026-04-27 05:54:38,0,it
"grazie,ho scoperto vinted da poco,ma mi mette gioia poter dare nuova vita a tante cose che non uso e sono ancora belle gli acquisti o vendite fatte sono andate tutte a buon fine,senza intoppi🌟🌟🌟",5,2026-04-26 22:36:59,0,it
"la migliore app per acquisti online, senza paragoni.",5,2026-04-26 22:18:36,0,it
molto buona,4,2026-04-26 21:52:21,0,it
"ottimo, consigliato",5,2026-04-26 21:40:18,0,it
ottima app!,5,2026-04-26 21:09:46,0,it
vendita veloce e ottima. ok,5,2026-04-26 20:49:41,0,it
ottima app,5,2026-04-26 20:34:11,0,it
"molto semplice è pratico,lo consiglio anche agli altri 😍",5,2026-04-26 19:54:49,0,it
"pessima!!!! una truffa bella e buona!! pago commissioni per la protezione sugli acquisti, mi arriva prodotto incompleto di pezzi, riscontrato anche dal venditore, devo rendere il tutto a mie spese?!?! per un errore non mio?!?!? !assistenza latente e inesistente, rimbalza il problema tra venditore ed acquirente......quando poi vede che non c'è soluzione, la chiude arbitrariamente con il reso del prodotto incompleto, a spese dell'acquirente!!! l'unica mia colpa, è aver acquistato su vinted!!!",1,2026-04-26 19:35:06,2,it
ottima. facile e veloce,5,2026-04-26 19:11:44,0,it
ottimo app efficiente,5,2026-04-26 18:42:03,0,it
semplice e intuitiva,5,2026-04-26 15:47:47,0,it
tutto bene grazie,5,2026-04-26 15:12:15,0,it
"non ho mai avuto problemi , clienti seri",5,2026-04-26 14:17:33,0,it
ottima app funziona alla perfezione ben ideata,5,2026-04-26 13:56:06,0,it
applicazione perfetta per le vendita,5,2026-04-26 13:44:45,0,it
come da descrizione,5,2026-04-26 13:40:49,0,it
utile si per l economia circolare. ma tanti spam e fake. inoltre cancellare le chat è troppo complicato. sarebbe più funzionale avere l impostazione per farlo tramite swipe,3,2026-04-26 13:27:35,1,it
ottima venditrice perfetta spedizione,5,2026-04-26 13:12:26,0,it
"il mio account è stato bloccato, per non so quale problema, dopo che un utente mi chiedeva un bonifico, quindi non attraverso l'applicazione vinted. stavo cercando una nintendo switch 2 usata da acquistare a poco prezzo. se cercate questo genere di prodotti, vedete che tutti i venditori vogliono altri metodi di pagamenti (basta andare sulle info di questi utenti). mi pare ovvio che siano tutti dei truffatori. è in tutto ciò bloccate permanentemente l'account di un venditore serio.",1,2026-04-26 13:00:32,7,it
eccellente,5,2026-04-26 12:50:31,0,it
"avrei voluto tenere la vecchia app perché non so come scaricare la nuova su dispositivo non samsung .. ho provato a usare vinted su browser ma le funzionalità sono limitate: non carica le foto, che invece è possibile da app. non le carica e basta, semplicemente non fa quello che deve. invece da app, di nuova installazione, le funzionalità sono complete. 👌 in merito alle possibilità di ricerca, vorrei potesse essere più capillare. apprezzo la possibilità di fare il reso, che anni fa non c'era.",4,2026-04-26 12:48:43,0,it
fantastica,5,2026-04-26 12:39:25,0,it
ottima app funzionale e sicura,5,2026-04-26 11:56:05,0,it
troppe notifiche che non si possono disattivare. non mi interessano le novità su cosa posso o non posso caricare,2,2026-04-26 11:48:27,0,it
"ho sempre usato vinted per gli acquisti di seconda mano perché è molto conveniente, ma mi piacerebbe se ci fosse anche qualcosa che mi dà l'informazione sull'indirizzo della spedizione degli articoli che compro, visto che mi potrebbe capitare di mettere il punto di ritiro sbagliato(più lontano da casa mia ad esempio)",4,2026-04-26 11:37:35,0,it
fino ad oggi 26 aprile 2026 l'esperienza è buona. sono riuscita in un anno a liberare l'armadio di capi che non mettevo e ricavarci qualcosa. poco ma qualcosa. vinted ottima piattaforma per ridare vita a cose che noi non utilizziamo,5,2026-04-26 10:51:47,0,it
ottima veloce ed economica,5,2026-04-26 10:40:07,0,it
facilità di gestione in tutte le sue funzionalità,5,2026-04-26 10:39:54,0,it
ottima esperienza,5,2026-04-26 10:34:20,0,it
"sono due giorni che l app non si apre, dall ultimo aggiornamento",2,2026-04-26 09:53:03,0,it
mi hanno bloccato per un prodotto che altri utenti hanno venduto normalmente,1,2026-04-26 09:00:44,1,it
molto comodo,5,2026-04-26 08:32:00,0,it
per il momento tutto perfetto,5,2026-04-26 08:21:33,0,it
pessima assistenza,2,2026-04-26 06:09:46,1,it
"ho spedito un oggetto con il servizio di poste italiane, che l'acquirente ha detto essere stato rubato durante la spedizione. dall'assistenza clienti vinted non ho praticamente ricevuto nessun aiuto, con il risultato che ho perso l'oggetto senza ricevere soldi e senza alcuna possibilità di rimborso (tra l'altro accampando scuse ridicole). sconsigliato",1,2026-04-26 01:06:16,1,it
tutto perfetto,5,2026-04-26 00:26:17,0,it
esperienza ottima e app sicura,5,2026-04-25 22:59:59,0,it
ottima app per vendere articoli che possono ancora essere utili ad altre persone!,5,2026-04-25 22:21:18,0,it
"app facile da usare, con numerosa utenza internazionale",5,2026-04-25 22:10:49,0,it
app intuitiva e completa nei vari passaggi.,5,2026-04-25 21:07:08,0,it
sempre bello usufruirne,5,2026-04-25 20:51:20,0,it
"ultimamente l'assistenza è veramente inutile e dà risposte tonte. se hai un problema ,sei nelle mani di nessuno",2,2026-04-25 20:13:36,1,it
ottima app per vendere usato di vario tipo!!,5,2026-04-25 20:02:44,0,it
corrisponde alla foto.bella giacca,5,2026-04-25 19:36:13,0,it
app facile da usare finora tutto positivo👌🏻,5,2026-04-25 19:35:58,0,it
tutto benissimo,5,2026-04-25 19:31:30,0,it
possibilità di vendere e acquistare in modo veloce e sicuro. facile da trasferire il credito sul conto corrente.,5,2026-04-25 19:28:29,0,it
ottima esperienza,5,2026-04-25 18:59:54,0,it
se riuscissi a vendere,5,2026-04-25 18:49:35,0,it
"app utilissima, veloce, semplice ed intuitiva",5,2026-04-25 18:06:04,0,it
venditrice gentile e disponibile....scarpe perfette come nuove grazie,5,2026-04-25 18:02:39,0,it
ottima app fatta bene,5,2026-04-25 17:08:29,0,it
"darei 0 stelle se fosse possibile. non avevo mai avuto problemi e adoravo questa piattaforma fino a poco tempo fa, quando hanno deciso di bloccare il mio account in maniera permanente e in del tutto scorretta, sostenendo falsamente che i miei articoli erano contraffatti. non si trattano così i clienti più affezionati, dopo anni e anni di utilizzo. vergogna. suggerisco a tutti di utilizzare piattaforme più oneste",1,2026-04-25 16:55:00,3,it
"di facile utilizzo e molto utile, sia per vendere che per comprare 🙂",5,2026-04-25 16:52:28,0,it
ottima app per vendere le cose che non usi più,5,2026-04-25 16:45:12,0,it
ottimo servizio,5,2026-04-25 16:44:50,0,it
molto semplice e funzionale . la consiglio,5,2026-04-25 16:25:51,0,it
ottima app ben costruita con spiegazioni eccellenti e affidabilità sui rimborsi,5,2026-04-25 16:25:15,0,it
tutto perfetto....e grazie per la frase trovata all'interno del pacco🤗,5,2026-04-25 16:23:43,0,it
"terribile, mi hanno bloccato senza motivo un sacco di volte in 10 giorni. i sistemi di controllo automatici fanno pena!",1,2026-04-25 16:20:46,1,it
ottimo per svuotare casa anche se spesso valuta più spesso l'acquirente e non il venditore. spesso il venditore di trova a perdere sia l'articolo sia i soldi per non essere ascoltato adeguatamente,5,2026-04-25 16:18:50,0,it
"ho venduto una borsa, per un giorno che non ho ricontrollato, ho stampato il qr code da portare in posta, il pacco è arrivato ma i miei soldi non si sa perchè non mi fa più accedere ll'account e ora ???? grazie vinted davvero!!! ho perso 35 euro e tantissima pazienza per riuscire a vedere questa borsa. attendo notizie a riguardo. il mio profilo era lulivinc89",1,2026-04-25 16:15:04,1,it
all'inizio il primo prodotto che metti in vendita lo riesci a vedere facilmente perché gira ma poi quando aggiungi altri annunci ti si blocca tutto e nessuno vede quindi sei obbligato a spendere soldini per fai fa si che gli annunci girano bene e che possano vederli,1,2026-04-25 16:08:38,2,it
fantastico vinted...👍,5,2026-04-25 16:07:07,0,it
regala ottime opportunità di vendita,5,2026-04-25 15:50:30,0,it
ottimo per dare una seconda vita alle cose che non utilizzi più,5,2026-04-25 15:50:16,0,it
un mondo di seconda mano,5,2026-04-25 15:38:34,0,it
....esperienza molto positiva...tutto è andato a buon fine nel rispetto dell'iter preannunciato...!!! grazie...!!!,5,2026-04-25 15:31:13,0,it
precisi grazie mille,5,2026-04-25 15:12:29,0,it
molto soddisfatta.,5,2026-04-25 15:03:01,0,it
"è necessario un geofiltro. non è saggio perdere tempo a filtrare manualmente le offerte con costi di spedizione elevati. in alternativa, la piattaforma dovrebbe mostrare i prezzi comprensivi di spedizione e implementare un filtro di questo tipo.",3,2026-04-25 14:40:05,57,it
"sistema sicuro semplice intuitivo, mai avuto problemi, sono riuscita a vendere diverse cose e sono molto soddisfatta. consigliato.",5,2026-04-25 14:04:44,0,it
mancanza di un contatto diretto con operatore in caso di problematica,1,2026-04-25 13:20:00,1,it
ottima app dove trovare,5,2026-04-25 13:09:40,0,it
tutto perfetto,5,2026-04-25 13:00:00,0,it
"nelle transazioni veloci e fluide nessun problema, diventa difficoltoso quando c'è qualcosa da segnalare trovo ridicolo che per un articolo contraffatto (la cui vendita è vietata!) io debba scrivere al venditore per accordarmi con lui sul reso e soprattutto avere il suo consenso per non pagare le spese di spedizione!! questi articoli non dovrebbero essere neanche li, la segnalazione deve essere fatta direttamente a vinted.sono un attesa di risposta alle mie segnalazioni voglio vedere le risposte",2,2026-04-25 12:04:56,1,it
articolo come da descrizione utente gentile e preciso. grazie,4,2026-04-25 12:03:41,0,it
vinted è davvero fantastico,5,2026-04-25 11:51:32,0,it
semplice e rapida,5,2026-04-25 11:32:04,0,it
articolo come da descrizione. tutto ok.,4,2026-04-25 11:15:56,0,it
esperienza positiva.,5,2026-04-25 11:11:24,0,it
"semplicità di utilizzo, molto chiara la ricerca di qualunque dato",5,2026-04-25 10:54:43,0,it
"bloccato perché vendo roba contraffatta, io che forse sono l'unico in tutto il sito che vende prodotti originali, in più dal nulla, dopo mesi che vendo, probabilmente solo perché qualcuno che si è offeso per non aver accettato un'offerta d'acquisto. complimenti",1,2026-04-25 10:45:09,1,it
bellissima app,5,2026-04-25 10:32:28,0,it
semplicemente fantastica,5,2026-04-25 10:26:58,0,it
sempre precisi negli aggiornamenti. bravi.,5,2026-04-25 10:26:38,0,it
perfetta e utile per i vestiti che non uso piu,5,2026-04-25 10:24:02,0,it
"ottima app per vendere e comprare, da migliorare l'assistenza clienti non sempre disponibile e adatta alle esigenze",4,2026-04-25 09:35:30,0,it
ottima eaperienza,5,2026-04-25 09:22:40,0,it
"si trova di tutto. pagamenti facili ,tracciamento pacco, scegli se accettare o meno il pacco. consigliato",5,2026-04-25 08:25:13,0,it
"ottima app, facile vendere facile acquistare",5,2026-04-25 08:25:08,0,it
app perfetta organizzata benissimo fa sentire tutti tutelati e tranquilli nelle transizioni,5,2026-04-25 08:12:21,0,it
chi compra può decidere di non ritirare il pacco senza alcuna ripercussione,1,2026-04-25 07:05:35,1,it
meravigliosa scoperta,5,2026-04-25 06:41:58,0,it
ottima applicazione,5,2026-04-25 00:19:25,0,it
comoda e veloce,4,2026-04-24 23:58:18,0,pt
"vengono tolti alcuni articoli che violano le regole, poi però ci sono tantissimi annunci dello stesso prodotto!!!",1,2026-04-24 23:45:12,1,it
acquisto perfetto in tutto.consiglio,5,2026-04-24 23:21:37,0,it
positiva!!!,5,2026-04-24 22:53:19,0,hr
👍 molto efficiente,4,2026-04-24 22:49:31,0,it
ottimo qualità prezzo.,5,2026-04-24 22:48:21,0,it
semplice e intuibile! tutto bene....,4,2026-04-24 22:21:23,0,it
"occhio, l'acquirente non è mai tutelato e i furbi la fanno da padroni visto che l'assistenza è praticamente inesistente e inutile. ci sono altre piattaforme simili dove decisamente il tutto è gestito in maniera appropriata. da evitare assolutamente",1,2026-04-24 22:12:55,1,it
"fino ad ora tutto bene sia spedizioni, acquisti e vendite, ogni tanto ci mette un po' ad arrivare la merce, ma non dipende da vinted.. mi piacerebbe che si abbassassero un po' le percentuali che vengono imputate come ""protezione acquisti"" che sono alla fine il guadagno della piattaforma, questo si.. poi un consiglio: bisogna però fare un po' di attenzione alle recensioni degli altri utenti.. per ora solo una disavventura su parecchi acquisti e vendite. ci può essere gentaglia ovunque 🤷🏻‍♀️...",5,2026-04-24 22:11:48,0,it
ottima esperienza,5,2026-04-24 21:48:47,0,it
tutto perfetto,5,2026-04-24 21:40:15,0,it
"vinted è un ottimo strumento per acquistare ciò che mi serve e che non sempre posso trovare facilmente. ho cominciato ad usarlo per vendere, ma alla fine l'ho trovato irresistibile per cercare e trovare gli articoli che mi interessano. lo consiglio a tutti! 💝",5,2026-04-24 21:29:04,0,it
"buon supporto ed ottima ap. attenzione ai venditori, si trovano articoli falsi",5,2026-04-24 21:26:44,0,it
tutto bene,5,2026-04-24 21:24:21,0,it
"su vinted si vende di tutto: è bello vedere rivalutato un oggetto, ed è divertente interagire con persone che non conosci, ma che si divertono come me",5,2026-04-24 21:20:07,0,it
fino ad ora ottima esperienza,5,2026-04-24 21:19:04,0,it
"utilizzo questa app da 3 anni circa, soprattutto per vendere i miei vestiti che cambio di continuo, e mi sono sempre trovata benissimo.",5,2026-04-24 21:03:54,0,it
grazie tutto bene 👋,5,2026-04-24 21:03:50,0,it
eccezionale,5,2026-04-24 21:01:00,0,it
tutto bene,5,2026-04-24 20:49:16,0,it
giacca favolosa!,5,2026-04-24 20:48:36,0,it
molto soddisfacente,5,2026-04-24 20:36:08,0,it
"ottimo, tutto come quanto descritto complimenti.",5,2026-04-24 20:23:49,0,it
"una stella è fin troppo! vinted non protegge i suoi utenti! al mio primo tentativo di vendita su vinted, mi è stata mandata una richiesta di acquisto da una ""cliente"" e una mail col logo ufficiale dove mi diceva di accettare la conferma e ritirare il pagamento. avendo fatto solo acquisti e non vendite, pensavo fosse una normale procedura del sito, ma era un hacker informatico che ha rubato dalla mia carta prepagata 250€. ho segnalato la truffa a vinted, ma non ha alzato un dito!pessimo!",1,2026-04-24 20:16:29,1,it
comodissima,5,2026-04-24 20:07:38,0,it
mi sono trovata bene . seguita passo passo.,4,2026-04-24 20:03:45,0,it
"app ben fatta,unica cosa chiederei alla casa madre di intervenire per coloro che fanno l'offerta e una volta accettata,non pagano.",5,2026-04-24 19:42:17,0,it
sempre il top!!,5,2026-04-24 19:38:41,0,it
ottima....facilissima da usare...completa....pienamente soddisfatto!!,5,2026-04-24 19:38:06,0,it
"felice esperienza , ottimo acquisto",5,2026-04-24 19:06:23,0,it
ottimi affari,5,2026-04-24 19:06:08,0,it
ottima app per vendere e comprare e super sicura,5,2026-04-24 19:00:58,0,it
bellissima comodissima facile ed intuitiva,5,2026-04-24 18:49:14,0,it
ottimo come applicazione.,5,2026-04-24 18:46:31,0,it
ottima app,5,2026-04-24 18:42:34,0,it
ottima esperienza,5,2026-04-24 18:40:16,0,it
"le spese per l'acquisto sono troppo care... per un capo che costa poco poi, nn ne vale la pena!",4,2026-04-24 18:32:03,1,it
perfetto...grandi affari!!,5,2026-04-24 18:31:35,0,it
"ottimo prodotto, in ottime condizioni. grazie",5,2026-04-24 18:24:25,0,it
ottima tra le fatte meglio complimenti,5,2026-04-24 18:21:59,0,it
super efficiente e pratica...però non si vende molto,5,2026-04-24 18:20:35,0,it
"l'unica cosa che non mi piace dell'app è che in caso di merce danneggiata a causa del trasporto/corriere la colpa viene sempre addebitata al venditore, anche se il pacco è stato ben imballato",4,2026-04-24 18:16:27,1,it
"un acquirente vuole fare il reso di una giacca sostenendo che abbia le misure sbagliate. per dimostrarlo, usa un metro di carta stampato con le proporzioni alterate. inoltre, nelle foto in allegato si vede che sporca e calpesta la giacca. denuncio questa situazione sia all'assistenza che al team legale di vinted e ricevo sempre una risposta automatica. ora sono obbligato ad accettare il reso di un prodotto rovinato e darla vinta a un truffatore. grazie vinted!",1,2026-04-24 18:16:07,1,it
super rapido in ogni movimento,5,2026-04-24 18:14:35,0,it
ottimo acquisto...sono soddisfatta,5,2026-04-24 18:05:17,0,it
attesa di consegna lunga oltre la data prevista,3,2026-04-24 18:04:19,0,it
brava persona,5,2026-04-24 17:50:39,0,ca
tutto perfetto!!,5,2026-04-24 17:50:07,0,it
un po' lenta nell'aggiornare il saldo e la presa in carico della spedizione. per ilt resto tutto ok,4,2026-04-24 17:34:52,0,it
"buona, anche l incarto,grazie",5,2026-04-24 17:12:15,0,it
"prodotto come descritto, consegna 🚚 veloce top 10 raccomandato",5,2026-04-24 17:12:01,0,it
molto soddisfatta grazieeee,5,2026-04-24 17:09:15,0,it
al momento la migliore app per vendita usato!,5,2026-04-24 17:07:00,0,it
"app semplicissima e sempre più completa, complimenti buon lavoro",5,2026-04-24 17:03:48,0,it
ottimo si fanno buoni affari,5,2026-04-24 16:52:57,0,it
"ho spedito un pacco da 52€ con etichetta integrata, il corriere lo ha perso, vinted ha annullato l'ordine e ora l'assistenza mi nega il rimborso dicendo falsamente che l'ho annullato io. ho tutte le prove fotografiche ma gli operatori mi ignorano. è un furto.",1,2026-04-24 16:52:49,1,it
app molto lineare e trasparente nel rapporto acquirente e venditore,5,2026-04-24 16:48:33,0,it
mi hanno bloccato il profilo senza motivo articoli originali con scontrino e tutto davvero pessima applicazione non vale niente per colpa loro ho perso sia i prodotti che avevo venduto sia i soldi mai più davvero molto deludente,1,2026-04-24 16:43:32,1,it
molto affidabile,5,2026-04-24 16:42:18,0,it
"mi hanno bloccato il profilo dopo due anni per attività fraudolenta e con l'accusa di avere più profili. il tutto senza mostrare prove, hanno semplicemente chiuso il profilo e si sono limitati a rispondere con risposte automatiche ciò denota scarsa attenzione nei confronti dell'utente ed inaffidabilità da parte del servizio clienti. menomale che non avevo transizione in corso altrimenti avrei rischiato di perdere saldo e prodotto... ps: ho dovuto segnalare il tutto ad agcm sotto loro consiglio",1,2026-04-24 16:41:37,3,it
applicazione top rice dita veloce e seria!,5,2026-04-24 16:16:02,0,it
"facile da usare, grazie!",5,2026-04-24 16:07:36,0,it
perfect fast shipping,5,2026-04-24 16:04:22,0,en
ottima occasione per monetizzare cose inutilizzate,5,2026-04-24 15:44:26,0,it
tutto perfetto,5,2026-04-24 15:42:37,0,it
"non è male, però sempre blocca le account per sospetta di contraffatti senza motivo invece di togliere le articolo come fa app wallapop e basta 🙂‍↕️",3,2026-04-24 15:27:12,1,it
tutto da descrizione con imballaggio perfetto.. venditore top+++,5,2026-04-24 15:23:23,0,it
tutto perfetto,5,2026-04-24 15:19:35,0,it
"facile,ottima.",5,2026-04-24 15:17:27,0,it
"ottima esperienza, venditore gentilissimo e molto disponibile. tutto perfetto.",4,2026-04-24 15:14:35,0,it
"rivenditore serio e disponibile. mi ha sorpreso, inserendo nel pacchetto un regalo che ho molto apprezzato 😊",5,2026-04-24 15:06:49,0,it
ordine perfetto. grazie ☺️,5,2026-04-24 14:54:00,0,it
funziona benissimo. ottima app la uso da tanto tempo una delle migliori per vendere,4,2026-04-24 14:52:31,0,it
ottimo....lo uso da molto tempo e ho venduto cose di valore e non...ho fatto i migliori acquisti della mia vita che non pensavo di riuscire a farlo.,5,2026-04-24 14:15:01,0,it
"la signora gentilissima ,la borsa bellissima ,corrispondente alle foto ...",4,2026-04-24 13:48:23,0,it
ottimo grazie,5,2026-04-24 13:36:14,0,it
"venditrice superveloce e accurata nellincartamento. oggetto come da descrizione, perfetto grazie",5,2026-04-24 13:26:00,0,it
"uso l'app per vendere e comprare. zero problemi finora, tutte ottime esperienze.",5,2026-04-24 13:20:06,0,it
mi blocca sempre le inserzioni dicendo che che non si possono inserire e mi blocca aempre l accaunt mentre gli stessi identici oggetti delle altre persone li fa inserire mi fa fare il ricorso e dopo una attesa di una settimana mi minaccia dicendomi che se lo inserisco mi blocca,1,2026-04-24 13:12:55,1,it
tutto bene fino a quando non acquisti qualcosa non conforme alla descrizione poiché devi sopportare anche le spese di reso.,4,2026-04-24 13:12:35,0,it
"ho cercato di vendere diverse volte degli articoli lavorati a mano, si trattativa di stampe 3d dipinte a mano. vinted mi ha bloccato la vendita perché a suo dire erano ""commerciali"" quando in realtà ne avevo caricate solo 2 o 3 in un giorno. specifico che le possedevo perché le fa mio padre, le avevo già, non le ho fatte per venderle in modo commerciale, ma vinted me le ha rimosse tutte. ho caricato una sola figura in 3d dipinta a mano 3 mesi dopo il loro blocco temporaneo e mi hanno rimosso pur",1,2026-04-24 13:08:19,1,it
tutto perfetto. grazie mille.,5,2026-04-24 13:06:33,0,it
si riescono a fare ottimi affari,4,2026-04-24 13:03:08,0,it
vinted no tutelata i venditori. mi hanno appena truffata.,1,2026-04-24 12:55:42,1,it
non tutela la gente onesta dai truffatori che stanno aumentando,3,2026-04-24 12:55:39,1,it
per ora sono contento dell'applicazione...,4,2026-04-24 12:39:41,0,it
"onestamente, mai avuti problemi! tutto arrivato come previsto e oltre tutto, è una gran comodità: compri/ vendi ciò che vuoi, e fai spazio a cose nuove spendendo, a volte, anche meno della metà!",5,2026-04-24 12:33:43,0,it
utente super disponibile super gentile contenta,5,2026-04-24 12:28:31,0,it
app fatta bene e precisa,5,2026-04-24 12:12:44,0,it
fino ad oggi ottima,5,2026-04-24 12:10:21,0,it
ti bloccano l'account dopo il caricamento di 3 articoli e 2 vendite in più chiedi di aprire profilo pro e non riconosce la p. iva chiedi aiuto all'assistenza e non risponde,1,2026-04-24 11:58:12,1,it
scaricate l app. è fantastica,5,2026-04-24 11:44:01,0,it
ottimo grazie mille,5,2026-04-24 11:40:17,0,it
"soddisfacente. a volte ottima, a volte meno.",4,2026-04-24 11:26:38,0,it
sempre esperienze positive da più di un anno e mezzo...complimenti,5,2026-04-24 11:20:41,0,it
funziona bene.,5,2026-04-24 10:59:31,0,it
bellissima applicazione,5,2026-04-24 10:50:02,0,it
esperienze sempre positive purtroppo in giro ci sono tanti maleducati,5,2026-04-24 10:43:23,0,it
bellissimo,5,2026-04-24 10:37:39,0,it
app seria ed affidabile consigliatissima,5,2026-04-24 10:36:13,0,it
"metto 1 stella perché non posso mettere di meno. spedito un prodotto venduto a 100€ , le poste lo smarriscono e mi rimborsate 15€. vergognatevi",1,2026-04-24 10:33:39,1,it
ottimo servizio,5,2026-04-24 09:48:16,0,it
il punto di ritiro dell articolo è molto distante dalla mia abitazione,2,2026-04-24 09:45:57,0,it
"bellissimo, grazie mille grazie anche per il pensiero ♥️",5,2026-04-24 09:16:12,0,it
fantastica,5,2026-04-24 09:06:21,0,it
"mi piace tantissimo, ho venduto e comprato tante cose. nonostante capita pacchi persi, tentativi di truffa, vinted ha sempre valutato bene la situazione e ha rimborsato . e unico sito di usato che uso con frequenza",5,2026-04-24 08:52:59,0,it
la metà della merce spacciata per vera é contraffatta. per mandarla indietro devi pagare la spedizione. assistenza inesistente.,2,2026-04-24 08:11:51,1,it
"pacco arrivato, tutti i capi perfetti",5,2026-04-24 08:10:10,0,it
sono da migliorare i criteri di ricerca articoli,3,2026-04-24 07:57:22,0,it
affidabile,5,2026-04-24 05:53:45,0,it
vendo e acquisto un sacco di roba e sono sempre molto soddisfatto,5,2026-04-23 23:30:18,0,it
ottimo grazie bravo venditore,5,2026-04-23 23:24:36,0,it
sono molto felice,5,2026-04-23 23:12:20,0,it
ottima app per compravendite,5,2026-04-23 23:10:22,0,it
molto intuitiva,5,2026-04-23 22:48:21,0,it
bella esperienza,5,2026-04-23 22:19:46,0,it
"l'app funziona molto bene, è facile mettere gli articoli in vendita ed è molto facile anche spedirli.",5,2026-04-23 22:10:58,22,it
"ottima app, per vendere e acquistare.",5,2026-04-23 22:07:48,0,it
tutto perfetto e veloce,5,2026-04-23 22:04:32,0,it
ottimo tutto bene grazie 😘,5,2026-04-23 21:13:25,0,it
bellissima esperienza da rifare sicuramente.,5,2026-04-23 21:08:54,0,it
maglietta perfetta anche come misura .,5,2026-04-23 21:04:21,0,it
ottimo acquisto grazie,5,2026-04-23 21:00:54,0,it
ottimo venditore serio e veloce nel preparare l'ordine e spedirlo.,5,2026-04-23 20:43:12,0,it
assistenza pari a 0 dicono che entro 48h ti ricontattano e dopo 5 giorni ancora sto aspettando riscontro. domani i soldi verranno inviati al truffatore che mi ha venduto un prodotto chiaramente contraffatto e voi non fate nulla per impedirlo,1,2026-04-23 20:36:21,1,it
venditore preciso e affidabile. consegna veloce.,5,2026-04-23 20:03:24,0,it
tt perfetto funziona bene,5,2026-04-23 19:55:15,0,it
eccellente,5,2026-04-23 19:53:45,0,it
"eccellente, consiglio.",5,2026-04-23 19:48:19,0,it
ho sempre trovato articoli corrispondenti all ordine fatto. consegne corrette.grazie,5,2026-04-23 19:23:03,0,it
superlativa grande scelta di oggetti usati e nuovi,5,2026-04-23 19:19:56,0,it
tutto ok.consigliata👌,5,2026-04-23 19:11:31,0,it
positiva ma consegna in ritardo ...,4,2026-04-23 18:52:22,0,it
tanti problemi. attenzione ai truffatori:ne girano molti dato che l'acquirente ha sempre ragione. assistenza inesistente: solo risposte automatiche da ai con il cervello di un macaco. giudizi sugli articoli in vendita insindacabili e impossibili da correggere. cancellazione account sempre + frequente senza possibilità di replica. armadi sempre più complicati da gestire. utenti che fanno offerte per sport ma non finalizzano: dovrebbero fare come altri che se non acquisti entro 24/48 ore decade,1,2026-04-23 18:51:57,3,it
"ottima app per ""compra/vendita"" usato! pratica e intuitiva!",5,2026-04-23 18:32:42,0,it
la migliore piattaforma per vendere e comprare. sono stato tutelato e rimborsato anche quando ho comprato oggetti non autentici. ⭐⭐⭐⭐⭐,5,2026-04-23 18:22:24,0,it
tutto perfetto👍,5,2026-04-23 18:08:00,0,it
molto affidabile.,5,2026-04-23 18:07:53,0,it
"venditrice gentilissima, imballaggio accurato grazie",5,2026-04-23 17:58:31,0,it
fa schifo!!!,1,2026-04-23 17:57:09,1,en
"facile e intuitiva, caricare articoli in vendita, spedizioni, tutto è andato benissimo",5,2026-04-23 17:56:24,0,it
vinted è l'invenzione più geniale degli anni 2000.,5,2026-04-23 17:55:30,0,it
"ottimo servizio, migliore confezionamento e descrizione minuziosa degli oggetti, con sigillo garanzia per evitare manomissioni e evitare sorprese all'arrivo",5,2026-04-23 17:45:39,0,it
"solo esperienze brutte, prodotti finti o foto ingannevoli",1,2026-04-23 17:44:16,1,it
ho cose da vendere sono maria mantovani ma non posso aggiornare app? che devo fare??,2,2026-04-23 17:42:41,0,it
lotto di magliette come da descrizione. ottima venditrice,5,2026-04-23 17:41:03,0,it
ottimo come descrizione,5,2026-04-23 17:39:29,0,it
ottima qualità,5,2026-04-23 17:35:34,0,it
"ho creato un account ed è stato bloccato senza motivo prima ancora di poter confermare l'email, inoltre c'è scritto esplicitamente che non posso neanche creare altri account con altre email... non c'è una spiegazione del ban e sono un nuovo utente, non ho mai usato l'app.",1,2026-04-23 17:33:02,1,it
esperienza positiva molto efficiente,5,2026-04-23 17:08:46,0,it
mi trovo benissimo anche l'assistenza è super efficiente,5,2026-04-23 17:07:59,0,it
"assistenza clienti (e venditori) completamente gestita da bot e ia in modo imbarazzante. cosa ancora più grave considerando che si tratta di una applicazione di compravendita, quindi quasi nessuna tutela per venditori e acquirenti. inoltre commissioni di vinted piuttosto alte su ogni transazione. se potete rivolgetevi altrove. applicazioni come ebay o subito sono decisamente migliori sotto tutti i punti di vista. sconsigliata assolutamente.",1,2026-04-23 16:59:30,6,it
esperienza positiva ottimo direi,5,2026-04-23 16:44:30,0,it
ottimo sistema molto veloce,5,2026-04-23 16:40:21,0,it
"prima volta x me ,molto positivo",5,2026-04-23 16:36:07,0,it
persona seria.mi sono trovato bene in un,5,2026-04-23 16:35:54,0,it
"esperienza positiva, tutto ok",5,2026-04-23 16:30:06,0,it
ottimo sito per acquistare,4,2026-04-23 16:21:56,0,it
l' app ha un' ottima funzionalità,5,2026-04-23 16:05:18,0,it
"ottima piattaforma,veloce e sicura. top🔝🔝🔝🔝🔝",5,2026-04-23 16:04:32,0,it
interessante e abbastanza intuitivo,4,2026-04-23 15:53:19,0,it
"ebay, ma ancora meglio 🙂👍👍",5,2026-04-23 15:53:00,0,it
scarpe bellissime come da foto ottime grazie,5,2026-04-23 15:52:02,0,it
non meritano nemmeno una stella. inaffidabili al 100%. nessuna tutela per il venditore. fate attenzione,1,2026-04-23 15:29:20,1,it
funziona bene,5,2026-04-23 15:09:35,0,it
"tutto ok, ma non è possibile che spariscono i pacchi",3,2026-04-23 14:52:04,0,it
"app penosa e assistenza che permette di farti truffare, ridicolo",1,2026-04-23 14:51:20,1,it
"ho messo in vendita un paio di scarpe per la prima volta, e mi hanno bloccato l'account senza spiegarmi cosa, secondo loro, possa aver violato i termini e le condizioni. ho poi provato a caricarle da un altro profilo ma dicono che sono false, accusando così cisalfa (negozio di acquisto) di contraffazione.",1,2026-04-23 14:26:42,1,it
veloce e semplice da utilizzare. si scambiano moltissimi oggetti e si fa ordine nel proprio armadio.,5,2026-04-23 14:20:27,0,it
tutto bene,5,2026-04-23 13:56:17,0,it
sono al inizio ancora non posso dare una valutazione 100% però mi sembra che e studiato bene come app,4,2026-04-23 13:38:30,0,it
per vendere il tuo surplus,5,2026-04-23 13:12:25,0,it
ottimo venditore,5,2026-04-23 13:02:07,0,it
tutto alla perfezione,5,2026-04-23 12:57:40,0,it
"app fatta bene ma per accedere ad un servizio scandaloso, pensato alla grande per truffare venditori e compratori. due pacchi persi su due ordini fatti, grazie al metodo di spedizione da straccioni che fanno utilizzare. puoi chiedere il rimborso solo dopo 30 giorni che il pacco non arriva , e ti concedono ben due giorni per chiedere il rimborso. se per qualche motivo ti sfuggono quei due giorni, ti scordi il rimborso.",1,2026-04-23 12:53:06,1,it
comodissima,5,2026-04-23 12:51:57,0,it
"bannato senza motivo. il mio account è stato bloccato, ho chiesto il perchè e mi è stato risposto che avevo offeso qualche utente nei messaggi privati. dal momento che non è mai accaduto, ho chiesto con una pec a settimana (da un mese) le prove di questa infrazione, che dovrebbero essere facili da fornire se avessero ragione, invece vengo totalmente ignorato. account con 5 stelle e circa 80 vendite e acquisti. continuerò a mandare una pec a settimana, ma so che verrò ignorato.",1,2026-04-23 12:41:31,1,it
"app veramente orribile, continuano a bannarmi i profili giustificandosi con la contraffazione quando non è così, quando l'app è piena di reps e passano sempre inosservate. scandalosi",1,2026-04-23 12:41:22,2,it
"ultimamente ci sono troppe truffe di gente che compra dice che le cose non sono originali, quando sono evidenti che sono originali ma vinted non tutela il venditore.",1,2026-04-23 12:22:05,1,it
app veloce e intuitiva!,5,2026-04-23 12:14:49,0,it
semplice e di rapido e intuitivo utilizzo!! non lo usi piu... metrilo su vinted ⭐⭐⭐⭐⭐⭐,5,2026-04-23 11:49:24,0,it
fantastico,5,2026-04-23 11:39:54,0,it
"ottima applicazione, semplice ed affidabile. molto utile",5,2026-04-23 11:22:51,0,it
sistema di vendite online facile e intuitivo,5,2026-04-23 10:21:24,0,it
"perfetta, grazie!",5,2026-04-23 09:17:13,0,it
app funzionale,5,2026-04-23 09:09:54,0,it
ottimo grazie,5,2026-04-23 09:09:18,0,it
solo una parola.... spettacolare!!,5,2026-04-23 09:04:25,0,it
professionale,5,2026-04-23 09:01:48,0,it
grande sito,5,2026-04-23 08:53:21,0,it
"tutto come dichiarato,esperienza positiva.",5,2026-04-23 08:52:53,0,it
applicazione molto ben fatta e con alle spalle una struttura certamente solida. vintad è ottima per i prezzi chiari e la semplicità di uso.,5,2026-04-23 08:38:17,0,it
molto soddisfacente,5,2026-04-23 08:36:13,0,it
"arrivato materiale rotto , pagato protezione acquisti, per avere il rimborso , vinted mi chiede di rispedire il prodotto al venditore pagando le spese di spedizione . protezione acquisti !!!????",1,2026-04-23 07:45:28,1,it
"comodissima, utile, pratica e fa risparmiare",5,2026-04-23 06:36:48,0,it
"dopo 3 anni e 600 recensioni a 5 stelle e commetti un errore ti bloccano l'account definivamente. puoi scusarti in tutte le maniere ma sono irremovibili, resti bannato. hanno il cuore di pietra.",1,2026-04-23 06:23:02,1,it
ottimo acquisto e venditore,5,2026-04-23 05:16:53,0,it
"vuoi pagare molti euro di protezione acquisti senza ricevere nessuna tutela se il venditore ti truffa? scarica vinted! il venditore sarà tutelato, chiederà il reso che pagherete voi! si esatto voi! anche se vi ha mandato una maglia tagliata con le forbici. è la loro politica :) vi dirò di più, se il venditore si indispettisce una volta ricevuto il reso potrà fingere problemi e ricevere sia soldi che la sua roba indietro! ottimo vinted!",1,2026-04-23 01:50:39,1,it
todo super . me encanta,5,2026-04-23 00:37:14,0,es
"tutto regolare se non fosse che mi hanno bannato l'account permanentemente di punto in bianco. la motivazione è ""comportamenti inappropriati e commenti indesiderati in chat"" ... io ho solo recensioni 5 stelle e mai avuto un problema o discussione con altri utenti, mai 0. ho contattato il supporto in app, è inutile sono solo bot ai che rispondono in modo sconclusionato e spesso senza connessione logica. mi nascondono anche questa recensione è insane",1,2026-04-22 23:38:57,2,it
grazie molto belle,5,2026-04-22 22:54:46,0,it
non funziona,1,2026-04-22 22:31:11,1,it
ottima app per vedere ed acquistare oggetti,5,2026-04-22 22:29:35,0,it
ottima esperienza,5,2026-04-22 22:16:33,0,it
alcune volte è bloccata,4,2026-04-22 22:00:19,0,it
"mi trovo molto bene, con vinted. ci permette di dare una mano..al ambiente..ma anche al portafoglio !",5,2026-04-22 21:58:05,0,it
"l'unica esperienza negativa è un reso arrivato molto distante dalla zona di residenza, quindi non ritirato e non rimborsato.",4,2026-04-22 21:39:07,0,it
spettacolare per la semplicità con cui è organizzata!,5,2026-04-22 21:21:50,0,it
tutto perfetto!!,5,2026-04-22 21:07:10,0,it
ottima app...,5,2026-04-22 20:56:48,0,it
esperienza meravigliosa e tranquilla.,5,2026-04-22 20:54:09,0,it
spese troppo alte e mai gratis. troppa gente che prova a truffare,3,2026-04-22 20:51:39,0,it
utile e funzionale,5,2026-04-22 20:50:37,0,it
tutto molto perfetto,5,2026-04-22 20:26:57,0,it
app assolutamente perfetta,5,2026-04-22 20:19:38,0,it
ottim e itile,5,2026-04-22 20:12:25,0,it
primo acquisto su vinted: è andato tutto bene e nei tempi indicati. il capo era come descritto e confezionato abbastanza bene perché ben protetto. grazie,5,2026-04-22 20:09:30,0,it
ottima venditrice,5,2026-04-22 20:09:20,0,it
"applicazione molto valida, seria e puntuale.",5,2026-04-22 20:08:17,0,it
"app che funziona più o meno bene,ma ultimamente blocca utenti senza un reale motivo ed il centro assistenza è inesistente",1,2026-04-22 20:07:03,1,it
"un ottima esperienza, scarpe bellissime propio come in foto, la signora gentilissima, ordine spedito subito, arrivato nei giorni previsti. soddisfatta grazie",5,2026-04-22 19:53:11,0,it
ottimo rivenditore di materiale usato. peccato per le spedizioni che potrebbero impiegare molto ad arrivare,4,2026-04-22 19:44:06,0,it
ho ritirato il giubbotto in ottime condizioni. ottimo acquirente,5,2026-04-22 19:31:36,0,it
da quando esiste vinted la mia vita è cambiata in meglio!!,5,2026-04-22 19:27:12,0,it
ottima app intuitiva d versatile,5,2026-04-22 19:23:14,0,it
"pessimo sito, ho venduto un prodotto, il pacco è arrivato rotto. non danno la colpa al corriere ma al sottoscritto. ci ho perso 50€ e tempo. non so perché facciano pagare la protezione dei pacchi....",1,2026-04-22 19:19:39,1,it
"nonostante io non riesca a vendere quasi nulla, confermo che puoi trovare veramente dei buoni affari su questa piattaforma",4,2026-04-22 19:16:34,0,it
"fantastico, ho preso gli accessori di mega charizard a 5 euro, sono bellissimi, se li avessi voluti prendere nuovi avrei dovuto prendere la ultra premium collection e circa 100 euro, onestamente ho fatto un affarone",5,2026-04-22 19:11:13,0,it
eccezionale,5,2026-04-22 19:10:35,0,it
interessante,5,2026-04-22 18:44:16,0,it
nessuna garanzia nelle truffe,1,2026-04-22 18:37:32,1,it
ottima esperienza,5,2026-04-22 18:30:23,0,it
"acquisti facili e veloci, tutela dell'acquirente in ogni aspetto, ottimo",5,2026-04-22 18:26:21,0,it
app perfetta per accumulare qualcosa da prodotti che in ogni caso butterei. spesso si trovano oggetti molto interessanti a poco prezzo.,5,2026-04-22 18:26:07,0,it
"servizio clienti pessimo, buona l'idea ma in caso di problematiche con la spedizione pur di non farti il reso (per giusto motivo) cercano scusanti anche se segui le linee fornite da loro.",1,2026-04-22 18:24:22,1,it
"fate attenzione! non so cosa stiano combinando ma vinted sta consumando i giga internet con una velocità assurda. dovrebbero vergognarsi ad approfittarsi in questo modo. non ci siamo ragazzi! inoltre le spese di spedizione aumentano sempre di più. finiremo per andare al mercatino dell'usato locale a comprare quello che ci serviva qui! sono basita.. gli aggiornamenti dovrebbero esserci per apportare migliorie, non il contrario..",2,2026-04-22 18:11:40,10,it
tutto perfetto. anche un regalo.grazie,5,2026-04-22 18:11:26,0,it
tutto bene,5,2026-04-22 18:09:46,0,it
perfetto grazie,5,2026-04-22 18:08:26,0,it
"tutto perfetto, tempistica di consegna e prodotti come richiesto",5,2026-04-22 18:03:59,0,it
esperienza positiva le spese di spedizione troppo elevate,4,2026-04-22 17:12:33,0,it
esperienza molto positiva! trovi articoli rari e speciali.,5,2026-04-22 17:11:52,0,it
"quando devi pagare tutto bene non sia mai devi trasferire dei soldi dall applicazione al tuo conto apriti cielo non va bene più niente, complimenti! i quarcode alle poste che non funzionano scandalosi",1,2026-04-22 16:48:30,1,it
"soddisfatto...articolo conforme,come da descrizione",5,2026-04-22 16:37:28,0,it
nessuna protezione per i venditori però,3,2026-04-22 16:24:56,0,it
tutto come da descrizione grazie,5,2026-04-22 16:15:21,0,it
esperienza divertente e positiva. la maggior parte degli interlocutori sia per vendere che per acquistare gentili e onesti.,5,2026-04-22 16:10:59,0,it
ottima. funzionale ed utile,5,2026-04-22 16:02:16,0,it
ho fatto un affare grazie mille,4,2026-04-22 16:00:35,0,it
esperienza da 5stelle,5,2026-04-22 15:57:22,0,it
tre bien! ottima esperienza,5,2026-04-22 15:38:46,0,it
i resi non vengono consegnati al giusto indirizzo e ho perso gia un pacco.,3,2026-04-22 15:29:07,0,it
"terrible app, the paradise of scammers. vinted support defends scammers, not you",1,2026-04-22 15:25:08,1,en
"buona app che rende le vendite/acquisti molto semplici. peccato solo i prezzi, un pochino alti, per pubblicizzare il propio ""armadio""",5,2026-04-22 15:03:19,0,it
buon acquisto ma troppi giorni per la consegna e non è colpa del venditore ma della gestione logistica de vinted,3,2026-04-22 14:58:30,0,it
molto positiva,5,2026-04-22 14:57:18,0,it
"ottima e precisa, veloce",5,2026-04-22 14:49:06,0,it
molto bene,5,2026-04-22 14:41:52,0,it
non mi piacciono troppo le politiche di vinted che non tutela a sufficienza l'acquirente. in caso di merce non conforme è lasciata al venditore la decisione su chi paga le spese. ritengo che questa pratica in qualche modo incentivi i venditori a non indicare i difetti sugli oggetti che vendono.,1,2026-04-22 14:41:49,1,it
ottimo controllo,5,2026-04-22 14:23:04,0,it
"non si vende nulla. o metti roba nuova e di marca a pochissimi euro o ti ritrovi a tenere la roba in casa per mesi per poi buttarla o regalarla. inoltre è facile essere truffati e tutelano solo l'acquirente, se vendi non hai tutele. una perdita di tempo",1,2026-04-22 14:22:34,1,it
eccellente,5,2026-04-22 13:58:24,0,it
fin'ora tutto perfetto!,5,2026-04-22 13:55:53,0,it
"the buy-and-sell app is very well made, but the problem is that it’s full of ads where people ask to be paid via paypal friends & family. i’m asking if you could please ban this practice, as they are obviously trying to scam people.",4,2026-04-22 13:41:31,0,en
tutto apposto 👍,5,2026-04-22 13:37:05,0,it
ottimo venditore tutto come descrizione,5,2026-04-22 13:25:09,0,it
soddisfatta,5,2026-04-22 13:21:48,0,sv
"per ora ho solo comprato, funziona tutto bene",5,2026-04-22 13:12:19,0,it
tutto perfetto 🥰,5,2026-04-22 12:49:45,0,it
ottimo. grazie tante!,5,2026-04-22 12:41:51,0,it
ottima app!,5,2026-04-22 12:41:34,0,it
tutto perfetto. grazie vinted comprerò ancora.,5,2026-04-22 12:36:10,0,it
avevo paura di non saperla usare invece e molto facile e veramente ottima. sembra che va tutto bene,5,2026-04-22 12:28:29,0,it
"buono per comprare, ma per vendere continuo a rimanere su ebay. vinted proprio non è cosa, i venditori non hanno diritti",2,2026-04-22 11:56:29,1,it
un po' lunghi i tempi di consegna,4,2026-04-22 10:52:01,0,it
ottimi affari e una buona scusa per incentivare l'economia circolare a discapito del consumismo massivo!,5,2026-04-22 10:46:32,0,it
app perfetta per vedere articoli che non usi più!!!,5,2026-04-22 10:13:38,0,it
venditore serio prodotto perfetto come nuovo. grazie,5,2026-04-22 10:02:16,0,it
sarebbe un ottima app. peccato che non si capisca per quale motivo molte spedizioni non vadano a buon fine e non se ne capisce il motivo. compro online continuamente e solo con vinted ho avuto ripetutamente problemi di spedizioni e consegne!,2,2026-04-22 09:51:36,1,it
fantastica venditrice gentile e molto disponibile,5,2026-04-22 09:08:36,0,it
soddisfatta,4,2026-04-22 08:54:46,0,sv
"venditore affidabile, prodotto come spiegato nella vendita",5,2026-04-22 08:47:20,0,it
"gentile,veloce e prodotto uguale alla descrizione,grazie!",5,2026-04-22 08:40:46,0,it
"app e esperienza d'uso ottima, purtroppo vinted tutela solo gli acquirenti che sono dei morti di fame e aver a che fare con i morti di fame non è mai una buona idea. account account",1,2026-04-22 08:35:11,1,it
"tutto nella norma, attenzione però se un prodotto arriva al destinatario e dovesse accettarlo perché magari sbagliando la valutazione della dimensioni, in alcun casi ritorna al mittente, ma in altri, se tu nn riuscissi a rispondere subito a vinted (per loro, noi non facciamo niente durante il giorno), viene caso strano smarrito! e tu che volevi vendere un prodotto x pochi euro, ci rimetti il prodotto,(mai ritornato) e i soldi! complimenti, risoluzione del problema ottima",1,2026-04-22 00:24:08,2,it
"sarebbe utile un filtro per scegliere in quale paese comprare gli articoli. per nazione in modo da sapere prima quanto costa la spedizione, per città in modo da potersi anche scambiare a mano gli articoli più grandi. a volte i pacchi grandi tornano indietro.",4,2026-04-21 23:29:27,0,it
ottima. la compravendita a portata di pochi click.,5,2026-04-21 23:26:14,0,it
"ottima app per vendere e acquistare usato, devono migliorare nella parte resi e fare più attenzione ai pro seller e purtroppo i pacchi persi vengono rimborsati soltanto a chi a venduto e non ha chi a pagato e non ricevuto",4,2026-04-21 23:17:11,0,it
app perfetta per vendere la consiglio,5,2026-04-21 22:17:34,0,it
tutto apposto,5,2026-04-21 22:03:18,0,it
ottima applicazione per i vostri acquisti e le vostre vendite.,5,2026-04-21 21:40:51,0,it
"molto gentile, ha inviato subito il libro e l'articolo rispecchia la descrizione",5,2026-04-21 21:19:10,0,it
ottima veramente se seguito passo passo in ogni esperienza.,5,2026-04-21 20:55:13,0,it
le scarpe sono arrivate abbastanza in fretta e la ragazza è stata gentilissima,4,2026-04-21 20:53:30,0,it
tutto come descritto e spedizione rapida,5,2026-04-21 20:20:25,0,it
mi piace. ho acquistato solo una camicia e sono soddisfatta. comprerò altre cose e altre le metterò in vendita problema solo di consegna con pi. la prossima volta farò consegna in punto di ritiro.,4,2026-04-21 19:56:31,0,it
ottima app consigliatissima,5,2026-04-21 19:55:57,0,it
venditore gentilissimo,5,2026-04-21 19:50:41,0,it
"sono stata molto delusa da vinted metto in vendita un prodotto originale, ce l' anno tutti li sopra,e costa sulle 250 euro, lo sbaglio e stato metterlo in vendita x 3 volte dopo 2 segnalazioni, era un mio prodotto originale. x loro era un attivita fraudolenta. dopo il ricorso mi a bloccato definitivamente. e va be fa niente, nn apriro mai piu un profilo li sopra. avete perso una persona semplice. tutti fanno compravendita.e voi mi avete deluso tanto.",1,2026-04-21 19:46:28,1,it
per ora ha funzionato alla perfezione!👍,5,2026-04-21 19:44:05,0,it
una piattaforma veramente valida per la compravendita di tantissime tipologie di articoli.,5,2026-04-21 19:33:05,0,it
"non mi si apre più ,non capisco perché sono stata bloccata?forse ho fatto qualcosa di sbagliato ?se gentilmente mi si dice cosa magari rimedio ,nn è mia intenzione creare problemi ,forse a furia di installare e disinstallare ho fatto casino scusate .ringrazio se mi aiutate",1,2026-04-21 19:17:54,0,it
"app molto facile , servizio efficiente",5,2026-04-21 19:10:15,0,it
"... proprio quello che cercavo da tempo ! ottima , simpatica e funzionale 👍",5,2026-04-21 18:21:56,0,it
"ottima app per acquistare e vendere, peccato non averla conosciuta molto prima",5,2026-04-21 18:06:03,0,it
articolo come da foto.,5,2026-04-21 18:04:25,0,it
mettetevi sempre d'accordo prima con l'acquirente e siate precisissimi. purtroppo si trova anche gente stupida e strafottente che non mantiene quello che scrive e allora vi affidate all'assistenza. io ho dovuto ricorrere qualche volte a causa di utenti bugiardi e ogni volta sono rimasto deluso. una volta ho comprato un giubbotto che non mi é mai arrivato. hanno tarsferito lo stesso il pagamento al venditore. per citarne una...tutelatevi sempre voi perché l'assistenza fa pena per ottusità.,1,2026-04-21 17:50:27,2,it
c'è di tutto. dopo un po' diventa meno giungla e poi una fonte di autentiche chicche,5,2026-04-21 17:41:12,0,it
"la trovo molto bella, l'unica aggiunta che farei è sicuramente inserire la possibilità di caricare molti oggetti simili come per esempio 50 cd e venderli separatemente invece di mettere 1 articolo per volta. per il resto niente da dire",5,2026-04-21 17:32:03,0,it
ottima persona precisa. grazie,5,2026-04-21 17:24:24,0,it
vinted è veloce unico ed esclusivo.,5,2026-04-21 17:23:50,0,it
tutto perfetto. sito affidabile e sicuro,5,2026-04-21 17:18:17,0,it
"quasi perfetta, secondo me dovrebbe essere più tutelato il compratore. altra cosa, l'algoritmo di riconoscimento di articoli non idonei segna come non idonei articoli che nella realtà sono conformi al regolamento vinted",4,2026-04-21 17:16:51,1,it
tutto preciso e in sicurezza. grazie vinted,5,2026-04-21 17:15:45,0,it
"mi sono trovato bene con vinted e pure col venditore, spedizione abbastanza veloce grazie",4,2026-04-21 16:59:26,0,it
app fantastica e molto intuitiva! ho acquistato un disco ed è arrivato velocemente e in ottime condizioni. esperienza d'acquisto fluida e sicura. 5 stelle meritate!,5,2026-04-21 16:47:13,0,it
"sono molto contenta di questa app, la consiglio",5,2026-04-21 16:06:32,0,it
"eccellente per il risparmio,fino ad ora ho avuto esperienze positive. articoli conformi e prezzi adeguati.",5,2026-04-21 15:50:56,0,it
vinted da sempre ragione a chi acquista....mai al venditore....ti fanno il reso ...devi accettare...anche se l'articolo te lo rovina l'acquirente...punto !!!!,1,2026-04-21 15:31:54,0,it
dovrebbero inserire una modalità per cui se un utente fa un'offerta e questa viene accettata poi la transazione si effettua. perdo troppo tempo a ricevere richieste di utenti che poi scompaiono nel nulla cosmico anche se accetti dopo 1 nano sec,1,2026-04-21 15:21:07,1,it
fantastica app sicura per guadagnare qualche soldo con roba da buttare,5,2026-04-21 14:55:12,0,it
tutto bene,5,2026-04-21 14:31:11,0,it
è molto utile,4,2026-04-21 14:09:12,0,it
"mi dispiace che per tre volte il pacco non sia stato spedito, accettato dal negozio perché rispetta le misure e non viene ritirato dal corriere perché secondo il corriere non rispetta le misure. con il il secondo pacco ho chiamato l'assistenza per cambiare le misure, alla fine non sono riusciti e per di più mi hanno bloccato perche secondo l'assistenza l'avevo pubblicato troppo volte (che in realtà era lo stesso solo che volevo pubblicarlo con le misure giuste che nelle modifiche non ci sono).",1,2026-04-21 13:44:32,0,it
efficiente,5,2026-04-21 13:34:03,0,fr
ottima app,5,2026-04-21 13:29:20,0,it
perfetta!!,5,2026-04-21 13:19:26,0,it
"l' articolo è arrivato nei tempi giusti ,bello e profumato.",5,2026-04-21 12:56:20,0,it
soddisfatta dei miei acquisti,5,2026-04-21 12:53:11,0,it
tutto secondo indicazioni,5,2026-04-21 12:50:53,0,it
affidabile,5,2026-04-21 12:45:29,0,so
arrivato come previsto,5,2026-04-21 12:43:33,0,it
primo acquisto e soddisfatto,5,2026-04-21 12:32:26,0,it
molto bene,5,2026-04-21 12:16:28,0,it
molto positiva. indicazioni chiare e semplici. ottima organizzazione,5,2026-04-21 12:08:46,0,it
"ottimo sistema di vendita delle cose, ancora in buono ottimo stato, che non si usano più e di cui dobbiamo o vogliamo liberarci",5,2026-04-21 12:03:51,0,it
"molto ben organizzata a tutela delle parti sia venditore che acquirente,staff veloce alla risoluzione delle problematiche che si presentano grazie continuate così 💪",5,2026-04-21 11:59:38,0,it
"pessima politica post acquisto, se vuoi rendere un articolo per giusta causa, devi pagare tu le spese di reso. l'assistenza tutela i venditori, non gli acquirenti. prima esperienza di acquisto pessima. se riuserò la piattaforma, sarà sicuramente solo per vendere, visti i due pesi e le due misure che vengono applicate.",1,2026-04-21 11:41:43,1,it
tutto molto bene. ottimo servizio clienti. trasferimento denaro rapido.,5,2026-04-21 11:32:52,0,it
prodotto ottimo,5,2026-04-21 11:25:50,0,it
fantastica 450/500,5,2026-04-21 11:12:01,0,it
perfetto grazie mille 👍👍,5,2026-04-21 11:04:28,0,it
"ottimo acquisto della merce e corrisponde alla descrizione. direi molto soddisfatta 😍:⁠-⁠). grazie mille !! achat excellent, le produit est conforme à la description. je suis très satisfaite 😍 :⁠-⁠). merci beaucoup!!",5,2026-04-21 10:43:48,0,it
ricevuto tutto in brevissimo tempo. l'articolo acquistato è in ottime condizioni. praticamente nuovo.,5,2026-04-21 10:22:36,0,it
"molto ben fatta. semplice e intuitiva. migliorerei solo che a volte non c'è la categoria di prodotto richiesta e dopo l'articolo viene bannato. per dire accessori auto non capisco perché non siano vendibili, sarebbe utile per tutti.",4,2026-04-21 10:09:21,0,it
"mi trovo bene ,unico appunto a volte per i piccoli acquisti non conviene per i costi di spedizione che superano l'importo degli oggetti stessi che compro",5,2026-04-21 09:28:12,0,it
"ti bloccano tramite bot, per delle motivazioni stupide, per dei sospetti infondati, che non centrano niente con le inserzioni che mettono, e quando cerchi di contattare il servizio clienti inesiste, ti rispondono con frasi preimpostate, non risolvendo niente",1,2026-04-21 08:19:56,1,it
ottima esperienza,5,2026-04-21 08:14:54,0,it
mi piace tantissimo,5,2026-04-21 08:12:37,0,it
grazie! prodotto molto bello e corrispondente a foto.,5,2026-04-21 07:38:29,0,it
"mi sono trovata molto bene,",5,2026-04-21 07:38:04,0,it
ottima app per trovare ciò che cerchi. la consiglio meglio sempre chiedere dettagli se si hanno dubbi o domande particolari.,5,2026-04-21 07:13:40,0,it
"ottima app, mal gestite le segnalazioni o le chiusure account, molti utenti si lamentano",1,2026-04-21 07:06:50,1,it
dal 6 di aprile sto ancora aspettando il vostro accredito di 18 euro. grazie,3,2026-04-21 04:37:11,0,it
ottimo servizio,5,2026-04-21 00:41:11,0,it
molto soddisfatta,5,2026-04-20 23:35:50,0,it
pessima. gestione degli utenti sbagliata. bocciata,1,2026-04-20 23:22:16,1,it
perfetto!!!,5,2026-04-20 23:17:53,0,it
sito serio e sicuro,5,2026-04-20 23:09:34,0,it
tutto perfetto grazie,5,2026-04-20 22:25:16,0,it
"pessimo. servizio clienti inesistente: solo risposte automatiche dopo giorni di attesa. mi hanno bloccato 2 account per contenuti inappropriati, senza spiegazioni e senza possibilità di replica. durante il blocco non ricevi notifiche, non puoi gestire i tuoi annunci o contestare ordini se ricevi merce rotta. ti impediscono di fatto di tutelare i tuoi soldi o parlare con venditori o acquirenti. gestione arbitraria e imbarazzante, non c’è alcun rispetto per l’utente. e non rispondono alle pec!",1,2026-04-20 22:17:19,1,it
"premetto che mi sono sempre trovata bene, ma sono tre giorni che non viene creata l'etichetta digitale, ho già fatto un annullamento di un ordine in accordo con l'acquirente, poi un altro utente ha acquistato di nuovo l'articolo e di nuovo dopo tanti tentativi non mi crea l'etichetta. perché l'assistenza di vinted continua a non risolvere il problema? problema risolto cambio valutazione",4,2026-04-20 21:49:00,3,it
ottimo modo per ridare vita a cose che non uso più,5,2026-04-20 21:47:09,0,it
"assistenza inesistente, che più volte mi ha portato sul punto di disinstallare l'app, cosa che non escludo in futuro. cliente per nulla tutelato in caso di articoli non conformi. spesso ci sono bug di sistema che danno l' articolo come consegnato, quando non è vero e non c'è modo di contattare il corriere. molto insoddisfatta",2,2026-04-20 21:44:12,1,it
"gli articoli caricati non vengono visualizzati nelle ricerche, né nel profilo (visualizzandolo da altri profili o dal sito senza login)",1,2026-04-20 21:40:24,0,it
persona molto precisa affidabile super articolo come da descrizione,5,2026-04-20 21:31:47,0,it
ottima esperienza,5,2026-04-20 21:21:28,0,it
ottimo venditore raccomando.,5,2026-04-20 21:13:23,0,it
perfetto grazie,5,2026-04-20 21:12:07,0,it
ottimo servizio,5,2026-04-20 21:02:23,0,it
"mi trovo benissimo sia come venditrice che come acquirente. tutto ben spiegato e veloce la pubblicazione degli ""oggetti"". unico piccolo problema, a volte i pacchi tardono ad arrivare.",5,2026-04-20 20:53:17,0,it
"finora tutto bene,non metto 5 stelle perché manca la possibilità di acquistare solo da indirizzi italiani, sarebbe un opzione molto importante.",4,2026-04-20 20:30:35,0,it
tutto come descritto,5,2026-04-20 19:59:59,0,it
al 99% app ottima,5,2026-04-20 19:53:11,0,it
super venditore,5,2026-04-20 19:48:59,0,it
il servizio assistenza sia per acquisti che per vendite è veramente pessimo ho fatto molti buoni affari ma ho subito anche varie truffe e vinted non mi ha tutelato o mi ha tutelato solo in parte facendomi restituire l'articolo ma addebitandomi le spese di spedizione e poi bocciato assolutamente il servizio spedizioni vinted go che spesso smarrisce gli articoli e se ti va bene ci mette svariate settimane per consegnare,2,2026-04-20 19:42:08,1,it
ottima app,5,2026-04-20 19:40:24,0,it
non funziona più la selezione multipla delle foto potete sistemare?,2,2026-04-20 19:31:36,0,it
tutto perfetto,5,2026-04-20 19:30:48,0,it
ottima anche se per ricevere i soldi guadagnati devi aspettare un bel po',5,2026-04-20 19:26:36,0,it
fantastica!,5,2026-04-20 19:04:24,0,it
todo bien!!,5,2026-04-20 18:47:14,0,es
ottima esperienza,5,2026-04-20 18:38:18,0,it
fantastica super soddisfatta,5,2026-04-20 18:26:50,0,it
ottima piattaforma,5,2026-04-20 18:22:06,0,it
applicazione ben fatta.. facile da utilizzare ed intuitiva,5,2026-04-20 18:18:15,0,it
"molto buona davvero, purtroppo non si può vedere dove si era deciso di ritirare l'acquisto come punto di ritiro. a volte se ne devono scegliere diversi e si può fare confusione. sul sito internet si trova a fatica gli articoli acquistati...per il resto tutto benissimo.",5,2026-04-20 18:15:47,0,it
"una sera ho deciso di iscrivermi a vinted,ho fatto tutta la procedura e alla fine mi hanno bannato l'account a vita dicendo che hanno rilevato un'attività fraudolenta....ma se io non avevo messo in vendita ancora niente e mi ero appena iscritto,com'è possibile? mi avete deluso 👎🏼👎🏼👎🏼zero stelle",1,2026-04-20 18:13:16,1,it
ottima app se utilizzata bene. dopo la transazione il mio credito era già disponibile se l'acquirente conferma con una buona recensione.,5,2026-04-20 18:08:44,0,it
"l'app è molto buona, l'unico problema è che le opzioni di spedizione non sono ottimali, per i pacchi oltre i 50 cm è un grande problema spedire, e spesso la merce torna indietro.",3,2026-04-20 17:59:19,0,it
tutto bene,5,2026-04-20 17:56:57,0,it
grazie mille 👌👋,5,2026-04-20 17:55:08,0,it
tutto spettacolare,5,2026-04-20 17:38:24,0,it
"app perfetta, unica pecca è che non si possono vendere cose seppur confezionate e sigillate tipo integratori",5,2026-04-20 17:36:27,0,it
ottima applicazione servizio fantastico!!,5,2026-04-20 17:35:33,0,it
tutto bene,5,2026-04-20 17:25:05,0,it
"ottimo venditore, articolo molto bello. consigliato 👍",5,2026-04-20 17:00:02,0,it
tutto bene grazie mille,5,2026-04-20 16:25:44,0,it
top miglior app,5,2026-04-20 16:24:09,0,it
oggetto praticamente nuovo,5,2026-04-20 16:14:33,0,it
ottimo e perfetto. grazie,5,2026-04-20 16:07:20,0,it
tutto perfetto,5,2026-04-20 16:05:00,0,it
"quando si tratta di risolvere un reclamo , ti fanno aspettare anche 30 giorni senza notizie ...intanto non ho né i soldi né il pacco",1,2026-04-20 15:58:19,1,it
ottima app. consigliabile unico appunto ho ancora un ordine non arrivato che sto aspettando,5,2026-04-20 15:39:23,0,it
l'unico problema sono i tempi di consegna...,5,2026-04-20 15:14:17,0,it
tutto bene,5,2026-04-20 15:11:04,0,it
"ordinato un gioco il 9 aprile ,oggi 20 aprile nemmeno l ombra, contatto l assistenza e mi dicono che posso solo aspettare a metà maggio,tra me e la persona che mi ha venduto il gioco sono 56 min di strada .io non posso acquistare su un app che non mi dà queste sicurezze e che mi deve dare tempi di attesa così lunghi è inconcepibile",1,2026-04-20 14:54:34,0,it
vinted è una risorsa preziosa per chi vuole vendere e comprare articoli nuovi o usati con un approccio green. nel corso degli anni i servizi sono evoluti nell'ottica di garantire una maggiore sicurezza per chi compra ed acquista (assicurazione per merce smarrita o verifica articoli griffati etc). trovo che potrebbe migliorare ancora se offrisse la possibilità di pagare con paypal. da migliorare anche la visibilità del punti di consegna al momento dell'acquisto ( spesso l'app non funziona),4,2026-04-20 14:48:57,3,it
"app molto ben organizzata,precisa, affidabile, sia per vendita sia per acquisti.",5,2026-04-20 14:48:54,0,it
venditore professionale e preciso. packaging perfetto e curato. cravatta pari al nuovo. grazie.consiglio vivamente,5,2026-04-20 14:31:30,0,it
app ben strutturata,5,2026-04-20 13:42:29,0,sv
bella prima esperienza grazie,5,2026-04-20 13:40:39,0,it
"4 perché a volte tolgono annunci e minacciano di bloccare l'account, per motivi futili senza senza poter contattarli. ci tengo molto al mio account e ieri mi hanno tolto un annuncio perché lo sfondo era troppo confuso come colori. capisco tutto, ma addirittura minacciare di bloccare il mio account, dove ho i miei soldi delle vendite.. solo per quello! mi impegno sempre molto con gli annunci, ma capita di poter sbagliare! almeno date la possibilità di esserne contattati per risolvere!",4,2026-04-20 13:40:28,8,it
ottima app,5,2026-04-20 13:29:18,0,it
conforme alla descrizione,5,2026-04-20 13:24:50,0,it
ottimo grazie 😍,5,2026-04-20 13:20:59,0,it
vendite veloci e sicure,5,2026-04-20 13:07:15,0,it
moltonintuitiva semplice ed estremamente affidabile,5,2026-04-20 12:58:31,0,it
molto buona scarpette bimbo molto carine,5,2026-04-20 12:55:47,0,it
ottima app,5,2026-04-20 12:33:52,0,it
ottima app per il momento...mai avuto problemi come venditore,5,2026-04-20 12:14:15,0,it
ottima x vendite e acquisti,5,2026-04-20 12:11:14,0,it
ottima esperienza.,5,2026-04-20 12:07:36,0,it
simpatica per comprare usato,5,2026-04-20 11:19:31,0,it
ottima app,5,2026-04-20 11:18:05,0,it
pratica e comoda,5,2026-04-20 10:49:04,0,it
facile da usare.,5,2026-04-20 10:47:45,0,it
facile da usare comodo super consigliato,5,2026-04-20 10:24:30,0,it
transazione facile e veloce,4,2026-04-20 10:05:58,0,it
app..perfetta,5,2026-04-20 09:47:39,0,it
ottima app,5,2026-04-20 09:42:00,0,it
è una bellissima piattaforma veloce ma a volte dà tanti problemi,5,2026-04-20 09:41:03,0,it
"dopo l'ultimo aggiornamento continua a ripetermi che i server sono inattivi e di riprovare tra 5 min, praticamente è diventata inutilizzabile",1,2026-04-20 09:34:40,0,it
dopo aver acquistato degli orecchini ho acquistato anche un ciondolo. venditrice molto precisa e carina...ogni volta insieme all'oggetto c'era un piccolo pensiero e sono gesti che fanno piacere ☺️,5,2026-04-20 09:23:31,0,it
"è organizzato bene, tutela chi compra e chi vende, non ho mai avuto problemi",5,2026-04-20 08:46:30,0,it
facile ed intuitiva questo dicembre mi hanno perso 3 pacchi. il servizio clienti non è facile da contattare ......confermo ciò che ho scritto aprile 2026,3,2026-04-20 07:10:39,0,it
app utile e ben strutturata,5,2026-04-20 06:45:25,0,it
"sono stata truffata due volte, da un acquirente che ha dichiarato che le ho inviato un oggetto diverso e anche da vinted che, dopo una lunga trafila nonostante abbia riconosciuto che avevo ragione e dichiaratomi un rimborso non mi ha mai accreditato nulla. truffata due volte",1,2026-04-20 05:43:32,0,it
ottima gestione e serietà,5,2026-04-20 01:48:11,0,it
sono in attesa che venga scaricata. aspetto con fiducia.😎🙏🇮🇹,5,2026-04-20 00:24:15,0,it
"mi sono trovato bene all'inizio poi dopo un pò, l'app a iniziato a non farmi più pubblicare nulla di originale per dire che era contraffatto o già presente nel catalogo sensa che sia davvero contraffatto ho provato in tutti i modi a trovare una soluzione facendo quello scritto nel catalogo ma non l'ho trovata, la sconsiglio vivamente!!!!😤😤😤",1,2026-04-19 23:10:31,2,it
pessima in tutto,1,2026-04-19 22:29:53,1,fi
gestione ottima e massima trasparenza,5,2026-04-19 22:22:28,0,it
app ben strutturata. buon servizio. unica pecca....crea dipendenza 😅,5,2026-04-19 22:08:01,0,it
funziona bene,5,2026-04-19 22:07:09,0,it
"ok, tutto ok",5,2026-04-19 21:58:55,0,fi
ottima app,5,2026-04-19 21:56:34,0,it
"vinted è un'ottima applicazione. si vende e si compra in sicurezza. l'unico piccolo neo, se devo essere sincera, è che oltre alle foto degli oggetti, si dovrebbe avere la possibilità di pubblicare anche dei mini-video per gli elettrodomestici.",5,2026-04-19 20:45:02,0,it
"compravendita scorrevoli, trasferimento denaro abbastanza veloce.",5,2026-04-19 20:27:24,0,it
app fantastica!!!!,5,2026-04-19 20:22:28,0,it
"vendere e comprare con vinted è molto gratificante, l'unica pecca (ed è per questo che ho messo 3 stelle) è che ci mette troppo tempo a pagare chi vende. è vero....il cliente viene prima di tutto, ma in qualsiasi piattaforma di vendita dell'usato (es. subito.it),compri e paghi all'istante, ed è così che deve essere. se invece un cliente acquista e riscontra un problema segnalandolo, vinted blocca il pagamento, ma alcuni furbetti se ne approfittano chiedendo anche il rimborso non restituendo.",3,2026-04-19 20:19:22,0,it
app chiara e semplice.,5,2026-04-19 19:55:49,0,it
ottima app veloce e molto funzionale,5,2026-04-19 19:54:19,0,it
tutto benissimo,5,2026-04-19 19:47:15,0,it
piattaforma seria.,5,2026-04-19 19:46:45,0,it
esperienze sempre molto positive sotto tutti i punti di vista,5,2026-04-19 19:38:17,0,it
"piattaforma molto valida e molto frequentata. livelli di sicurezza alti per chi compra e per chi vende, unico neo a mio avviso che hanno un boot che toglie in automatico gli annunci con roba griffata anche se è dimostrata l'autenticità e questo non è corretto, puoi fare ricorso ma ti rispondono in automatico dopo una settimana, per questo dò 4 stelle",4,2026-04-19 19:34:35,0,it
semplice ed intuitiva da usare,5,2026-04-19 19:15:34,0,it
ho venduto 2 articoli! il cliente non ha mai ricevuto l'articolo..mi é stato inviato un tiket per tracciare il pacco..mi hanno chiesto di attendere 25 gg...li ho ricontattati al servizio clienti vinted. e mi hanno detto che era troppo tarti! attenzione alle truffe! nn siete tutelati se i pacchi che spedite si perdono.,1,2026-04-19 19:08:41,1,it
"fin'ora tutto bene, soddisfatto in toto",5,2026-04-19 18:51:12,0,it
finora sembra la migliore.,5,2026-04-19 18:24:24,0,it
ottima app che funziona benissimo.,5,2026-04-19 18:09:47,0,it
ottima esperienza 👍,5,2026-04-19 17:48:46,0,it
ottima e genialmente utile,5,2026-04-19 17:37:52,0,it
trovo quello che mi serve a prezzi bassi e mi libero di quello che non mi serve piu',5,2026-04-19 17:28:25,0,it
buona app ma avvolte fa stupidaggini,4,2026-04-19 17:17:02,0,it
sono contento,5,2026-04-19 17:15:01,0,it
"vorrei poter scegliere nella sezione""personalizzazione"" anche il paese. così come è stata aggiunta la voce 'lingua' nella sezione dedicata ai libri. molto utile",3,2026-04-19 16:04:03,1,it
tutto bene!,5,2026-04-19 15:56:22,0,it
attenzione! chiudono account con saldo dentro e non si fanno più sentire. attenzione!,1,2026-04-19 14:58:35,1,it
ottima e intuitiva,5,2026-04-19 14:17:59,0,it
bellissima e molto sicura grazie mille,5,2026-04-19 13:56:30,0,it
sono delusa perché il corriere ha distrutto il mio pacco e vinted ha dato la colpa a me. non mi è stato rimborsato nulla. per quanto riguarda gli acquisti per ora tutto ok.,2,2026-04-19 13:50:57,1,it
"non è paragonabile a siti di vendita più noti manca paypal. noiosa la possibilità di ""termini fuorvianti"" nei testi annunci che rendono impossibili ricerche mirate. il sistema delle c.d. ""recensioni"" permette a venditori poco seri nelle descrizioni di agire tranquillamente. infine molto grave il fenomeno di mancata esecuzione di spedizioni, con recupero soldi versati lento.",3,2026-04-19 13:47:45,14,it
fa tutto alla perfezione,5,2026-04-19 13:06:02,0,it
"dal momento che molti utenti vendono oggetti usati ad un prezzo più alto nel nuovo, niente mi impedisce di recensire negativamente quest'app ,considerando anche che, nonostante le segnalazioni alla comunity, continuano a dire che queste cose non violano il loro regolamento. suppongo che nemmeno la mia valutazione a quest'app possa violare qualcosa allora.",1,2026-04-19 12:47:58,2,it
è un app fantastica,5,2026-04-19 12:05:59,0,it
fantastica! metterò 5 stelle quando permetteranno dj trovare i prodotti non solo per somiglianza di ciò che scrivi ma anche potendo impostare con un filtro solo le cose che si chiamano esattamente in quel modo,4,2026-04-19 12:02:03,0,it
mi trovo benissimo con vinted: affidabile per vendere e acquistare.,5,2026-04-19 11:51:06,0,it
app perfetta senza avrei buttato un sacco di cose e invece con vinted gli ho ridato una seconda vita,5,2026-04-19 11:50:37,0,it
non ho mai avuto problemi con le vendite e i pagamenti,5,2026-04-19 11:33:31,0,it
ultimo aggiornamento ridicolo. nel menù a tendina della barra di ricerca non si capisce più nulla. è stata eliminata l'utilissima visualizzazione dei filtri di ricerca associati alle ricerche salvate. è diventato molto frustrante cercare le cose. no sense.,1,2026-04-19 11:31:46,0,it
"l'assistenza non esiste , rispondono con dei bot profilo con blocco permanente per troppe vendite , ho impostato la partita iva ma non la riconosce ormai sono passato 4 mesi , ci rinuncio e passo a wallapop, leggo tantissimi utenti che hanno disinstallato e avuto problemi , se vinted non cambia i parametri di vendita fra qualche anno potrà chiudere tranquillamente",1,2026-04-19 11:22:29,2,it
"sono davvero arrabbiato, l'assistenza vinted non serve ho messo un boost di 2,63 e sono fermo da ieri pomeriggio a 6 visualizzazioni quelle che ho avuto sempre . ho chiesto un rimborso ma niente parole al vento . sconsiglio vivamente",1,2026-04-19 11:22:14,1,it
"nessuna garanzia per i venditori. pessima piattaforma per vedere, è molto pubblicizzata, ma ci sono tante piattaforme più efficienti e professionali. vinted tutela le truffe degli acquirenti.",1,2026-04-19 09:29:13,1,it
grandi possibilità di acquisti a prezzi ottimi,5,2026-04-19 09:25:35,0,it
"uso l'app ormai da diversi anni, questo significa che per lo più mi trovo bene ma ci sono degli aspetti, quali il fatto di non poter modificare l'ordine di visualizzazione degli articoli nel proprio armadio (ad esempio mettere in alto gli articoli stagionali), che trovo poco pratici.",4,2026-04-19 09:12:52,0,it
"ottima applicazione di compra-vendita! miglioramenti che spero di vedere presto: - ⚠️⚠️⚠️⚠️aggiungere la possibilità di creare delle cartelle o categorizzare gli articoli preferiti; possibilità di selezionare il tipo di manica (bretelle, giro, corte, 3/4, lunghe) per top, maglie e vestiti⚠️⚠️⚠️⚠️; - aggiungere la possibilità ad es di accumulare punti e sconti, magari per la spedizione (o mettere più spesso la spedizione a €0,99) - aggiungere più filtri di ricerca -",3,2026-04-19 09:06:33,5,it
app fatta bene. ottima esperienza,5,2026-04-19 08:20:10,0,it
vinted fate inserire troppi truffatori e una piattaforma per truffare persone dovete fare più controlli,2,2026-04-19 08:15:52,1,it
ben funzionante e gratuita.,5,2026-04-19 03:53:16,0,it
tutto ok velocissimo nel invio .grazie,5,2026-04-19 00:48:37,0,it
troppo alte le spese di spedizione smetterò di acquistare,3,2026-04-19 00:32:26,0,it
pacco arrivato integro e felpa come descritta. grazie venditore.,5,2026-04-18 23:13:43,0,it
superlativa! grazieeee!,5,2026-04-18 23:07:09,0,it
"app carina, e sinceramente ho trovato anche cose che cercavo da tempo.",4,2026-04-18 21:55:45,0,it
"fantastica applicazione! sto vendendo praticamente tutto ciò che ho di superfluo in casa, funziona davvero. si possono concludere veri affari.",5,2026-04-18 21:34:22,1,it
ottima app . anche se all'inizio mi avevano bandito per errore .,5,2026-04-18 21:31:07,0,it
perfetto tutto! ottimo venditore!,5,2026-04-18 21:10:18,0,it
tutto positivo,5,2026-04-18 21:06:49,0,it
"tutto ottimo finora. dalle esperienze lette però bisogna vedere cosa succederà al primo problema, se succede qualcosa di brutto, una truffa, un pacco disperso o danneggiato. è lì che si valuta un servizio. ma per adesso tutto ottimo",4,2026-04-18 20:48:00,0,it
applicazione fantastica facile da utilizzare e comoda da avere. mi ha cambiato la vita!,5,2026-04-18 20:44:02,0,it
semplice e affidabile,5,2026-04-18 20:43:01,0,it
veramente soddisfatto,5,2026-04-18 20:32:22,0,it
"app comoda, semplice e intuitiva per vendere oggetti usati",5,2026-04-18 20:28:37,0,it
un'ottima applicazione dove poter vedere le cose che non usi più guadagnando qualcosa.,5,2026-04-18 20:02:29,0,it
"in linea generale funziona bene, consiglierei a vinted di dare possibilità all'acquirente di scegliere il corriere al momento dell'acquisto. inoltre aggiungo di tutelare anche il venditore,no solamente l'acquirente.",4,2026-04-18 19:51:11,0,it
ottima app consigliata davvero,5,2026-04-18 19:47:30,0,it
tutto perfetto,5,2026-04-18 19:31:59,0,it
"signora gentissima ,acquisto super!",5,2026-04-18 19:29:33,0,it
fantastica per vendere e acquistare. mi trovo davvero bene,5,2026-04-18 19:14:58,0,it
piattaforma deludente quanto a protezione dell'acquirente. impotente davanti alle truffe. funziona se si ha la fortuna di incontrare brava gente. in caso contrario si è completamente abbandonati. mortifucante,1,2026-04-18 18:12:57,1,it
"applicazione molto ben fatta che protegge sia i venditori che i compratori, assicurando tutto, ovviamente c'è il prezzo di spedizione ma che per cose costose va più che bene e si possono fare ottimi affari",5,2026-04-18 18:00:04,0,it
sempre in linea di massima positive,5,2026-04-18 17:54:01,0,it
"tutto molto bene,gentile acquisto perfetto, grazie",5,2026-04-18 17:31:43,0,it
"app fantastica, facile da usare e molto utile",5,2026-04-18 17:24:32,0,it
"servizio clienti inesistente e basato su un metodo fallace e non funzionante. ingiusto per gli user onesti. ci sono moltissimi profili falsi e bot impuniti, mentre chi vende articoli inutilizzati viene penalizzato. impossibile parlare con un operatore umano: rispondono con messaggi preconfezionati. comunicazione non trasparente e non chiara.",1,2026-04-18 17:20:34,1,it
ottima esperienza,5,2026-04-18 17:15:55,0,it
positivo anche in presenza di rimborsi,5,2026-04-18 17:15:50,0,it
"acquistato orecchini, un pò lunga l'attesa ma ottimo servizio",5,2026-04-18 17:13:55,0,it
"ottima, semplice...",5,2026-04-18 17:02:37,0,it
ottima e affidabile,5,2026-04-18 16:54:56,0,it
pessima app.,1,2026-04-18 16:45:20,1,it
app molto bella,5,2026-04-18 16:04:54,0,it
"mi fa fare i soldi , bello.",5,2026-04-18 15:57:06,0,it
"uso vinted da anni e sono sempre stata un'utente corretta. sono stata bannata a vita senza preavviso solo per aver caricato un coltellino svizzero, non sapendo fosse vietato. nessuna revisione umana, solo risposte automatiche. trovo assurdo che un'utenza storica e in buona fede venga cancellata così, senza possibilità di dialogo. gestione del supporto estremamente rigida, deludente e poco trasparente. se cercate un servizio che tuteli la community, purtroppo qui non lo troverete.",1,2026-04-18 15:31:50,1,it
ottimo prodotto buon stato,5,2026-04-18 15:28:09,0,it
ottima app,5,2026-04-18 15:24:15,0,it
facile e veloce.,5,2026-04-18 15:19:38,0,ro
tutto pwrfetto,5,2026-04-18 15:03:56,0,it
ottimo vinted che si fa garante della transazione fra le parti,5,2026-04-18 14:43:42,0,it
app utile e conveniente molto seria e ben organizzata,5,2026-04-18 14:39:24,0,it
ottima esperienza consiglio vivamente vinted,5,2026-04-18 14:38:07,0,it
"ottima sperienza, spedizione veloce, consigliato",5,2026-04-18 14:36:39,0,it
"ottima app, sintetica ed pragmatica",5,2026-04-18 14:31:38,0,it
contento del mio primo acquisto. tutto come descritto,5,2026-04-18 14:24:56,0,it
ottimo acquisto. venditore super consigliato,5,2026-04-18 14:21:09,0,it
"strumento completo per quanto riguarda le attività venditore/acquisitore. forse da affinare per quanto riguarda i casi particolari o reclami: a volte manca la risposta ad un quesito posto all'assistenza. un esempio? ho messo in vendita un accendino dupont ; da voi la proposta è stata eliminata perchè l'oggetto non rientrava tra quelli ammessi dalle condizioni di vendita. tutto ok, ma perchè ho visto tante inserzioni di accendini proposti in vendita? vi ho chiesto spiegazioni ma senza risposta",4,2026-04-18 14:03:29,0,it
app meravigliosa!☺️✨️ tutti i venditori e gli acquirenti dono gentilissimi e i pacchi sono perfetti! comprate e vendete su vinted✨️,5,2026-04-18 13:55:57,0,it
tutto perfetto come da descrizione. grazie.,5,2026-04-18 13:51:37,0,it
"articoli perfetti,come descritti! ben imbustati e spedizione veloce!",5,2026-04-18 13:40:52,0,it
"non so, ultimamente gente che fa offerte, le accetti e sparisce. secondo me certi profili o sono hackerati o sono finti. controllate!!!",2,2026-04-18 13:39:02,1,it
ho venduto e acquistato.. ottima applicazione. intuitiva ed efficiente..,5,2026-04-18 13:31:10,0,it
affidabile,5,2026-04-18 13:20:58,0,it
tutto perfetto,5,2026-04-18 13:10:14,0,it
non funziona più. bravi,1,2026-04-18 13:09:53,1,it
ottimi acquisti facili e sicuri.,5,2026-04-18 13:09:53,0,it
fantastici,5,2026-04-18 12:41:54,0,it
"tutto perfetto,costume ultra bello!!",5,2026-04-18 12:33:47,0,it
lenta arrivo merce,4,2026-04-18 12:26:54,0,it
tutto perfetto grazie,5,2026-04-18 11:52:49,1,it
la mia esperienza è buona.,5,2026-04-18 11:52:32,0,it
ottima app,5,2026-04-18 11:38:49,0,it
"mi trovo benissimo. comoda ,facile,ottima, bella esperienza.",5,2026-04-18 11:36:59,0,it
troppi passaggi inutili per caricare i prodotti,3,2026-04-18 11:36:32,0,it
maglietta nuova e ben imballata utente veloce e gentile,5,2026-04-18 11:22:38,0,it
"truffa legalizzata ai danni dei venditori. dopo oltre 300 recensioni da 5 stelle ricevute in due anni, ho dovuto rischiare anche che un mio acquirente (francese) fingendo di aver ricevuto un mouse logitech valore di oltre 100€ (svenduto a 30€ ancora impacchettato) denunciasse scatola vuota (si certo, un venditore su vinted che rischia cosi tanto per cosa?!), si è tenuto prodotto+soldi e io ho addirittura rischiato di non ricevere risarcimento. follia pura. addio vinted!",1,2026-04-18 11:16:18,1,it
"esperienza positiva, contenta di fare parte di questo team",5,2026-04-18 11:08:01,0,it
se io voglio trovare un capo di un certo marchio me ne escono tanti altri,3,2026-04-18 11:06:08,0,it
ottima app,5,2026-04-18 11:00:03,0,it
da venditrice e da acquirente non ho mai avuto problemi nelle spedizioni e nella qualità dei prodotti acquistati. gli acquirenti sono stati sempre corretti e precisi,5,2026-04-18 10:54:53,0,it
ottima appe soprattutto sicura,5,2026-04-18 10:37:44,0,it
ottima app,5,2026-04-18 10:34:27,0,it
"faccio un reso per un prodotto palesemente difettoso e vinted addebita a me le spese del reso anziché al venditore/truffatore. per non parlare del fatto che ti obbligano ad acquistare un'assicurazione ad ogni acquisto, che evidentemente non serve a niente.",1,2026-04-18 10:08:42,1,it
tutto perfetto,5,2026-04-18 09:59:01,0,it
"pessima applicazione ho un importo in sospeso per una vendita andata a buon fine, dopo diversi reclami, non esiste alcun tipo di assistenza se non una meccanica che scrive sarete contattati da un operatore nelle 48 ore, cosa che non avviene, in pratica vinted mi ha truffato l'importo!",3,2026-04-18 09:47:41,5,it
belli come da foto,4,2026-04-18 09:40:59,0,it
simpatia e cordialità. tutto ok!,5,2026-04-18 09:35:18,0,it
"utilizzo vinted da anni ormai e mi trovo molto bene ma bisogna augurarsi di non incorrere mai in alcun tipo di problema sugli ordini, nè da venditore nè da acquirente, perché il servizio di assistenza della piattaforma è a dir poco scadente. non è una vera e propria assistenza come si potrebbe pensare, bensì probabilmente dei bot che rispondono con delle frasi precompilate che non aiutano minimamente a risolvere il problema. si paga la protezione acquisti del tutto inutilmente",1,2026-04-18 09:10:17,2,it
aiuta a dare nuova vita a cose che non si usano piu,5,2026-04-18 08:57:14,0,it
ottima opportunità di riciclo,4,2026-04-18 07:39:54,0,it
"vinted è un grande strumento, poche commissioni, snello e pratico. per acquistare nessun dubbio che sia top; sulla vendita invece, soprattutto a causa della scelta di partner logistici low cost, una spedizione su 10 sparisce o viene danneggiata e non sempre le garanzie assicurative riparano da questi problemi.",4,2026-04-18 06:56:40,0,it
molto interessante,5,2026-04-18 06:52:18,0,it
veloci nei problemi,5,2026-04-18 06:26:48,0,ro
veramente cute,5,2026-04-18 04:46:55,0,ro
utile molto organizzata lapp faccio tanti soldi,5,2026-04-18 04:31:29,0,it
"la uso da poco, soddisfatto, ok.",5,2026-04-18 02:54:27,0,it
vinted è il top!,5,2026-04-18 02:38:28,1,it
"ottima piazza ,le transazioni semplici ed efficaci.",5,2026-04-18 02:11:45,0,it
"sarebbe carino se trovassero una soluzione per le spese di spedizione e la protezione acquisti. in due giorni ho acquistato 6 capi da 5 venditori diversi del valore totale di 42 euro, peccato abbia pagato 65 euro e passa per via dei due servizi citati che in tutto mi sono costati 23 euro. diversi siti di shopping online con venditori privati hanno trovato una soluzione per non fare pagare le spedizioni, soprattutto non inseriscono la protezione acquisti in quanto servizio già incluso.",3,2026-04-18 00:39:18,1,it
per ora tutto bene,5,2026-04-18 00:00:21,0,it
molto intuitiva e facile da utilizzare,5,2026-04-17 23:18:18,0,it
metto 1 stella perché chi vende non è per niente tutelato... e anche chi acquista,4,2026-04-17 22:50:05,1,it
ottima app per vendite e acquisti,5,2026-04-17 22:25:44,0,it
"ampia scelta, pagamenti sicuri",5,2026-04-17 22:10:46,0,it
molto utile!!!!,5,2026-04-17 21:58:45,0,it
sempre perfetta,5,2026-04-17 21:57:32,0,it
"pessima app. ultimamente senza verificare,bloccano l'account.ho venduto un oggetto,dopo due settimane dalla vendita,mi hanno bloccato perché a loro dire , contraffatto. non danno nemmeno la possibilità di dimostrare il contrario. assistenza ridicola,per rispondere si prendono 5 giorni.davvero ridicoli.",1,2026-04-17 21:53:04,2,it
"ottima app, con il tempo sta diventando sempre più solida e completa. complimenti.",5,2026-04-17 21:20:32,0,it
positiva anche se sono un po alte le spese di spedizione,5,2026-04-17 21:18:41,0,it
"tutto apposto 👍 perfetto, ottimo",5,2026-04-17 21:17:32,0,it
consigliata...,5,2026-04-17 20:57:53,0,it
ho iniziato a vendere su vinted per gioco ed ora mi sono reso conto che e utilissima per vendere in piena sicurezza sia per me ma anche per chi compra app azzeccatisima la consiglio vivamente,5,2026-04-17 20:47:27,0,it
senza infamia e senza lode. il vero problema è che non prendono in considerazione le segnalazioni.,1,2026-04-17 20:46:26,1,it
facile e veloce,5,2026-04-17 20:42:13,0,ro
app molto seria . impiegati sempre disponibili con tutti.,5,2026-04-17 20:26:42,0,it
app facile da usare e si trova subito tutto.,5,2026-04-17 20:13:37,0,it
una garanzia,5,2026-04-17 20:04:55,0,sw
mi trovo benissimo,5,2026-04-17 19:48:06,0,lt
tutto come indescrizione.,5,2026-04-17 19:46:36,0,it
affidabile e con garanzia sugli acquisti. 👍,4,2026-04-17 19:29:22,0,it
strumento ottimo per comprare e vendere,5,2026-04-17 19:23:03,0,it
prezzi buoni a volte spedizione un po' alta rispetto al pezzo che si acquista,5,2026-04-17 18:59:40,0,it
il numero di scarpe era 37 invece è 36 comunque vanno bene ugualmente,5,2026-04-17 18:47:28,0,it
tutto come da descrizione,5,2026-04-17 18:22:04,0,it
funziona molto bene,5,2026-04-17 18:20:36,0,it
ottima piattaforma per fare affari,5,2026-04-17 18:19:05,0,it
il miglior posto dove trovare ottimi affari,5,2026-04-17 18:17:51,0,it
ottima esperienza,5,2026-04-17 17:53:14,0,it
this is best in life,5,2026-04-17 17:51:46,0,en
ottimale come servizio,4,2026-04-17 17:51:41,0,it
vergognosi! evitare come la peste ! se vendi e vieni truffato è la normalità,1,2026-04-17 17:40:43,1,it
"la venditrice è gentilissima, ha fatto una confezione di spedizione accuratissima, gli oggetti sono bellissimi esattamente come in foto.",5,2026-04-17 17:35:41,0,it
"informazioni puntuali, non ho avuto problemi di nessun genere.",4,2026-04-17 17:32:32,0,it
"intuitiva, fatta bene.",5,2026-04-17 17:23:10,0,it
precisione e accuratezza,4,2026-04-17 17:15:06,0,it
"ottimo venditore, prodotto in perfette condizioni!",5,2026-04-17 17:08:53,0,it
"piattaforma con grosse lacune nella tutela degli acquirenti. 1 - quando il venditore spedisce un articolo sbagliato, non lo si accetta e il venditore richiede il reso. non è normale che io debba pagare le spese di spedizione. l'errore è del venditore non dell'acquirente. 2 - un venditore può accettare un ordine e annullarlo per venderlo a chi vuole, e l'acquirente non ha nemmeno la possibilità di lasciare una recensione negativa per segnalare il comportamento scorretto. l'assistenza inutile.",1,2026-04-17 17:08:35,9,it
ottime occasioni di vendita e di acquisto.,5,2026-04-17 16:58:10,0,it
app utile e seria per la compravendita di usato di qualità,5,2026-04-17 16:45:08,0,it
venditore serio e professionale tutto ok consigliatissimo,5,2026-04-17 16:36:51,0,it
ottima esperienza!!!!,5,2026-04-17 16:28:18,0,it
spese di consegna troppo alte,1,2026-04-17 16:24:08,1,it
golfino perfetto grazie mille,5,2026-04-17 16:18:57,0,it
grazie a questa app riesco vender5cose che nn uso con molta facilità,5,2026-04-17 16:06:02,0,it
ottimo grazie mille la consiglio,5,2026-04-17 16:06:00,0,it
tt perfetto,5,2026-04-17 15:54:40,0,no
veloce e pratico,5,2026-04-17 15:50:24,0,it
ottima fino ad ora,5,2026-04-17 15:49:52,0,it
tutto come promesso,5,2026-04-17 15:46:36,0,it
puntuale e trasparente. buonissima esperienza,4,2026-04-17 15:45:04,0,it
grazie a vinted ho avuto l'opportunità di entrare nel mondo della compravendita.,5,2026-04-17 15:33:19,0,it
pessima mi hanno bloccato account senza motivo,2,2026-04-17 15:14:26,1,it
stupenda ed affidabile app,5,2026-04-17 15:07:39,0,it
arrivano prima i pacchi dalla germania che dall 'italia.....👍,5,2026-04-17 14:37:43,0,it
"grazie mille, velocità e affidabilità!",5,2026-04-17 14:28:30,0,it
ottima esperienza del servizio,5,2026-04-17 14:13:51,0,it
esperienza positiva,5,2026-04-17 14:09:40,0,it
ottima esperienza,5,2026-04-17 14:07:55,0,it
meravigliosa,5,2026-04-17 14:05:31,0,it
magnifica stupenda mi trovo benissimo,5,2026-04-17 13:27:33,0,it
tutto perfetto e organizzatissimo consiglio a tutti di comprare su vinted,5,2026-04-17 13:25:52,0,it
buona app per vendere,5,2026-04-17 13:22:43,0,no
esperienza positiva.imballaggio ok consiglio,5,2026-04-17 13:21:01,0,it
"bellissima praticamente non compro più niente nuovo, solo che è organizzato male l account,tipo i messaggi se ne arrivano tanti divrebbero potersi dividere almeno tra acquisti e vendite",5,2026-04-17 13:18:51,0,it
chi giudica la credibilità dei capi è un incompetente,1,2026-04-17 13:18:28,0,it
consiglio a tutti di usare questa app,5,2026-04-17 13:05:04,0,it
bellissimo! grazie mille,5,2026-04-17 12:58:27,0,it
"tempi di accredito lenti, tempi di consegna lenti, tempi di rimborso lenti, se una cosa la restituisci subito indietro i soldi li rivedi dopo settimane pagando a tue spese la spedizione",2,2026-04-17 12:28:45,0,it
ottima app seria che ti dà l'opportunità di ridare vita a tutto quello che non si usa più la consiglio vivamente,5,2026-04-17 12:22:35,0,it
"mai avuto un problema , servizio clienti eccellente, davvero un app top",5,2026-04-17 12:19:17,0,it
ottimo. come proposto in vendita,5,2026-04-17 12:18:06,0,it
ottima applicazione mi trovo benissimo,5,2026-04-17 12:13:13,0,it
"è facile trovare ciò che cerchi, ottima app. non do la quinta stella perché non si può filtrare i risultati in base all'area di provenienza, per valutare acquisti senza bisogno di spedizioni.",4,2026-04-17 12:03:50,0,it
do 4 stelle solo perché è arrivata in ritardo,4,2026-04-17 12:03:32,0,it
app valida e seria.,5,2026-04-17 11:54:40,0,it
buona piattaforma di ecommerce di vendita usato.,5,2026-04-17 11:52:53,0,it
facile da gestire (quasi sempre). l' assistenza per venditori quasi nulla,3,2026-04-17 11:49:14,0,it
sometimes it is unlikely to have views,4,2026-04-17 11:41:12,0,en
"in linea di massima bene ma c è poca tutela per chi spedisce i pacchi. si tende sempre a credere e quindi ""risarcire"" chi riceve e dice che l'ordine non va bene, ma non sempre è il destinatario che subisce, anche il mittente",4,2026-04-17 11:31:27,0,it
"perfetto, come in descrizione.",5,2026-04-17 11:15:03,0,it
app seria e facile da usare. consiglio a tutti,5,2026-04-17 10:54:43,0,it
alles ok. danke,5,2026-04-17 10:50:13,0,no
per il momento tutto bene,5,2026-04-17 10:36:50,0,it
"ottima app, la uso da un po' di anni ormai sia per vendere che per acquistare. vedendo la recente deriva di immagini generate con ai di modelle che indossano i capi in vendita, vorrei che la piattaforma rendesse obbligatorio un flag quando si carica un'immagine del genere per definire che è stata generata con ai. personalmente trovo queste foto inutili (non mostrano la realtà di come cade un capo) e uno spreco di risorse.",4,2026-04-17 10:17:53,6,it
ottima esperienza,5,2026-04-17 10:08:34,0,it
nuovo con etichetta,5,2026-04-17 09:58:42,0,it
app consigliata.ho venduto tante cose che dovevo eliminare.,5,2026-04-17 09:31:35,0,it
"molto utile , interesante e comodissimo",5,2026-04-17 09:30:49,0,it
5 stelle ottima app,5,2026-04-17 09:16:16,0,it
ottima app,5,2026-04-17 08:57:59,0,it
"la mia prima esperienza. sono soddisfatta, la venditrice, molto diretta, mi ha aiutato a chiarirmi dei dubbi sull'acquisto.",5,2026-04-17 08:36:52,0,it
ottima articolo corrispondente a descrizione e spedizione veloce.,5,2026-04-17 08:31:40,0,it
high voltage cpu on my s26 ultra,1,2026-04-17 06:07:34,0,en
ottimo acquirente 👍 .,5,2026-04-16 23:11:25,0,it
molto facile da utilizzare,5,2026-04-16 23:08:30,0,it
utilissima,5,2026-04-16 22:22:11,0,fi
"quando ho avuto problemi con i venditori, vinted non ha mai risolto",2,2026-04-16 22:18:45,1,it
ottimo strumento!,5,2026-04-16 22:06:24,0,it
"tutto in ordine, punto di consegna comodo e libro in buone condizioni. grazie",4,2026-04-16 21:43:00,0,it
"pessimo servizio clienti, il venditore ha sempre torto secondo vinted, molte truffe, ottimo per acquistare meno per vendere",1,2026-04-16 21:41:01,1,it
"ho usato vinted senza problemi per un po' di tempo. ho poi messo in vendita un oggetto da collezione, nello specifico un fidget spinner a forma di shuriken. questo non era affilato, e non é un oggetto fatto esclusivamente per ferire, cose vietate. nonostante questo vinted ha bloccato automaticamente il mio account. assistenza inesistente che a cui nonostante abbia spiegato la situazione non ha fatto nulla. a questo punto mi ritrovo bannato per sempre da vinted senza possibilità di fare altro.",1,2026-04-16 21:39:13,2,it
"ottima esperienza. piattaforma snella ed efficiente. ed e' un'occasione per divertirsi, oltre che, svuotare gli armadi e rivalorizzare gli oggetti",5,2026-04-16 21:20:25,0,it
ottima esperienza,5,2026-04-16 21:16:19,0,it
"app eccellente, ma serve una piccola correzione. l'app è sviluppata benissimo: fluida, veloce e intuitiva. metto 5 stelle perché è la migliore nel suo settore, ma segnalo una mancanza tecnica: se si annulla un ordine per errore dopo aver già spedito, il sistema non permette in alcun modo di tornare indietro. sarebbe fondamentale aggiungere un tasto di ripristino o una conferma ulteriore per evitare che il venditore perda il pagamento pur avendo inviato il pacco. per il resto, impeccabile!",5,2026-04-16 21:14:25,6,it
tutto in un'unica parola : affari !,5,2026-04-16 21:06:24,0,it
"esperienze positive sia con lo staff vinted, con la politica di vendita e con gli utenti",5,2026-04-16 20:57:14,0,it
"ottima app, si trova di tutto",5,2026-04-16 20:57:01,0,it
primo ordine ricevuto. meraviglioso. continuerò a comprare.,5,2026-04-16 20:54:13,0,it
ottimo venditore,5,2026-04-16 20:50:10,0,it
tutto perfetto come descritto,5,2026-04-16 20:42:33,0,it
fantastico!!!!!,5,2026-04-16 20:41:47,0,it
ottima app,5,2026-04-16 20:41:43,0,it
come da descrizione. top,5,2026-04-16 20:00:42,0,it
"l'articolo non corrisponde per marca e taglia, l'ho tenuto ugualmente riciclandolo in famiglia, più attenzione ai dettagli grazie!",1,2026-04-16 19:55:49,0,it
puntuale prodotto conforme,4,2026-04-16 19:47:14,0,it
"ottimo, cercavo un libro e l'ho trovato praticamente nuovo, molto soddisfatta",5,2026-04-16 19:46:50,0,it
tutto perfetto,5,2026-04-16 19:38:01,0,it
soddisfacente,5,2026-04-16 19:23:21,0,it
ottima app per vendere,5,2026-04-16 19:18:17,0,it
mi trovo molto bene 👍,5,2026-04-16 19:14:55,0,it
facilissima da usare,5,2026-04-16 19:11:25,0,it
fantastica,5,2026-04-16 19:07:06,0,it
"app abbastanza penosa visto che ci sono persone che ti fanno perdere tempo a restiuire gli oggetti solo perché erano leggermente sporchi e hanno dovuto pulirli, dicendo che li hai truffati",1,2026-04-16 19:02:36,0,it
esperienza positiva.,1,2026-04-16 18:55:55,0,it
ottimo per acquisti e per dare una seconda vita alle cose in disuso👌🏼,5,2026-04-16 18:54:34,0,it
bellissimo cardigan. meraviglioso. grazie,5,2026-04-16 18:51:02,0,it
davvero agevole e fantastica l'esperienza di vinted. consiglierei solo di rendere obbligatorio il dato della composizione dei tessuti per problemi di intolleranza allergica rispetto ad alcune fibre,5,2026-04-16 18:48:04,0,it
"il top del top per le vendite, addirittura meglio di ebay in questo. consigliatissima.",5,2026-04-16 18:39:58,0,it
ottima applicazione,5,2026-04-16 18:30:03,0,it
articolo perfetto come descritto,5,2026-04-16 18:13:51,0,it
molto efficiente,5,2026-04-16 18:01:23,0,it
"semplice e intuitiva da utilizzare. utile la funzione di ricerca tramite immagini. facile chattare anche in lingua straniera grazie alla traduzione automatica. suggerimenti: sarebbe bello filtrare la ricerca in base al paese di partenza (le spese di spedizione variano), e trovarsi i preferiti divisi per categorie",4,2026-04-16 17:50:41,35,it
ottimo. venditore affidabile,5,2026-04-16 17:49:34,0,it
"ho messo un paio di pantaloni puma e l'account vinted mi è stato bannato permanentemente con l'accusa di truffa senza alcun motivo e non ho potuto creare altri account perchè li bloccano in automatico, è ingiusto perchè uno deve essere libero di poter acquistare/vendere",1,2026-04-16 17:41:59,1,it
tutto a posto come descritto,5,2026-04-16 17:38:56,0,it
pessima e disinstallo immediatamente,1,2026-04-16 17:20:51,1,it
l' app funziona bene e si possono fare buoni affari. in bocca al lupo però se sperate di ricevere assistenza adeguata in caso di problemi.,3,2026-04-16 17:13:00,1,it
veloce e precisa,5,2026-04-16 16:52:43,0,pt
"applicazione piena di truffatori, assistenza clienti inesistente e ridicola",1,2026-04-16 16:50:28,1,it
tutto bene finché non ti eliminano un articolo per 3 volte di fila insinuando che fosse falso. ho già dimostrato per ben 2 volte l'originalità del articolo ma nonostante ciò quando lo ripubblico me lo eliminano di nuovo. un po scocciante come cosa,1,2026-04-16 16:47:56,1,it
tutto perfetto,5,2026-04-16 16:43:47,0,it
serena nella vendita,5,2026-04-16 16:36:49,0,it
mi trovo benissimo,5,2026-04-16 16:32:35,0,lt
sacca in ottimi condizioni. impacchettato perfettamente . e grazie per la sorpresa che ho trovato all'interno della scatola 😊,5,2026-04-16 16:31:02,0,it
"ultimamente pacchi consegnati in ritardo, prodotti arrivati rotti o spediti integri e arrivati rotti, articoli persi. assistenza clienti inesistente a livello umano ma solo automatica.",2,2026-04-16 16:07:30,0,it
fantastico,5,2026-04-16 16:02:02,1,it
como da e pratica,5,2026-04-16 15:48:27,1,pt
ottima e utile,5,2026-04-16 15:37:07,0,it
puntuali e seri,5,2026-04-16 15:30:26,0,it
molto soddisfatto,4,2026-04-16 15:28:57,0,it
tutto perfetto gentilissima persona,5,2026-04-16 15:27:47,0,it
"su android anche dopo l'ultimo aggiornamento, il caricamento delle foto ha dei problemi. costringe di selezionare le foto solo una alla volta poiché puntualmente quando si seleziona la prima foto, automaticamente il cursore slitta all'inizio della galleria costringendo di ripercorrere di nuovo la galleria per cercare il resto delle foto che si intende caricare. snervante.",3,2026-04-16 15:20:06,1,it
ottima esperienza,5,2026-04-16 15:09:08,0,it
venditrice super...velocissima nella spedizione gentilissima...molto di cuore oltre all acquisto mi ha aggiunto un regalo molto apprezzato...la consiglio,5,2026-04-16 14:52:18,0,it
complicata,1,2026-04-16 14:36:23,0,it
molto buona x la rapidità ma le taglie caricate non corrispondono alla realtà. andrebbero semplificate,4,2026-04-16 14:33:14,0,it
tutto perfetto. venditore molto serio,5,2026-04-16 14:25:37,0,it
ottima app,5,2026-04-16 14:04:45,0,it
"app sempre più pessima, chiudono sempre i profili anche senza un reale motivo, e per ricevere una spiegazione ck vogliono dieci anni! andiamo tutti su wallapop",2,2026-04-16 14:04:10,1,it
bloccano gli account senza motivazione e non ti fanno sapere più nulla,1,2026-04-16 14:00:43,1,it
buoni affari ma occhio alle truffe,4,2026-04-16 13:56:07,0,it
eccellente!,5,2026-04-16 13:47:53,0,it
"per essere perfetta, e non fare sempre domande ai venditori ( che volutamente e spesso non rispondono), bisognerebbe, obbligare l'inserimento delle misure di ogni capo.una funzione, che non fa mettere il prodotto in vendita se non corredato di tutte le misure obbligatorie.",4,2026-04-16 13:44:05,0,it
ottima app e sito per second hand,5,2026-04-16 13:43:53,0,it
"app utile, si trovano molti articoli e si può vendere, purtroppo l'assistenza post vendita è pessima in caso di problemi",1,2026-04-16 13:22:01,0,it
"tutto perfetto, grazie ☺",5,2026-04-16 13:16:00,0,it
tutto ok come sempre,5,2026-04-16 13:13:22,0,it
"prima volta che faccio acquisti, ma sembra tutto perfetto.",5,2026-04-16 13:02:04,0,it
"acquisti sempre top,sempre ottimi affari. 💯",5,2026-04-16 12:34:09,0,it
ottima applicazione,5,2026-04-16 12:10:52,0,it
app fantastica perfetta.... bellissimo ricevere complimenti per i prodotti,5,2026-04-16 12:06:37,0,it
divertente veloce intuitiva,5,2026-04-16 12:06:15,0,it
utenti poco seri,1,2026-04-16 12:01:31,0,it
molto soddisfatta dell acquisto arrivato in brevissimo tempo e il giubbino e in perfette condizioni come mi aveva dello la venditrice che è stata gentilissima e super veloce consigliata,5,2026-04-16 11:37:45,0,it
app consigliata seria e sicura,5,2026-04-16 11:37:29,0,it
come prima esperienza sono stata molto soddisfatta.,5,2026-04-16 11:21:40,0,it
profumato e perfetto..,5,2026-04-16 11:18:06,0,it
super!!!!!!,5,2026-04-16 11:10:17,0,fr
si trovano articoli anche nuovi con prezzi buonissimi,5,2026-04-16 11:08:45,0,it
"ci sono miglioramenti, il denaro del conto vinted viene trasferito più velocemente. l'assistenza è stata efficace, anche se deve essere più veloce.",4,2026-04-16 11:07:24,0,it
"secondo me è un ottima app, in tutto,dalle opzioni di vendita e acquisto è ben strutturata,vantaggiosa per liberare spazio in casa...punto negativo la parte di assistenza è gestita da un bot..ci vorrebbe un call center di professionisti che non generalizza ma che abbia empatia nel risolvere controversie e problematiche..parlare con un operatore umano!",4,2026-04-16 10:56:06,0,it
"sempre pratica ,facile e veloce",5,2026-04-16 10:49:15,0,it
"app semplice e ben fatta, fa il suo dovere, l'unico accorgimento che andrebbe rivisto è la questione relativa alle taglie dei pantaloni/jeans; io porto una taglia it44 che se comparata ad una taglia americana è una w30, se vado a pubblicare il mio jeans mi porta che una taglia italiana it44 corrisponde ad una w34, il che non è vero e di conseguenza si crea inutile confusione con chi deve comprare, che all'arrivo del pacco si lamenta della taglia non corretta. se aggiustano do 5 stelle",4,2026-04-16 10:38:07,0,it
ottima e sicura,5,2026-04-16 10:33:29,0,it
app che funziona bene e veloce,5,2026-04-16 10:30:24,0,it
tutto molto bene,5,2026-04-16 10:28:09,0,it
felicissima ❤️❤️❤️❤️,5,2026-04-16 10:23:02,0,it
al momento vinted è imbattibile...,5,2026-04-16 10:14:40,0,it
"remove poste italiane from the sending options. once this is done, for me you are 5 stars.",3,2026-04-16 09:41:08,0,en
"raga fate meno i bastardi e confermate quando ricevete il pacco più tosto di ritardare per niente il pagamento, già così dal momento della vendita al momento che hai i soldi trasferiti sulla carta passano 2 settimane. lasciamo stare la gente da vergogna totale che rivende a prezzo di listino pensando che sia un'app per aprire un business ufficiale o ricevere un rimborso. vi prego in ginocchio di mettere poste italiane come opzionale perché è scomodissima",4,2026-04-16 09:25:15,0,it
fino ad oggi ho fatto acquisti perfetti!,5,2026-04-16 09:20:46,0,it
mi hanno bannato solo per aver chiesto la protezione acquisti che è inesistente! l assistenza è pessima! l unica cosa buona sono i prezzi bassi degli utenti ma per quanto riguarda lo staff interno sono ridicoli e senza un briciolo di umanità o giustizia!,1,2026-04-16 08:21:00,0,it
sempre buona esperienza,5,2026-04-16 07:48:30,0,es
"adoro vinted, ormai se ho bisogno di qualcosa guardo prima vinted invece di andare a comprare nel negozio...facile da cercare, da postare, da spedire... andrebbe bene poter creare ""cartelle"" nei preferiti..",5,2026-04-16 07:46:24,0,it
"buongiorno vorrei ringraziare vinted, che risolve sempre problemi, consiglio a tutti",5,2026-04-16 07:36:06,0,it
esperienza positiva grazie,4,2026-04-16 07:27:05,0,it
"app valida ma i tempi di spedizione sono lunghi, molti utenti spediscono con molta calma entro 7gg quindi ben che vada si attendono 10gg e se perdono il pacco devi aspettare 30gg e puoi far nulla come è successo a me.",3,2026-04-16 07:02:49,0,it
semplicemente fantastica chiara e veloce,5,2026-04-16 07:02:29,0,it
l annuncio è in parte ingannevole. si apre con 2 vasi kartell. solo aprendo la tendina scopri che il prezzo ne ricomprende uno solo. la chiarezza in queste contrattazioni è un valore.,1,2026-04-16 07:01:07,0,it
"applicazione ottima ,il problema sono quegli acquirenti che vogliono comprare articoli a prezzi quasi da regalo",4,2026-04-16 06:43:21,0,it
"tutto perfetto, spedizione rapidissima prodotto perfettamente imballato e come da descrizione. top!!",5,2026-04-16 00:33:59,0,it
"ti fanno iscrivere per vendere, poi quando vendi ti chiudono l'account app ridicola.",1,2026-04-16 00:31:19,1,it
"la migliore app che conosco per vendere semplicemente..sia la vendita che l'acquisto ,avvengono in pochi passaggi e senza fatica.lo consigliero'sempre.",5,2026-04-16 00:09:27,0,it
diciamo tutto bene,4,2026-04-15 23:23:41,0,it
si possono trovare ottime occasioni,4,2026-04-15 22:48:27,0,it
è facile vendere anche essendo minorenne,5,2026-04-15 22:45:29,0,it
"app in se è bella, ma assistenza è inutile non ti aiuta in niente,ti bloccano a caso perché altri utenti ti segnalano per eliminale la concorrenza,e ti fanno perdere solo tempo app come ebay sono molto meglio",2,2026-04-15 22:32:23,1,it
super comoda,5,2026-04-15 22:28:10,0,pt
vinted...una garanzia!!! il marketplace serio e affidabile...,5,2026-04-15 22:17:18,0,it
"da acquirente funziona tutto, da venditore mai provato.",5,2026-04-15 22:10:18,0,it
"perfetto, molto sodosfato del mio acquisto, grazie.",5,2026-04-15 21:33:48,0,it
"da migliorare ancora qualcosa ma per il resto niente da dire, ottima app",4,2026-04-15 21:22:59,0,it
app molto utile,5,2026-04-15 21:15:08,0,it
"assolutamente discutibile il criterio con cui gli annunci vengono mantenuti o rimossi. viene rimosso l'annuncio di una confezione vuota degli anni 70 di un farmaco, destinata alla collezione di oggetti simili perché giudicata pericolosa per la salute e bocciata la segnalazione di un annuncio relativo ad una confezione piena di un farmaco destinato all'uso personale. gravissimo soprattutto nel secondo caso, se la policy è quella di tutelare la salute degli utenti.",1,2026-04-15 21:14:37,0,it
ottimo per acquisti e vendite permette di fare ottimi affari soprattutto per gli articoli da bambino,5,2026-04-15 20:51:20,0,it
"un esperienza interessante, dinamica e coinvolgente, ben strutturata",5,2026-04-15 20:51:09,0,it
"schifo a fatica riesco a vendere qualcosa, perché l'applicazione non capisce quello che ha davanti e nel dubbio la cancella. non ho mai violato niente delle regole del sito eppure ... peccato!",5,2026-04-15 20:43:09,0,it
molto utile e pratica,5,2026-04-15 20:30:57,0,it
buona app ma poco controllo e tutela da parte del gestore. ho avuto piu di un problema,3,2026-04-15 20:22:44,0,it
un po' costosa la spedizione in generale,4,2026-04-15 20:17:47,0,it
divertente e riesco a vendere cose che non usavo,5,2026-04-15 20:15:55,0,it
ottima esperienza. consigliata.,5,2026-04-15 19:58:17,0,it
oggetto carino,5,2026-04-15 19:57:08,0,it
ottima scelta,5,2026-04-15 19:37:08,0,it
"ottimo, ne vale sempre la pe na..",5,2026-04-15 19:34:10,0,it
fantastica. non la conoscevo. ottima per il ricircolo di prodotti a volte introvabili,5,2026-04-15 19:30:14,0,it
come da descrizione,5,2026-04-15 19:18:13,0,it
4 stelle solo perché il servizio di assistenza lascia un po adesiderare mi è capitato di ricevere articoli rovinati e vinted voleva accreditare a me le spese di spedizione quando andrebbero sottratte a chi truffa spacciando un articolo logoro per nuovo senza cartellino dicendo che nn era mai stato indossato ma era palesemente un articolo uguale ma completamente rovinato ...quest esperienza mi porta a dare meno stelle,4,2026-04-15 19:03:33,0,it
"si blocca di continuo, ogni azione anche richiesta da loro è la scusa x bloccare l'account. è una settimana che mi hanno chiesto di verificare il numero di telefono, ma nn mi arriva l'sms ed ho il profilo inaccessibile!",5,2026-04-15 18:59:55,3,it
costa piu la spedizione che la roba peccato 🤦‍♀️,3,2026-04-15 18:59:17,0,it
molto bella borsa. grazie,5,2026-04-15 18:50:50,0,it
ottima esperienza,5,2026-04-15 18:40:08,0,it
tutto a posto come da descrizione,5,2026-04-15 18:15:52,0,it
"app molto intuitiva e facile da usare. migliorerei il fatto di poter scegliere in quale nazione acquistare o vendere. un altro suggerimento potrebbe essere quello di inserire la rotazione per le foto degli articoli e la funzione ""ritaglia"" delle stesse dopo averle caricate per rendere più agevole e veloce la pubblicazione degli annunci.",5,2026-04-15 18:15:08,10,it
esperienza positiva.,5,2026-04-15 18:03:16,0,it
trovo le cose che minervino e eccezionale,5,2026-04-15 17:31:54,0,it
tutto semplice e facile da gestire. app decisamente ottima. peccato che alcune volte si abbia a che fare con persone scorrette e non educato,5,2026-04-15 17:06:54,0,it
un app utile e a portata di tutti,5,2026-04-15 17:06:27,0,it
"più che buona, app semplice e intuitiva!",4,2026-04-15 17:00:27,0,it
non ho contato le tessere dei puzzle ma sembra tutto a posto mi fido grazie,5,2026-04-15 16:43:00,0,it
utilissima,5,2026-04-15 16:42:30,0,fi
tutto ok!!! consiglio! 👍🏻,5,2026-04-15 16:23:33,0,it
"ottima app, sicura e protettada ogni forma di eventuale frode. ho ricavato tantissimi soldi da ciò che era inutilizzato e fatto tanti acquisti affare. la consiglio tantissimo 👌",5,2026-04-15 16:22:45,0,it
compro e vendo spesso con questa app che negli anni ha fatto sforzi per migliorarsi sempre di più. mi sento proprio al sicuro,5,2026-04-15 16:22:12,0,it
ottima per svuotare gli armadi,5,2026-04-15 16:16:30,0,it
app sconsigliata perché per il mio pacco hanno cambiato 20 date diverse ancora oggi lo sto aspettando non è possibile che ci mette così tanto tempo addirittura me lo hanno rimandato al mese prossimo,1,2026-04-15 16:09:56,0,it
annunci facili da inserire. ottima visibilità,5,2026-04-15 16:01:44,0,it
sempre positiva,5,2026-04-15 15:57:41,0,it
app. super organizzata e facilissima da usare!!,5,2026-04-15 15:50:20,0,it
"ho subito una piccola truffa al primo ordine eseguito, sono stato attento, l'ordine è arrivato ma purtroppo non era funzionante. sicuramente non comprerò più nulla visto che non c'è nemmeno un centro assistenza da poter contattare in questi casi.",1,2026-04-15 15:31:43,0,it
"come descritto, perfetto.",5,2026-04-15 15:21:02,0,it
vendite veloci e con ottima conclusione,5,2026-04-15 15:09:08,0,it
"sono iscritta da qualche anno e sono soddisfatta del servizio: fin'ora non ho avuto problemi logistici con gli acquisti e le vendite. purtroppo le spese di spedizione verso l'estero sono un po' alte, una cosa che servirebbe infatti è un filtro per paese per poter selezionare le proposte simili dalla propria nazione. sarebbe utile avere un filtro per cercare nei singoli armadi. consiglio di fare foto e video prima di spedire, c'è chi fa il furbo dicendo che l'oggetto è arrivato rotto...",4,2026-04-15 14:47:57,266,it
"diciamo che parte del mio tempo libero lo passo anche su vinted, trovi sempre qualcosa di interessante grazie vinted!",5,2026-04-15 14:27:57,0,it
forse è il mio telefono ma nel aprire e caricare le foto è davvero lento,4,2026-04-15 14:20:19,0,it
mi trovo veramente bene,5,2026-04-15 14:19:51,0,sk
buon acquisto in perfette condizioni grazie,5,2026-04-15 14:14:20,0,it
stio di fiducia,5,2026-04-15 14:05:19,0,it
ottima app,5,2026-04-15 14:05:01,0,it
ottimo mi piace come app,5,2026-04-15 14:02:20,0,it
"molto soddisfatta, è la prima volta che acquisto da questa app",5,2026-04-15 13:50:49,0,it
"app molto utile, facile da usare. mi piace molto",5,2026-04-15 13:50:33,0,it
"ottima esperienza,un poco da rivedere le politiche di rimborso... perché se sia l' acquirente che il venditore dicono che l'imballo è fatto bene non capisco il motivo per cui la responsabilità non ricada sulla ditta dei trasporti sia essa bartolini che poste italiane .... grazie mille e buon lavoro",5,2026-04-15 13:46:45,0,it
piattaforma seria e affidabbiile,5,2026-04-15 13:44:46,0,it
"mi piace, 😍,e tutto va bene",5,2026-04-15 13:44:12,0,it
ottimo acquisto,5,2026-04-15 13:42:31,0,it
tutto perfetto,5,2026-04-15 13:38:54,0,it
tutto bene grazie,4,2026-04-15 13:09:27,0,it
si trovano cose interessanti,4,2026-04-15 12:56:57,0,it
app fenomenale,5,2026-04-15 12:50:49,0,it
buonissima esperienza grazie mille,4,2026-04-15 12:49:57,0,it
"esperienza molto positiva, articolo perfetto!grazie!",5,2026-04-15 12:49:51,0,it
ottimo venditore acquisterei ancora tutto come descritto,5,2026-04-15 12:46:57,0,it
l' app funziona benissimo e il sistema di compravendita vinted è quanto di più efficace che io conosca.,5,2026-04-15 12:45:35,0,it
usatelo conviene,5,2026-04-15 12:34:56,0,it
quello che ho ordinato era come nella descrizione ed è stato spedito tempestivamente quindi sono molto soddisfatta,5,2026-04-15 12:29:35,0,it
articolo arrivato in perfette condizioni. consigliato!,5,2026-04-15 12:25:48,0,it
buona ma ci sono delle cose che dovreste migliorare,4,2026-04-15 12:05:52,0,it
le spedizioni non arrivano. gli articoli originali caricati vengono tacciati per contraffatti e rimossi nonostante i codici seriali e di lotto.,1,2026-04-15 12:05:05,0,it
perché le notifiche non sono in tempo reale?,1,2026-04-15 12:04:48,0,it
soddisfattissima,5,2026-04-15 11:37:12,0,it
tutto bene,5,2026-04-15 11:23:45,0,it
"è la prima volta che uso questa piattaforma, l'esperienza piú che positiva",5,2026-04-15 10:55:17,0,it
sono soddisfatto del articolo,5,2026-04-15 10:40:14,0,it
top per le vendite e per gli acquisti,5,2026-04-15 10:22:30,0,it
tutto perfetto la consiglio,5,2026-04-15 09:14:07,0,it
ottima e soprattutto utile,5,2026-04-15 08:31:07,0,it
assistenza sempre più scarsa e politiche di tutela inesistenti. in più le persone lo stanno facendo diventare un covo di truffe e imbrogli. questi discorsi valgono lato venditore e lato acquirente. prima usavo tanto. adesso sto eliminando l'app,1,2026-04-15 08:20:08,0,it
"caricare gli articoli è molto semplice, ti dà l'opportunità di vendere più articoli diversi, dagli abiti ai bijoux, scarpe, casalinghi, ed altro ancora! è strutturato benissimo e avviano il trasferimento di denaro sul tuo conto molto rapidamente! mi trovo assolutamente bene sia a vendere che a comprare, è ottimo !!",5,2026-04-15 08:14:25,0,it
non compro più online roba nuova. tutto roba vintage selezionata e grandi affari! 🔝,5,2026-04-15 01:01:53,0,it
"ottima app di compravendita, peccato per i ban che partono senza troppe domande.",4,2026-04-15 00:54:33,0,it
"ottima esperienza cliente disponibile, gentile. articolo come da descrizione consiglio",5,2026-04-15 00:49:45,0,it
"all' improvviso,senza una spiegazione ti bloccano l account in modo permanente! app penosa e assistenza catastrofica.usate altre piattaforme",1,2026-04-14 23:35:28,119,it
"ho già venduto un sacco di cose grazie a vinted, sono riuscita a liberarmi di tanti oggetti e guadagnarci anche qualcosa, super contenta! ho anche acquistato diverse cose e devo dire che mi sono sempre trovata bene sia come venditrice e come acquirente (si possono trovare tante chicche interessanti!), a volte ci sono stati problemi con pacchi smarriti o acquirenti problematici ma il servizio clienti mi ha sempre aiutato. ottima applicazione la consiglio vivamente.",5,2026-04-14 23:18:34,29,it
ottima app,5,2026-04-14 23:15:09,0,it
tutto perfetto grazie,5,2026-04-14 23:14:27,0,it
ottimo prodotto,5,2026-04-14 23:14:27,0,it
io mi sono sempre trovata bene. dopo anni tutto ok👍,5,2026-04-14 22:55:14,0,it
sono soddisfatto,5,2026-04-14 22:43:41,0,it
"piattaforma che blocca continuamente i profili, assistenza inesistente, fate attenzione ! consiglio subito.it, gestita con buonsenso e da persone capaci",1,2026-04-14 22:38:36,0,it
oamenii sunt de încredere și comenzile vin exact ca în poză 🤩❤️,5,2026-04-14 22:20:14,0,ro
"app utilissima, sia per dare nuova vita alle cose che non utilizzi più, sia al tempo stesso per cercare qualcosa che si vuole 😊",5,2026-04-14 21:58:23,0,it
utile come app ma c'è da migliorare delle cose del tipo quando posti delle cose e te l'ha bloccano e ti danno delle spiegazioni non concrete,4,2026-04-14 21:49:12,0,it
per il momento nessun problema ottimi venditori,5,2026-04-14 21:37:21,0,it
incredibilmente perfetta,5,2026-04-14 21:18:14,0,it
tutto perfetto... traduzione perfetta... tutto molto intuitivo,5,2026-04-14 21:11:49,0,it
facile e comoda da usare,5,2026-04-14 21:03:48,0,pt
"pessima, in caso di problemi con la ricezione dei pacchi vinted non tutela il compratore rispondono con messaggi automatici senza risoluzioni",1,2026-04-14 20:39:39,0,it
tutto bene,3,2026-04-14 20:33:03,0,it
"buona ,efficace e corretta",5,2026-04-14 20:06:50,0,it
"ottimo, spedizione velocissima.",5,2026-04-14 19:37:45,0,it
molto soddisfatta dell'acquisto grazie,5,2026-04-14 19:36:10,0,it
bisognerebbe poter fare una ricerca geografica per gli articoli e nella ricerca. dovrebbe essere evidenziato se un articolo può essere spedito o meno.,3,2026-04-14 19:34:38,0,it
compri e vendi con facilità. ottimo,5,2026-04-14 19:33:28,0,it
"pessimi! perdono i pacchi che spedisci e non vogliono prendersene la responsabilità, l'assistenza è la cosa più inutile che esista. davvero imbarazzante per un'azienda che fattura milioni, con tutti i soldi che fanno basterebbe un'assicurazione. invece si comportano come se fossero dei ragazzini che vendono su ebay 🤦🏼‍♂️ aggiornamento: non contenti, selezioni il locker comodo per te per il ritiro e invece mandano la spedizione dove gli pare a loro. non credo possano fare peggio di così",1,2026-04-14 19:29:00,1,it
questa app è stata una svolta compro e vendo con facilità,5,2026-04-14 19:14:49,0,it
ottima app,5,2026-04-14 19:03:42,0,it
ridicolo come faccia prima ad arrivare un ordine fatto da shein proveniente da un altro continente (cina) che un'ordine fatto da vinted nella stessa nazione...,2,2026-04-14 18:50:21,0,it
servizio di assistenza imbarazzante,1,2026-04-14 18:46:27,0,it
ottima app di compravendita di usato...,5,2026-04-14 18:45:22,0,it
ottima app,5,2026-04-14 18:39:44,0,it
e una app bellissima,5,2026-04-14 18:33:43,0,it
niente male. 👍,5,2026-04-14 18:30:23,0,fr
app molto valida e serietà del team.,5,2026-04-14 18:20:58,0,it
l'immagine rispecchia la realtà! il venditore è stato puntuale nella spedizione e preciso nell' impacchettamento! anzi ha aggiunto un personaggio in più!!!,5,2026-04-14 18:03:44,0,it
prodotto top,5,2026-04-14 18:03:27,0,it
venditrice gentile e disponibile. prodotto conforme alle foto. ricevuto in tempi rapidi,5,2026-04-14 17:50:30,0,it
tutto apposto,5,2026-04-14 17:45:23,0,it
semplice ed intuitiva,4,2026-04-14 17:45:16,0,it
tutto perfetto,5,2026-04-14 17:34:13,0,it
"vinted è una bella app, funziona bene ed è fatta abbastanza bene. peccato accetti come pagamento solo carte e non paypal ad esempio.. il metodo di filtraggio nelle ricerche potrebbe migliorare.",4,2026-04-14 17:23:58,0,it
articolo e servizio soddisfacenti le aspettative,5,2026-04-14 17:01:47,0,it
facile da usare e si possono concludere veri affari,5,2026-04-14 17:01:27,0,it
nel corso del tempo la trovo peggiorata...forse per il traffico aumentato e per il numero di iscritti incrementato. l'assistenza ora e' nulla e la protezione per chi compra veramente poco soddisfacente. una volta ho ricecuto un articolo non corrispondente all'acquisto e ho dovuto pagare a mie spese la resrituzione..questo e' inaccetabile.,3,2026-04-14 16:56:51,1,it
era una grande progetto. poi crescendo ha perso il controllo. pessimo il centro assistenza . assolutamente incapace di tutelare il venditore. spero veramente che si assumino le loro responsabilità e che migliorino,1,2026-04-14 16:51:49,1,it
costi spedizione troppo alti,4,2026-04-14 16:35:39,0,it
tutto perfetto,5,2026-04-14 16:14:17,0,it
ottima app ma devo capire bene come funziona.,4,2026-04-14 16:14:11,0,it
"venditore veloce e preciso, consigliato",5,2026-04-14 16:06:34,0,it
"pro: ottimo sistema di spedizione, assistenza sulle spedizioni, rimborsi in caso di danneggiamenti durante il trasporto. contro: sistema di recensioni assurdo, a recensire dovrebbe essere solo l'acquirente altrimenti si crea un sistema di ricatto in cui sei costretto a mettere buone recensioni per non riceverne brutte in cambio. assurdo che per rendere un oggetto errato debba pagare l'acquirente, a pagare dovrebbe essere chi ha fatto l'errore. perplessità su categorie, oggetti rifiutati a caso",3,2026-04-14 16:06:08,0,it
ottima app solo il servizio poste italiane non funziona come dovrebbe. vinted mi piace molto,5,2026-04-14 16:02:43,0,it
tutto perfetto grazie,5,2026-04-14 15:56:35,0,it
pacco tutto ok....,4,2026-04-14 15:47:13,0,it
molto funzionale e conveniente!,5,2026-04-14 15:41:38,0,it
ricevuto nei tempi giusti e in buone condizioni.,5,2026-04-14 15:11:47,0,it
ottimi affari,5,2026-04-14 14:45:31,0,it
"sono soddisfatto dell'esperienza di vinted in generale, l'unica cosa che un po' mi scoccia è pagare la spedizione di reso per un articolo che non è conforme a quanto descritto",4,2026-04-14 14:32:27,0,it
molto buona,5,2026-04-14 14:24:40,0,it
tutto perfetto 💯,5,2026-04-14 14:06:14,0,it
l'unica che mi sta dando tante soddisfazioni! provare per credere!,5,2026-04-14 14:02:54,0,it
positiva. la merce è come è stata descritta.,5,2026-04-14 13:52:03,0,it
semplice intuitiva e veloce..,5,2026-04-14 13:35:11,0,it
ottima gestione da parte del team vinted.,5,2026-04-14 13:33:34,0,it
ottima app x comprare e vendere le robe,5,2026-04-14 13:21:24,0,it
perfetto tutto,5,2026-04-14 13:15:07,0,it
ottima funziona benissimo sia per le spedizioni sia per i resi,5,2026-04-14 13:07:52,0,it
favolosa questa app,5,2026-04-14 12:53:09,0,ca
sempre tutto come da aspettative! puntualissimi,5,2026-04-14 12:39:00,0,it
è un app molto utile. si trovano cose anche nuove. vinted è sempre pronta a venirti incontro per qualsiasi problema.,5,2026-04-14 12:22:50,0,it
ormai è diventato impossibile vendere qualcosa è il quarto account che mi viene bannato per causa di frode o contraffazione su articoli originali. gli oggetti vengono controllati dall'ai non si sa in che maniera. assistenza inesistenza e impossibile riuscire a risolvere le questione. vergognosi,1,2026-04-14 12:21:23,1,it
ottima esperienza con vinted,5,2026-04-14 10:58:41,0,it
"fantastica, funziona benissimo e utilissima",5,2026-04-14 10:54:45,0,it
ottimo tutto ok,5,2026-04-14 10:49:56,0,it
app..molto affidabile e cellere grazie. sono soddisfatto ! la consiglio.,5,2026-04-14 10:45:17,0,it
"si trovano dei capi, scarpe ,borse,in buono stato o anche nuove a volte..ma bisogna pur sempre stare attenti ai furbetti che nn sempre sono onesti..sul scrivere/segnalare difetti o altro,io tutto sommato nn mi trovo male bisogna sempre chiedere piu informazioni senza problemi perche' poche descrivono bene i capi..",4,2026-04-14 10:20:54,0,it
organizzato in tutto,5,2026-04-14 10:20:05,0,it
"applicazione gestita interamente da intelligenza artificiale. assistenza non pervenuta. preferisce proteggere truffatori e corrieri ladri anziché dare ascolto ai venditori. i messaggi nuovi appaiono in basso, quindi devi aspettare 5 secondi prima di poter scrivere/rispondere al tuo interlocutore.",1,2026-04-14 10:06:22,1,it
"penso che la disinstallerò! e sicuramente la sconsiglierò! perché e un app che non tutela il venditore. ho messo in vendita due altoparlanti, c'è stato una ""persona"" truffatore che li ha acquistati, li ho spediti ben impallati. quando gli sono arrivati lui ha segnalato che ne è arrivato soltanto uno. io ho dovuto rimborsare per intero l'importo perché e lui si è tenuto gli altoparlanti perché sennò dovevo pagare io il reso e spedizione mai più!",1,2026-04-14 09:44:55,0,it
tutto perfetto,5,2026-04-14 09:38:41,0,it
mi trovo bene,5,2026-04-14 09:36:02,0,sk
"vestito come descritto, solo che ha un forte odore di fumo. pazienza",4,2026-04-14 09:17:36,0,it
"app affidabile. mi son quasi sempre relazionata con venditori/acquirenti cordiali, gentili e premurosi. nelle poche volte dove ho riscontrato problemi, l'app è intervenuta tempestivamente",5,2026-04-14 09:07:29,0,it
servizio eccellente. collaborazione e dettagli validi. grazie mille,5,2026-04-14 08:50:39,0,it
"ottima esperienza: descrizione perfetta del capo in vendita, veloce spedizione, venditrice consigliata.",5,2026-04-14 08:45:02,0,it
tutto perfetto,5,2026-04-14 07:41:28,0,it
"un articolo mi è arrivato danneggiato e per renderlo devo pagare io 2,69. a che cosa pago a fare la protezione acquisti?? non è mica colpa mia se il venditore è stato disonesto e mi ha mandato un articolo danneggiato. la spedizione dovrebbe essere a carico suo. non comment. penso comprerò meno dopo questa.",1,2026-04-14 07:17:58,0,it
"in questa piattaforma ho acquistato tanti prodotti, per il momento mi trovo bene quindi merita 5 stelle.",5,2026-04-14 01:31:24,0,it
eccezionale,5,2026-04-14 00:37:21,0,it
tutto molto facile,5,2026-04-13 22:48:13,0,it
grazie la signora e' stata molto gentile l articolo perfetto,5,2026-04-13 22:44:50,0,it
tutto perfetto,5,2026-04-13 22:27:32,0,it
ottimo veicolo per vendere e comprare a prezzi onesti.,5,2026-04-13 22:07:12,0,it
ottima idea questa app e ottimo il funzionamento,5,2026-04-13 21:41:31,0,it
"la uso da anni, mi sono sempre trovata bene!",5,2026-04-13 21:34:16,0,it
ottimo sito dove vendere o acquistare,5,2026-04-13 21:28:38,0,it
esperienza positiva,5,2026-04-13 21:27:45,0,it
se non fosse che non c'è un numero del servizio clienti e ti bloccano il profilo dicendo che le cose che vendi sono contraffatte (accusa grave). avrei dato 5*,3,2026-04-13 21:16:32,0,it
"buono, ma spesso l'assistenza clienti è carente, soprattutto per le tutele di chi vende.",4,2026-04-13 20:56:19,0,it
"ottima per vendere ed acquistare moda ed oggetti per la casa, la utilizzo da 5 anni e mi sono sempre trovata benissimo",5,2026-04-13 20:54:32,0,it
bellissima app se vuoi vendere spedizioni economiche.,4,2026-04-13 20:43:48,0,it
spedizioni lente ma prezzi accessibili,2,2026-04-13 20:36:06,0,it
"app fantastica, semplice e intuitiva....provare per credere",5,2026-04-13 20:31:14,0,it
molto semplice da usare e di massima utilità,5,2026-04-13 20:25:41,0,it
"assistenza clienti pessima, risposte automatiche senza che verificano la richiesta. chiedono screenshots su cose impossibili",2,2026-04-13 20:22:11,0,it
bravissimi,5,2026-04-13 20:17:04,0,it
l'app in generale funziona bene. da venditore però sei poco tutelato contro i feedback ritorsivi ovvero quei feedback negativi che puoi ricevere se non fai come dice il cliente (ad esempio accettare un reso anche se il tuo prodotto è conforme alla descrizione solo perché il cliente non lo vuole più o non gli piace),3,2026-04-13 19:59:58,0,it
sempre tutto perfetto,5,2026-04-13 19:54:45,0,it
"grazie, tutto ok!",5,2026-04-13 19:50:32,0,pl
ls uso da pochi mesi e sono rimasto veramente stupito dalla sua semplicità e della bella comunità di utenti che ha riunito.,5,2026-04-13 19:44:14,0,it
"praticamente nuovo, pacchetto preferito. top",5,2026-04-13 19:43:08,0,it
"hanno perso un pacco che avevo spedito, hanno fatto il rimborso al ragazzo che lo aveva acquistato e ha me hanno detto che non possono farci niente. meglio subito per gli acquisti",1,2026-04-13 19:41:42,0,it
"gentilissimo e veloce nella spedizione, articolo perfetto oltre le mie aspettative",5,2026-04-13 19:37:09,0,it
ottime vendite molta visione,5,2026-04-13 19:25:46,0,it
ottimo contenta dell'acquisto!,5,2026-04-13 19:24:18,0,it
app molto intuitiva e facile da utilizzare,5,2026-04-13 19:19:16,0,it
ottimi affari e ottimi clienti,5,2026-04-13 19:07:25,0,it
"tutto perfetto, spedizione super veloce",5,2026-04-13 19:01:02,0,it
scarpa in ottime condizioni e consegna perfetta,5,2026-04-13 18:48:32,0,it
tutto perfetto,5,2026-04-13 18:47:15,0,it
tutto perfetto grazie,5,2026-04-13 18:26:54,0,it
"esperienza ottima, prodotto arrivato conforme alla descrizione",5,2026-04-13 18:25:02,0,it
"jeans dainese ricevuti,ottimi,come nuovi,grazie vinted",5,2026-04-13 18:09:46,0,it
"tutto ok, pacco perfetto.",5,2026-04-13 18:06:50,0,it
tutto ok... conforme all'annuncio....venditore consigliato,5,2026-04-13 18:01:35,0,it
scarpe nuove ed arrivate presto!,5,2026-04-13 17:59:27,0,it
"please, can you improve the management of lose items (items buyed by others)?? would be an important improvement if clicking on a notification, it will be possible to open directly the seller items. now it is not possible!",5,2026-04-13 17:52:20,0,en
buona app però se posso dare un consiglio quando uno fa una trattativa il prezzo dovrebbe essere riservato e non aperto a tutti.,4,2026-04-13 17:40:56,0,it
molto comoda e utile!,5,2026-04-13 17:39:16,0,it
tutto co.e descritto,5,2026-04-13 17:35:06,0,it
trovo tante cose a buon prezzo,5,2026-04-13 17:23:59,0,it
ottimo app,5,2026-04-13 17:22:20,0,it
sono contenta perché riesco a vendere alcune cose che non mi servono più quindi sono soddisfatta di essermi iscritta a vinted,5,2026-04-13 16:59:14,0,it
troppi blocchi a caso! usate le persone umane per fare i controlli! avete rotto!,1,2026-04-13 16:53:47,1,it
ottima applicazione,5,2026-04-13 16:52:10,0,it
ho provato molte app di vendita e acquisto ma vinted è la migliore come precisione e tempistiche fantastica,5,2026-04-13 16:44:56,0,it
tutto perfetto ma una stella in meno per il fatto che se una transazione non va a buon fine bisogna aspettare mezz'ora sennò di più finché che non si sblocca per il nuovo tentativo di pagamento mi urta sta cosa per il resto va bene 👍🏻,4,2026-04-13 16:40:45,0,it
tutto perfetto grazie,5,2026-04-13 16:37:41,0,it
tutto perfetto,5,2026-04-13 16:24:38,0,it
"fin qui tutto bene, pensavo fosse complicata ed invece sto trovando l'app semplice ed intuitiva.",5,2026-04-13 16:18:26,0,it
tutto ok ottimo venditore,5,2026-04-13 15:48:01,0,it
servizio perfetto,5,2026-04-13 15:42:43,0,it
"pessima app!!!! ma vi rendete conto che nel 2026 ancora bloccate profili e account con recensioni tutte positive per le motivazioni più idiote che ci siano come sbagliare categoria di inserimento oggetto o descrizione, aver inserito hashtag, vendere troppo (10€ al mese) o solo perché qualcuno che non ha nulla da fare (e sulla vostra app ce ne sono a migliaia) segnala cose assurde che manco vi prendete la pena di controllare davvero!!!??app ipocrita che tutela solo gli acquirenti",1,2026-04-13 15:35:31,1,it
4 euro di spese di spedizione.....follia vergogna,1,2026-04-13 15:26:27,0,it
"servono notifiche obbligatorie per chi vende: mancate risponste o spedizioni non fatte perché non si vedono le notifiche dovrebbero far bloccare l' account, come per chi fa offerte che vengono accettate e poi non finalizza l' acquisto, c'è troppa gente che fa perdere tempo. l'assistenza clienti è imbarazzante e poste italiane è peggio, ci dovrebbe essere aiuto visto che il vettore è stato scelto da voi e spesso consegna male o perde i pacchi, ma la vostra assistenza è penosa!!!!",1,2026-04-13 15:15:59,2,it
"app che aiuta a vendere, ma c'è un problema, io ho caricato delle scarpe di marca e dicono che sono contraffatte, e mi hanno pure bloccato.",4,2026-04-13 15:13:38,0,it
ottima app per vendere ed acquistare in sicurezza e affidabilità,5,2026-04-13 14:57:24,0,it
"la nuova interfaccia delle ricerche è pessima, non vedo più nulla dei filtri per me più importanti (brand, taglia, condizioni) ma solo la categoria principale (donna, uomo, bambino). le ricerche salvate sono diventate inutilizzabili.",1,2026-04-13 14:56:31,0,it
"devo aggiornare la mia esperienza vinted ,prima era eccezionale ma dopo aver fatto esperienza su questa piattaforma devo ammettere che e una sofferenza disumana non fraintendete e buono per vendere cosine come abiti ecc... ma state attenti ai truffatori, e facile essere truffato poiché l'assistenza vinted e una manciata di bot senza cervello inoltre per vevere assistenza umana devi aspettare giorni se non come minimo una settimana, video e foto complete non bastano a darti ragione, non ha senso",1,2026-04-13 14:44:49,1,it
"devo dire che rispetto alla concorrenza è dieci gradini sopra. anche l'assistenza, quando richiesta, top. continuiamo così.",5,2026-04-13 14:39:34,0,it
bellissima,5,2026-04-13 14:32:23,0,fi
ottima applicazione,5,2026-04-13 14:26:42,0,it
non mi arrivato astuccio x occhiali. come descrizione annuncio.,3,2026-04-13 14:07:57,0,it
"semplice, veloce, ottima assistenza quando serve",5,2026-04-13 13:55:21,0,it
perfetto persona molto seria e disponibile ottimo venditore,5,2026-04-13 13:36:47,0,it
esperienza unica,5,2026-04-13 13:36:42,0,es
app utile e soprattutto si fanno acquisti in sicurezza.,5,2026-04-13 13:36:02,0,it
ottima app per compravendita di vestiti. algoritmo della homepage pazzesco.,5,2026-04-13 13:34:17,0,it
mi bloccano appena mi iscrivo.,1,2026-04-13 13:32:13,0,it
un app veramente facile da usare,5,2026-04-13 13:23:50,0,it
"ho venduto un articolo,arrivato a destinazione l'acquirente va a ritirare e non lo trova. dopodiché ritorna indietro ma non arriva. contatto il centro assistenza e mi dicono che posso segnalare solo dopo una certa data. il giorno dopo la data indicata ,segnalo e mi dicono che ormai non sono più in tempo. ho perso una pacco contenente un prodotto che nuovo costa oltre 150€ . nessun rimborso ,nemmeno all'acquirente.",1,2026-04-13 13:11:58,5,it
"piattaforma di vendita dell'usato fatta davvero bene e che si diversifica più piacevolmente rispetto alle altre. le uniche cose che migliorerei sarebbero l'algoritmo che ripropone a volte gli stessi articoli tipo basati su un'unica ricerca, fa piacere variare un po' tra gli interessi mostrati, e anche l'assistenza, rimuoverei le intelligenze artificiali e inserirei più operatori e operatrici, e non solo in inglese, ma anche che possano rispondere nella tua madrelingua.",4,2026-04-13 12:36:26,0,it
"ottima app , pratica e divertente ottima per fare spazio e non buttare ciò che ti er iansto nuovo ! grazie",5,2026-04-13 12:23:04,0,it
"venditore affidabile, molto carina ha pure messo un omaggio, a presto",5,2026-04-13 12:22:32,0,it
fatta bene,5,2026-04-13 12:18:53,0,sv
tutto come descritto,5,2026-04-13 12:16:25,0,it
davvero un affare...t shirt nuova davvero bella,5,2026-04-13 11:56:51,0,it
uno spettacolo....dare doppia vita alle cose.,5,2026-04-13 11:48:54,0,it
oggetto bellissimo (uova dipinte) e pacco molto accurato.,5,2026-04-13 11:21:52,0,it
un po' pilotata ma funziona,5,2026-04-13 11:21:04,0,it
al momento tutto ok,5,2026-04-13 11:06:57,0,it
ottima app x vendere e acquistare,5,2026-04-13 11:02:13,0,it
ottima! una delle migliori app al mondo,5,2026-04-13 10:41:58,0,it
applicazione ben fatta e sistema di acquisto ottimo.,5,2026-04-13 09:18:20,0,it
"uso vinted da tempo e mi trovo molto bene. l'unica pecca è che e un po' complicato poter parlare con l'assistenza, ma una volta messa in contatto ti seguono passo per passo.",4,2026-04-13 08:58:54,0,it
"ottimo venditore, articolo perfetto, come da descrizione. grazie!",5,2026-04-13 08:56:10,0,it
spedire in tempo!,5,2026-04-13 08:27:06,0,it
"app di facile utilizzo, decisamente intuitiva! dà la possibilità di vendere o acquistare in modo semplice e sicuro. la consiglio!",5,2026-04-13 07:25:35,0,it
"bella app, facile da usare. peccato per il saldo che non arriva subito",4,2026-04-13 01:34:09,0,it
mi e piacuto molto ho gia fatto 10 euro e una esperienza da fare,5,2026-04-12 22:29:50,0,it
alla grande,5,2026-04-12 21:58:57,0,it
"affidabile, seria e consigliata",5,2026-04-12 21:57:15,0,it
piattaforma agile con molte visualizzazioni sta superando i vecchi pachidermi,5,2026-04-12 21:33:19,0,it
un po lwnta nel trasferimento del denaro da vinted z conto corente,4,2026-04-12 21:22:08,0,it
app semplice e sicura nei metodi di pagamento. straconsiglio,5,2026-04-12 20:48:31,0,it
ottima esperienza ottima piattaforma consiglio ❤⚘👍,5,2026-04-12 20:44:22,0,it
mi hanno valutato falso un prodotto ...lo stesso che voleva ricomprare dalla persona a cui lo avevo venduto llo hanno valutato originale,1,2026-04-12 20:37:54,1,it
una app veramente ben organizzata.,5,2026-04-12 20:14:21,0,it
ma hanno fatto dare un resto di un articolo che la compratrice ha volutamente danneggiato. probabilmente mi cancello,1,2026-04-12 19:15:55,0,it
molto interessante,5,2026-04-12 18:04:37,0,it
dopo aggiornamento non riesco più a caricare foto dal mio archivio. è diventata una app obsoleta.,1,2026-04-12 18:00:17,0,it
acquisti e vendite vantaggiose. trovo l'app molto utile. grazie 🙂,5,2026-04-12 17:25:31,0,it
"puntualissimi , tutto perfetto come sempre",5,2026-04-12 16:24:21,0,it
"pessima app! non tutela il venditore che è spesso soggetto a truffa. inoltre tutto il sistema si basa sulle segnalazioni degli altri utenti (invidiosi e concorrenti). che dopo averti segnalato innescano il meccanismo di blocco immotivato delll'account. il servizio clienti ""umano"" è inesistente. app totalmente inutile e inaffidabile.",1,2026-04-12 16:22:50,1,it
facile ed efficiente,5,2026-04-12 15:43:48,0,it
prima vendita tutto ok,5,2026-04-12 15:43:13,0,it
veloce molto solida ed efficiente non credevo devo assolutamente cosigliarla grazie v d,5,2026-04-12 15:21:22,0,it
"piattaforma molto utile, con grande varietà di prodotti. veloce e precisa.",5,2026-04-12 14:50:56,0,it
bellissima,5,2026-04-12 14:14:24,0,fi
"pessima nell'assistenza, ti affida recensione negativa quando annulli un ordine, ma se lo fa un'altra persona non gli mette nessuna recensione negativa. un app che fa pena e schifo e dire poco, piena di truffe e gente incompetente. applicazione da evitare assolutamente!!",1,2026-04-12 13:02:35,0,it
ottima app ma molto lenta nei pagamenti non si può aspettare più di 10 giorni tra consegna e pagamenti,5,2026-04-12 12:38:21,0,it
vintage se non lo usi mettilo in vendita 🤷‍♂️ ma su vinted ovvio 🧏 ⭐⭐⭐⭐⭐,5,2026-04-12 12:32:50,0,it
"rigidità immotivata e non sindacabile, spese di spedizione folli che bloccano l'interesse all'acquisto",2,2026-04-12 12:29:36,0,it
acquisto in sicurezza e l'assistenza sempre pronta ad aiutarti top,5,2026-04-12 11:24:56,0,it
"lo usavo molto, ho fatto 1k nel 2024. ma ora non si riesce piu a vendere nulla a meno che non metti un prezzo regalato.",3,2026-04-12 11:09:24,0,it
"continua a chiedermi recensione, anche se già lasciata. il servizio clienti lascia a desiderare quando provi a segnalare persone che mettono a 1 euro per poi chiedere di accordarsi privatamente, potrebbe esser un ottima app per vendita ma da rifinire in alcuni punti.",3,2026-04-12 10:58:55,0,it
tutto efficiente,5,2026-04-12 10:48:37,0,it
ni se non investi non vendi e per vendere devi scendere,3,2026-04-12 10:47:59,0,it
app ottima la uso tantissimo,5,2026-04-12 10:25:41,0,it
"eccellenti, ottimo team",5,2026-04-12 09:45:25,0,it
un app molto utile,5,2026-04-12 09:21:58,0,it
venditore eccellente 😀,5,2026-04-12 08:41:09,0,it
"app user friendly, organizzata bene per le spedizioni e affidabile sui pagamenti. manca un servizio clienti valido, se si ha un problema vengono applicate regole standard senza entrare nel merito",4,2026-04-12 08:38:52,0,it
ottime probabilità di trovare ciò che si vuole e eliminare quello che non si desidera più,5,2026-04-12 07:40:52,0,it
mi piace molto,5,2026-04-12 07:14:50,0,it
"assistenza clienti pressoché inesistente e poco efficace nella risoluzione di criticità per altro di forza maggiore, come codici di tracciamento non emessi da corriere ad app con esito l'annullamento stesso della consegna magari già avvenuta. boost poco utili e non sempre orientati a favorire maggiori opportunità di acquisto. andrebbero migliorate queste dinamiche in primis.",2,2026-04-12 00:47:13,1,it
"purtroppo app tutela in modo ossessivo gli acquirenti e per nulla i venditori. su chi vende vengono scaricati i rischi anche di rotture da parte dei corrieri, per quante prove si possano dare sulla qualità dell'imballaggio la colpa è sempre del venditore in caso di rotture. in molti casi non è possibile neanche gestire il reso, si perdono i soldi e la merce. se dovete fare acquisti nulla da dire, se dovete vendere fate attenzione, in caso controversie il rischio di perdere soldi e merce c'è.",2,2026-04-12 00:17:03,0,it
"ho acquistato un oggetto da 265 euro e ho ricevuto uno da 30 euro, dopo svariati giorni ( 3 settimane circa) in contatto con il supporto di vinted ho risolto. mi hanno riaccredito i soldi. state attenti da chi comprate.",4,2026-04-11 23:16:50,0,it
entusiasmante,5,2026-04-11 22:17:09,0,fi
mi trovo bene per ora,5,2026-04-11 22:15:35,0,sk
molto bello flessibile buono,5,2026-04-11 22:01:15,0,it
ottima esperienza,4,2026-04-11 22:00:36,0,it
ottima applicazione abbastanza intuitiva e fantastica per acquistare e vendere. oltre a guadagnare qualcosina è bello il riutilizzo delle cose. grazie di esistere,5,2026-04-11 20:46:08,0,it
ottimo prodotto arrivato integro...,5,2026-04-11 20:45:15,0,it
"ottima app per vendere oggetti che non fanno più per te!! peccato che gli onesti sono pochi...tutti ad abbassare il prezzo, a chiedere mille info e poi non acquistare, aspettare fino all'ultimo a confermare l'acquisto e non lasciare recensioni, confermare la vendita e poi non accettare l'acquisto. bisognerebbe trovare un modo che tutti questi furbetti venissero segnalati. non demordo perché odio buttare oggetti e vestiti nel pattume...ma il guadagno è misero!",4,2026-04-11 20:20:54,6,it
venditore serio e veloce,5,2026-04-11 19:51:32,0,it
l acquirente non è per nulla tutelato paghi protezione acquisti e spedizione ma se ti truffano il reso e a tuo carico. diffidate! ho acquistato una staffa tv nuova speso €60. il venditore ha spedito una staffa usata danneggiata e con pezzi mancanti praticamente inutilizzabile e ho dovuto fare il reso con spedizione a mio carico per evitare di perderci i restanti 50€. quindi evitate non sono affidabili.,1,2026-04-11 19:33:34,0,it
perfetto.. grazie !!,5,2026-04-11 18:46:59,0,it
ottimo articolo come da descrizione sono rimasta contenta.,5,2026-04-11 17:45:24,0,it
app fantastica! e' fatta molto bene e facile da utilizzare🥰🥰🥰,5,2026-04-11 17:38:45,0,it
era un applicazione ottima...dopo aver fatto gli aggiornamenti non ho piu visualizzazioni e per quanto riguarda le foto ne fa selezionare una alla volta non piu multiple.,3,2026-04-11 16:40:02,0,it
ottimo venditore,5,2026-04-11 16:27:02,0,it
"funziona bene, se non fosse che qualunque siano le dimensioni del pacco che scelgo, anche quello definito da trasloco, mi dà dimensioni massime 7 cm di altezza 🤦🏻‍♂️",4,2026-04-11 15:52:04,0,it
ottima app,5,2026-04-11 15:23:35,0,it
"consegna veloce, grazie.",5,2026-04-11 15:16:20,0,it
"quando imparerete a tutelare di più il venditore sarà troppo tardi!!! di acquirenti furbi ce ne sono tanti per non parlare di come vengono trattati i pacchi da parte dei corrieri. fatto sta che loro sono tutelati, chi vende no. una stella è pure troppo!!!",1,2026-04-11 15:10:11,0,it
ottimo sito,5,2026-04-11 14:44:49,0,it
ottimo sito do vendita online,5,2026-04-11 14:44:02,0,it
tutto perfetto! grazie!,4,2026-04-11 14:39:05,0,it
bella app sia per vendere che per acquistare 👍,5,2026-04-11 14:28:46,0,it
l'app è bella e semplice ma quando vendo un articolo a un cliente e segnala un problema che non è vero come mi è successo ho venduto un sandalo nuovo in vera pelle e con la scritta vera pelle sulle suole e quando il cliente l'ha ricevuto ha segnalato l'ordine dicendo che sono in plastica e ho contattato l'assistenza e per 12 giorni esaminavano l'ordine e alla fine mi dicono che non sono riusciti a confermare che siano in vera pelle.,1,2026-04-11 14:09:02,0,it
ci sono commissioni e le spese di spedizione sono avvolte troppo alte,4,2026-04-11 14:04:35,0,it
"mi trovo abbastanza bene, anche se considero alcune dinamiche (tipo le spese di spedizione) nota negativa. i negozianti dovrebbero essere riconoscibili, perché non sono in linea con la politica del riutilizzo di vinted.",4,2026-04-11 13:58:55,0,it
"é bellissimo ricevere delle carte pokemon come descritto, sono fantastiche sará felicissimo mio nipote quando gliele faccio vedere. grazie mille per la serietà",5,2026-04-11 13:58:08,0,it
venditore veramente gentile,5,2026-04-11 13:50:04,0,nl
tutto sempre perfetto. ottima applicazione per vendere ed anche per acquistare. sempre pronti ad assistere i loro clienti. mi sono trovata davvero bene. ❤️❤️❤️❤️❤️,5,2026-04-11 13:29:06,0,it
una delle migliori app di compravendita in circolazione!! super consigliata!!,5,2026-04-11 13:08:50,0,it
richiede continui aggiornamenti,1,2026-04-11 13:07:24,0,it
"esperienza positiva, tutto svolto nella massima serietà e puntualità.",4,2026-04-11 13:03:25,0,it
"plasmaviolet su vinted, se siete interessati a manga, anime, modellini, artbook, videogiochi",5,2026-04-11 12:47:40,0,it
"facile, intuitiva , comoda",5,2026-04-11 12:47:17,0,it
"app utilizzata per vendere, l'ho trovata ben organizzata e di facile utilizzo",5,2026-04-11 12:43:24,0,it
"do una stella perché credo sia arrivato il momento di sistemare un po' le policy per tutelare i venditori, nonostante gli imballi perfetti, i pacchi in perfette condizioni, i furbetti cercano sempre di fregarci rimandandoci indietro pacchi vuoti e sinceramente sono stufo di fare mille foto e video prima di spedire, vivere con l'ansia costante e contattare il servizio clienti ogni due per tre. per carità, sono sempre stato rimborsato, ma in tempistiche lunghe di circa 1-2 mesi",1,2026-04-11 12:18:11,0,it
molto positiva puntuale e prodotto rispondente,5,2026-04-11 12:11:16,0,it
it's fantastic 💯,5,2026-04-11 11:58:38,0,en
"pessima gestione dei resi e garanzia rimborso non al 100%. in una occasione nel trasporto è stato danneggiato l'oggetto e non mi è stato rimborsato. il venditore non è tutelato. nel reso oltre a dover ripagare la spedizione, viene inviata in un luogo a km di distanza invece di farla tornare da dove è stata spedita. mi dispiace ma vinted pensa solo ai suoi interessi, non cerca di venire incontro alle esigenze degli utenti che vendono e alimentano la community. davvero un pessimo atteggiamento.",1,2026-04-11 11:58:28,0,it
"ottima applicazione per vendere. comoda, affidabile e veloce.",5,2026-04-11 11:42:02,0,it
"ottima app, trasparente e molto comoda",5,2026-04-11 11:27:26,0,it
ogni tanto l'app non funziona e la consegna è lenta ma ogni prodotto corrisponde alle foto continuerò a comprare grazie vinted,4,2026-04-11 11:24:49,0,it
l'acquisto corrisponde alla descrizione fatta nella proposta di acquisto.,4,2026-04-11 11:06:27,0,it
perfetto 👍👍👍👍,5,2026-04-11 10:56:59,0,it
ottima app seria e sicura,5,2026-04-11 10:50:29,0,it
"eccellente, la consiglio vivamente 😉",5,2026-04-11 10:49:35,0,it
"meravigliosa, funzionale e ottima per dar nuova vita a capi d'abbigliamento, giochi ed altri oggetti",5,2026-04-11 10:33:37,0,it
molto soddisfatto.era il mio primo acquisto e sicuramente ne faró altri,5,2026-04-11 10:08:07,0,it
eccellente in tutti gli aspetti.,5,2026-04-11 09:54:47,0,it
ottima esperienza,5,2026-04-11 09:42:14,0,it
"venditrice gentilissima e di grande pazienza, perché ho avuto problemi a ritirare il pacchetto dal locker. anche servizio vinted molto pronto ed efficiente. grazie.",5,2026-04-11 09:41:16,0,it
dovreste inserire nelle motivazioni delle segnalazioni: prezzo civetta,3,2026-04-11 09:37:27,0,it
app fatta bene e utile. il difetto sta nel feed che mostra quasi esclusivamente oggetti riconducibili all'ultima ricerca,4,2026-04-11 09:08:59,0,it
"come da foto, misura giusta, come origami esperienza buono",5,2026-04-11 09:07:47,0,it
"si trovano acquirenti decisi, al massimo si contratta un po il prezzo. certo come dappertutto gente che sembra acquistare tutto, anche se tieni da parte poi non si decide...e prende solo in giro oltre a far perdere tempo. consiglio di lasciare annunci, gli acquirenti possono fare set e offrire meno poi si accetta o meno.",5,2026-04-11 09:04:33,0,it
super perfetto,5,2026-04-11 09:04:26,0,it
"grazie ,tutto bene .",5,2026-04-11 08:57:14,0,it
veloce e sicuro ottimo,5,2026-04-11 08:49:46,0,it
venditrice fidata d disponibilità..consigliata,5,2026-04-11 08:44:37,0,it
finora esperienza ottima.,5,2026-04-11 08:38:20,0,it
tutto perfetto,5,2026-04-11 08:16:33,0,it
è molto utile per dare un valore agli oggetti che altri possono desiderare,5,2026-04-11 07:53:51,0,it
sempre ottime esperienze,5,2026-04-11 07:41:32,0,it
ottimo consiglio,5,2026-04-11 07:12:10,0,it
mi hanno bloccato senza motivo ho sempre usato bene la puarraforma,1,2026-04-11 06:23:07,1,it
"11_4_26 eliminare la possibilità di modificare una recensione una volta rilasciata, tale deve restare per entrambe le parti. 10_1_26 app fantastica ma, secondo me (spero di non sbagliare) non c'è la possibilità di vedere le cc.dd. ""ricerche recenti"". è il caso di prevedere questa opzione. grazie",4,2026-04-11 03:13:46,0,it
uno app pessima veramente proprio da affidarla alla polizia postale tutta gente che cerca di portarti fuori dal app e rubarti i soldi gli mando gli screen a questi elementi staff di vintend e più di dire ci dispiace non possono aiutarti l utente dopo che ti frega e cancella l accaunt perdiamo anche. noi la chat non risulta nulla più se non e tutto monitorato da loro stessi fatevi mandare tutti con pagamento alla consegna che e meglio e hanno ragione tutti non pagate nessuna assicurazione,1,2026-04-11 00:40:51,1,it
bellissimo sicurissimo è affidabile,5,2026-04-11 00:15:03,0,it
"app molto utile per vendere facilmente il superfluo, peccato per l'alta presenza di truffatori, agevolata dalle politiche di vinted e dalla loro assistenza gestita quasi esclusivamente da bot (anche quando ti dice che stai parlando con una persona reale). i pochi esseri umani dell'assistenza con i quali, a fortuna, si riesce a parlare nel 99% dei casi non risolvono comunque nulla. è molto peggiorata negli anni da questo punto di vista, a loro interessa solo massimizzare il guadagno.",2,2026-04-10 23:39:01,0,it
tutto bene,5,2026-04-10 23:31:20,0,it
molto positiva al momento,5,2026-04-10 22:31:31,0,it
bella esperienza,5,2026-04-10 22:19:55,0,it
spettacolare,5,2026-04-10 22:10:46,0,it
app semplice ed efficace. si trova di tutto e si può vendere tutto quello che non usi.,5,2026-04-10 22:07:37,0,it
ottima applicazione!,5,2026-04-10 21:42:26,0,it
ottima app però andrebbe rivisto il sistema di recensioni,4,2026-04-10 21:41:59,0,it
"economica,veloce e sicura.",5,2026-04-10 21:39:05,0,it
"ottima app, intuitiva e utile",5,2026-04-10 21:37:28,0,it
ottimo esperienza,5,2026-04-10 21:34:08,0,it
piattaforma molto affidabile!,5,2026-04-10 21:30:53,0,it
"prima volta che acquisto su vinted, ho trovato lapp molto utile e conveniente",5,2026-04-10 21:13:27,0,it
"buona, apparte la tendenza a fare le offerte davvero ridicole e non ragionevoli di alcune persone",4,2026-04-10 21:11:04,0,it
molto positiva,5,2026-04-10 20:47:29,0,it
dopo l'ultimo aggiornamento va in crash ogni volta che devo cambiare o mettere il prezzo dell'articolo e perdo tutto l'annuncio e devo rifarlo da capo ogni volta. una disperazione...,4,2026-04-10 20:41:10,0,it
positiva eccellente,5,2026-04-10 20:39:32,0,it
app di facile comprensione ed utilizzo! efficace ed efficiente!,5,2026-04-10 20:30:48,0,it
venditrice molto gentile!,5,2026-04-10 20:04:34,0,it
"ottima piattaforma,in continuo miglioramento mi trovo molto bene grazie",5,2026-04-10 19:59:21,0,it
"capo perfetto, grazie!",5,2026-04-10 19:57:55,0,it
ottima app con tutele sia per acquirente che venditore,5,2026-04-10 19:56:21,0,it
servizio assistenza veramente scarso,1,2026-04-10 19:52:32,0,it
funziona malissimo,1,2026-04-10 19:51:21,0,it
tutto perfetto,5,2026-04-10 19:41:17,0,it
la svolta!,5,2026-04-10 19:31:33,0,it
la miglior app per acquisti in circolazione,5,2026-04-10 19:29:52,0,it
tutto perfetto,5,2026-04-10 19:23:09,0,it
ottima app,5,2026-04-10 19:11:06,0,it
"sono stato imbrogliato, ho venduto una tv dove il compratore ""dice che lha ricevuta danneggiata"" quando io credo che è stata fatta cadere durante il montaggio oppure è stata danneggiata durante il trasporto! e hanno dato la colpa solo a me(venditore) quando la tv era in perfette condizioni... il venditore non è tutelato per niente! state attenti se vendete cose che possono rompersi! sconsiglio di utilizzare questa app!",1,2026-04-10 18:50:57,1,it
"a mio parere la commissione sulla ""sicurezza del prodotto"" non dovrebbe esserci, ma essere integrata a spese dell'app. inoltre le spedizioni un po costose e sempre lente",2,2026-04-10 18:48:46,0,it
ottima esperienza,5,2026-04-10 18:17:39,0,it
"sempre tutto ben organizzato. con tempi precisi, persone disponibili.",5,2026-04-10 18:14:22,0,it
"oltre 1500 transazioni e tutto è andato sempre bene.. molti parlano di truffe e secondo me può succedere, ma dare uno sguardo alle recensioni prima??? poi chi si lamenta delle spedizioni?? con poste italiane a 1.99 cosa volete di più?? strano mondo.. io utilizzo wallapop, ebay, subito.. posso dire che vinted é l'app migliore... veloce, intuitiva, strumento di ricerca.. siete il top. 💪",5,2026-04-10 17:58:00,0,it
non si visualizza il punto di ritiro inserito per la spedizione,4,2026-04-10 17:53:56,0,it
mi trovo molto bene,5,2026-04-10 17:34:35,0,sk
comoda app per vendere o acquistare,5,2026-04-10 17:21:45,0,it
"ricevuto abito, tutto perfetto, pulito ,profumato ,persona raccomandata ,grazie",5,2026-04-10 16:58:22,0,it
esperienza super positiva grazie laura sei top,5,2026-04-10 16:56:44,0,it
vinted è l app più semplice e completa che io abbia mai usato.....aggiungerei anche utile,5,2026-04-10 16:46:09,0,it
"mi piace, è facile da usare. si fanno ottimi affari",5,2026-04-10 16:41:11,0,it
tutto bene,5,2026-04-10 16:36:15,0,it
ottima applicazione,5,2026-04-10 16:35:55,0,it
"l'interfaccia ,i venditori e i prezzi sono molto buoni , ma il servizio clienti è il peggiore che abbia mai sperimentato. in più ho ricevuto un blocco del account per nessun motivo e l'assistenza non mi ha aiutato a risolvere il problema. la tutela per i venditori è nulla e le truffe sono molto comuni!",1,2026-04-10 16:10:19,2,it
"mi hanno bloccato il mio account da 2700 recensioni, il mio lavoro, la mia fatica di tutti giorni per anni. sono un venditore professionale con partita iva iscritto come pro e un giorno qualunque i loro bot hanno rilevato articolo falso, cosa assolutamente non vera e mi hanno bloccato l'account. dire che fanno schifo e dire poco, molto probabilmente hanno qualcosa da nascondere perché ho visto sui vari gruppi che lo stanno facendo ogni giorno a piu account commerciali.",1,2026-04-10 15:48:36,3,it
sempre puntuale in tutte le funzionalità ottimo,5,2026-04-10 15:35:30,0,it
"acquisto perfetto, corrispondente alle aspettative. tempi di consegna rispettati, anzi prima del previsto. sono molto soddisfatta!",5,2026-04-10 15:28:17,0,it
puntualissimo,5,2026-04-10 15:27:34,0,fi
sono molto soddisfatta dell'acquisto..grazie,5,2026-04-10 15:01:27,0,it
libro perfetto e al di sopra delle aspettative. pacco di spedizione perfetto.,5,2026-04-10 14:55:25,0,it
tutto perfetto,5,2026-04-10 14:54:36,0,it
tutto a posto bello come nella foto.,5,2026-04-10 14:46:37,0,it
app semplicissima ed efficace,5,2026-04-10 14:16:54,0,it
molto bene,5,2026-04-10 14:09:53,0,it
ottimo grazie,5,2026-04-10 14:08:35,0,it
supporto 0 personale non qualificato per gestire i problemi e i truffatori.,1,2026-04-10 14:02:31,1,it
ottime esperienze,5,2026-04-10 13:53:17,0,it
"app che sto cominciando ad utilizzare più spesso, unica nota negativissima e che i messaggi di cancellazione di articoli non consentiti te li lasciano 6 mesi...come i ""bambini dell'asilo che hanno fatto i cattivi"" e creano confusione sul desktop a tal punto che, fra tanti di ""questi"", delle volte mi sono sfuggiti quelli a cui ho fatto offerte e quindi non finalizzata la vendita. meno vendite, meno introiti per vinted...contenti loro...",5,2026-04-10 13:51:17,0,it
comodissima sia per vendere che per comprare,5,2026-04-10 13:40:02,0,it
"app molto valida, si trova di tutto a prezzi ottimi, si trova tutto ciò che ti porta anche al passato 🥰",5,2026-04-10 13:36:21,0,it
molto bene,5,2026-04-10 13:22:42,0,it
ottima piattaforma per vendere e fare acquisti .,5,2026-04-10 12:48:28,0,it
utilissima,5,2026-04-10 12:44:39,0,fi
"strumento semplice e utile. sono utilizzatore da poco, molto soddisfatta",5,2026-04-10 12:36:58,0,it
app fatta molto bene!,5,2026-04-10 12:16:33,0,it
tutto ottimo grazie,5,2026-04-10 11:37:55,0,it
ottima per fare bei affari,5,2026-04-10 11:36:10,0,it
venditrice top! e charms perfetti!!! grazie!!!,5,2026-04-10 11:24:43,0,it
"bloccato in modo permanente per una segnalazione di un utente, e leggo che molti vengono bloccati così dal nulla, oltretutto app fortemente a favore di chi compra, inammissibile che se uno non ritira viene pure rimborsato, e se uno si inventa un problema viene pure rimborsato anche se il venditore dimostra che ha spedito correttamente, inoltre assistenza zero praticamente. un app che ha tanto potenziale, ma così perde molto perché gli utenti che vendono anche cose di un certo valore si svogliano",1,2026-04-10 11:02:02,0,it
"articolo come descrizione,puntuale nella spedizione graxie",5,2026-04-10 10:54:03,0,it
utile per vendere finché non arriva un pacco danneggiato dal corriere e vinted non ti rimborsa conclave scusa che la colpa è tua per non aver imballato bene. la protezione acquisti serve solo a vinted per fare cassa. credo che eliminerò l'account,1,2026-04-10 10:47:21,0,it
"tutto bene, come descritto al momento della vendita.",5,2026-04-10 10:44:05,0,it
"come venditore non poter deselezionare inpost come metodo di spedizione che ha il più vicino punto di ritiro ad un ora di distanza dalla mia abitazione è folle ed assurdo, e l'assistenza non può intervenire. accordi commerciali ignorano l'interesse degli utenti!",2,2026-04-10 10:38:43,0,it
"vinted stupenda piattaforma... avevo riscontrato problemi tecnici, in passato, ma sono stati tutti risolti. sono felice che gli articoli che vendo e che acquisto abbiano nuova vita!",5,2026-04-10 10:10:20,0,it
fantastico servizio fantastico tutto,5,2026-04-10 09:50:32,0,it
molto facile da usare,5,2026-04-10 09:44:42,0,it
molto belli,5,2026-04-10 09:35:40,0,it
ottima prima esperienza,5,2026-04-10 08:47:09,0,it
"fantastica ,compro e vendo facilmente",5,2026-04-10 07:34:46,0,pt
"spese di spedizione troppo alte, per il resto è utilissima",4,2026-04-10 07:09:59,0,it
"pessimo servizio. sono 2 giorni che provo a comunicare con ""qualcuno"" per effettuare cambio numero di telefono per accedere all app. ma vengo rimbalzato da mail automatiche. nel raro caso in cui ricevo una risposta vengo invitato a rispondere con i dati ecc ecc ma dopo l invio un altra mail automatica mi dice che l indirizzo non valido . qualcuno può aiutarmi?",1,2026-04-10 05:59:35,0,it
forse sarebbe utile apportare una modifica nella sezione messaggi... contrassegnarli in grassetto quelli ancora da leggere. grazie,5,2026-04-10 05:28:24,0,it
"app ottima, efficente e facile da usare. ho iniziato da non molto ad usarla ma mi ci trovo benissimo. ps: molto utile la novità della ""storia"" che ti permette di non vedere più consigliati indesiderati ma solo quello che ti potrebbe interessare.",5,2026-04-10 01:12:24,0,it
pessimo. dopo alcuni acquisti e vendite felici mi hanno cancellato l' account per vendita fraudolenta dopo la pubblicazione di un annuncio assolutamente corretto. ho fatto immediatamente ricorso ma non rispondono. ci sono rimasta davvero male. e sto leggendo di tanti a cui è capitato mentre avevano transizioni in corso.,1,2026-04-09 23:39:44,0,it
app pessima profilo bloccato per una foto caricata male,1,2026-04-09 22:46:53,0,it
"ritengo che il metodo del pagamento vinted, tuteli soltanto gli acquirenti in quanto possono bloccare il pagamento ai venditori dichiarando falsamente di aver ricevuto un pacco vuoto o merce fallata. in questo caso il venditore come può provare il contrario per ricevere il pagamento?",1,2026-04-09 22:16:13,0,it
mi trovo molto bene con questa app,5,2026-04-09 21:45:10,0,it
"si ricevono ""utilissime"" notifiche a cadenza regolare e che dicono sempre le stesse cose, che spuntano tra i messaggi di vendita, di volta in volta devo cliccare ed eliminarli, si può avere un po' di tregua?",1,2026-04-09 21:30:00,0,it
"vinted mi ha (presumibilmente) smarrito un ordine e, ad un mese di distanza e solo a seguito di mie sollecitazioni, il supporto è stato solamente in grado di dirmi ""prova a contattare l'acquirente"". ma se me l'avete perso voi l'ordine mettete degli operatori umani a gestire il supporto per carità di dio.",1,2026-04-09 21:28:18,0,it
tutto come concordato,5,2026-04-09 21:21:28,0,it
esperienza negativa con vinted. ho ricevuto un articolo non conforme alla descrizione e rotto! l'assistenza di vinted ha detto che per restituire l'articolo le spese erano totalmente a carico mio. quindi... credo di non utilizzare più questa app.,1,2026-04-09 21:00:21,0,it
rapida ottimo prodotto 💯,5,2026-04-09 20:51:36,0,it
semplice e comoda. gestisce tutto lei 🤩🤩,5,2026-04-09 20:32:15,0,it
tutto perfetto. top!,5,2026-04-09 20:30:58,0,it
esperienza positiva. tutto bene,5,2026-04-09 20:28:13,0,it
ottimo prodotto,5,2026-04-09 20:15:51,0,it
non è così facile vendere e spesso più che una svendita diventa una svendita a prezzi ridicoli,3,2026-04-09 20:11:28,0,it
bisogna fare attenzione. anche se ho confermato il pagamento nell'ultimo ordine non so cosa farene del prodotto.,1,2026-04-09 20:09:22,0,it
ottima applicazione,5,2026-04-09 19:52:24,0,it
tutto perfetto venditore gentile ed affidabilissimo,5,2026-04-09 19:48:09,0,it
fa schifo.blocca senza criterio,1,2026-04-09 19:47:20,0,it
bene imballati e condizioni come in descrizione....perfetto,5,2026-04-09 19:43:08,0,it
per adesso mi sto trovando bene,5,2026-04-09 19:34:10,0,it
"mi sono sempre trovata bene su questa applicazione invece adesso è piena di bot, e al mio compagno che vendeva una maglietta dichiarando oltretutto che era una riproduzione gli hanno bloccato l'account, non riesce a passare il saldo nel conto, ad accedere ai messaggi e non è riuscito nemmeno ad accedere per segnalare che un articolo che ha ricevuto nel mentre era difettoso.. insomma oltre al danno la beffa!! e poi vedi mille account appena creati che vendono articoli falsi!! incompetenti!!",1,2026-04-09 19:25:30,3,it
articolo conforme alla descrizione e spedizione veloce.,5,2026-04-09 19:17:23,0,it
"ottima app, la comunicazione con i venditori è ottima e la verifica finale del pacco aiuta a garantire di non perdere soldi se l'oggetto fosse danneggiato o non conforme, ma fino a oggi fatti diversi acquisti e tutti perfetti e ben imballati.",5,2026-04-09 19:16:43,0,it
"ottima app per compra/vendita , sicura.",5,2026-04-09 19:07:41,0,it
una sola parola 🔝,5,2026-04-09 19:04:16,0,it
ottimo servizio.consigliato,5,2026-04-09 18:52:58,0,it
tutto bene,5,2026-04-09 18:45:16,0,it
tutto bene complimenti tutto preciso,5,2026-04-09 18:40:17,0,it
fantastica,5,2026-04-09 18:32:39,0,it
"terzo pacco in una settimana pervenuto con articoli rotti difettosi. nell'ultimo la venditrice ha messo per un set di tazzine un piattino rotto, uno diverso dagli altri ed una tazzina diversa. subito ha affermato di non saper fare il reso dopo aver aperto una contestazione ha accettato il reso a spese mie! perché l'acquirente deve rimetterci se riceve un prodotto rotto o diverso? non c'è alcuna tutela come compratore, non credo utilizzerò più questa piattaforma, sono molto delusa dall'assistenza",1,2026-04-09 18:30:03,0,it
consegna rapida. prodotto ottimo e conveniente,5,2026-04-09 18:22:37,0,it
ottima per vendite e acquisti,5,2026-04-09 18:19:17,0,it
esperienza molto positiva!!,5,2026-04-09 18:07:34,0,it
ottima impostazione. chiara e pratica,5,2026-04-09 17:48:43,0,it
"ottima esperienza di vendita,lo consiglio 🤩",5,2026-04-09 17:45:40,0,it
perfette come in descrizione,5,2026-04-09 17:42:58,0,it
ottima piattaforma,5,2026-04-09 17:42:54,0,it
"perfetto, gentilissima e felpa perfetta e inviata subitissimo!",5,2026-04-09 17:30:20,0,it
venditrice attendibile! molto bella la borsa! sono molto soddisfatta dell'acquisto,5,2026-04-09 17:18:39,0,it
un' ottimo mercatino e molto fornito!,5,2026-04-09 17:04:32,0,it
app bella e veloce .l'unica cosa che non mi piace che quando spedisco compare il mio numero di telefono sulla etichetta . vorrei che i miei dati le gestisca solo vinted. spero per una migliore privacy.,5,2026-04-09 16:34:44,0,it
facile da usare e affidabile,5,2026-04-09 15:59:37,0,it
"non esiste supporto o assistenza se non con intelligenza artificiale. pessimi, hanno smarrito un pacco e ho perso i soldi, e ancora non mi stanno contattando non ostante le mille segnalazioni",1,2026-04-09 15:50:50,0,it
ho venduto 3 articoli su 4,2,2026-04-09 15:48:29,0,it
"prodotto perfetto, consegna velocissima",5,2026-04-09 15:41:32,0,it
impeccabile !,5,2026-04-09 15:06:00,0,it
spese di spedizione troppo alte,1,2026-04-09 14:59:19,0,it
fino ad oggi ho trovato acquirenti e venditori al top. il tim di vinted x assistenza che ho dovuto contattare è stato serio e disponibile. ottoma piattaforma di ecomnerce,5,2026-04-09 14:51:07,0,it
tutto bello,5,2026-04-09 14:50:37,0,it
app semplice e intuitiva,4,2026-04-09 14:47:32,0,it
mi hanno bannato senza motivo,1,2026-04-09 14:47:30,0,it
troppo account falsi che cercano di truffarti! dopo aver pagato degli articoli mi arriva il messaggio che l acquisto non è andato a buon fine!! ti chiedono pagando con bonifico! oltretutto devo attendere almeno cinque giorni per avere il rimborso di un articolo mai comprato,1,2026-04-09 14:40:58,0,it
ottimo su tutto,5,2026-04-09 14:28:26,0,it
"ottima app, assistenza super efficiente.",5,2026-04-09 14:21:59,0,it
super veloce e tutyo perfetto,5,2026-04-09 14:19:39,0,it
ottimo esperieza,5,2026-04-09 13:58:57,0,it
sempre efficiente,5,2026-04-09 13:58:55,0,fr
ottimo grazie 👍,4,2026-04-09 13:45:20,0,it
"se il corriere smarrisce il vostro pacco, rimborseranno solo l'acquirente. a voi vi diranno di aspettare che passi il tempo che il corriere riconsegna il pacco a voi. ma questa cosa se non avviene, dovrete aspettare altri 25 giorni e passata questa data vinted non potrà fare più nulla sul vostro ordine perché sarà passato troppo tempo e non é possibile contattare il corriere. almeno é quello che é successo a me.",1,2026-04-09 13:22:27,0,it
ok perfetto lo consiglio a tutti,5,2026-04-09 13:14:47,0,it
ottima e perfetta,5,2026-04-09 13:04:53,0,it
tutto perfetto grazie,5,2026-04-09 13:00:24,0,it
tutto perfetto e regalo extra,5,2026-04-09 12:57:28,0,it
tutto ok..prodotto conforme e spedito nei tempi previsti grazie,5,2026-04-09 12:37:11,0,it
funziona e sono seri..grazie,5,2026-04-09 12:25:59,0,it
pessima esperienza mio marito truffato dalla venditrice e dallo stesso vinted! assistenza inesistente protezione acquisti inutile come fa ad essere ancora cosi attiva questa app? non mi capacito,1,2026-04-09 12:14:35,0,it
facile e vrloce,5,2026-04-09 11:42:31,0,ro
"piattaforma perfetta se sei un truffatore che vuole acquistare gratis, dato che ti tutelerà sempre. se vuoi vendere meglio farlo altrove",1,2026-04-09 11:36:40,0,it
"ottima, intuitiva, ampia scelta e tanto altro.",5,2026-04-09 11:33:39,0,it
è andato tutto bene,5,2026-04-09 11:18:16,0,it
ok..solo migliorare l'assistenza,4,2026-04-09 11:17:59,0,it
esperienza ottima!,5,2026-04-09 11:11:40,0,it
sono contentissima. portaocchiali in ottimo stato e imballato molto bene.,5,2026-04-09 10:49:43,0,it
avete risolto ottimo articoli anche a un prezzo accessibile,5,2026-04-09 10:47:05,0,it
molto soddisfatta,5,2026-04-09 10:25:22,0,it
funziona benissimo!è un buon compromesso e si si ha a che fare con persone corrette e disponibili si possono fare ottimi affari!,5,2026-04-09 10:20:10,0,it
"nella sezione dei preferiti ci sono dei filtri molto basici che lasciano il tempo che trovano. non si potrebbe implementare le funzioni di ""dal più/meno recente al meno/più recente"" e ""dal più/meno costoso al meno/più costoso"" anche lì? renderebbe tutto molto più comodo.",4,2026-04-09 10:19:30,0,it
ottimo grazie,5,2026-04-09 10:03:44,0,it
"buona app per vendere usato ma deve essere proprio oggettistica di cui non ti importa più niente perchè qui girano utenti che reclamano per qualsiasi cosa mentre la filosofia di vinted rimane ""il cliente ha sempre ragione""",3,2026-04-09 09:59:29,0,it
tutto bene,4,2026-04-09 08:24:55,0,it
può andare,3,2026-04-09 01:08:01,0,id
sono molto soddisfatto,5,2026-04-09 00:38:05,0,it
pessima... ho messo in vendita abbigliamento per bambini e da un momento all'altro il mio account è stato bloccato. quando ho chiesto la motivazione mi é stata detto per presunta frode. mai stato dimostrato ne tantomeno controllato la veridicità. ho fatto richiesta per avere maggiori info ma la cosa non è cambiata. sempre risposta vaga. pessimo!!,1,2026-04-09 00:34:52,0,it
supporto pessimo,1,2026-04-09 00:28:30,0,it
se devi vendere qualcosa in modo sicuro questa app è fantastica per queste robe.,5,2026-04-08 22:58:03,0,it
tutto perfetto,5,2026-04-08 22:50:45,0,it
"sinceramente non riesco a capire. ho cercato dei prodotti simili a quello che voglio vendere, per assicurarmi che effettivamente era possibile, li ho trovati e quindi, di conseguenza, ho messo il vendita il mio. la parte che non capisco è, nonostante i dettagli nella descrizione e le diverse informazioni, che nemmeno passava un secondo dalla messa in vendita che veniva eliminato il post. altre persone a quanto pare sono riuscite nelle loro vendite, a me non è possibile effettuarla.",1,2026-04-08 22:50:16,11,it
grande app. molto intuitiva e facile vendere. consigliatissima,5,2026-04-08 22:40:54,0,it
buona app. molto utile,5,2026-04-08 22:20:36,0,it
tutto bene. oggetto conforme alla descrizione e spedizione regolare,5,2026-04-08 22:12:14,0,it
"# 1 stella perché mi aspetto un risposta più rapida, per il resto l'applicazione è da 5 stelle! 😉👍🏽 consiglio/feedback: salve, volevo consigliarvi di inserire nella barra di ricerca dei prodotti da acquistare una categoria ""oggetti a spedizione gratuita"" (quella che offrite alla prima vendita). permetterebbe di aumentare notevolmente le vendite. grazie!",1,2026-04-08 22:08:41,0,it
pacco imballato molto bene,4,2026-04-08 22:05:43,0,it
tutto come descritto,5,2026-04-08 21:53:31,0,it
ottima esperienza,5,2026-04-08 21:26:11,0,it
vinted...top!!,5,2026-04-08 21:15:19,0,en
"tutto bene , le recensioni negative per motivi concordati non sono corrette alla luce delle recensioni utenti",3,2026-04-08 21:07:59,0,it
molto gentile e preciso,5,2026-04-08 21:06:16,0,it
consegna perfetta,5,2026-04-08 21:03:26,0,it
per me primo acquisto su vinted: sono pienamente soddisfatta!!!,5,2026-04-08 21:00:53,0,it
"lo consiglio a tutti!!..è un ottimo modo per reciclare!si trovano prezzi e oggetti unici...e per chi è casalinga,è un ottimo modo per guadagnare senza pesare!..un ottima applicazione anche per chi è collezionista!",5,2026-04-08 20:33:53,0,it
ottima ma con lacune se usate il pc perché non si riposiziona correttamente,4,2026-04-08 20:24:11,0,it
tutto perfetto,5,2026-04-08 20:23:20,0,it
ho avuto una buona esperienza positiva con vinted,5,2026-04-08 20:05:05,0,it
e stato una bella esperienza,5,2026-04-08 19:36:23,0,it
vinted regala sogni,5,2026-04-08 19:29:18,0,it
se arriva merce rotta ti fanno pagare la spedizione del reso e stranamente costa il doppio della spedizione di partenza,1,2026-04-08 19:26:08,0,it
funziona alla grande,5,2026-04-08 19:06:26,0,it
vintie perfetta! prodotto come nuovo e spedizione rapidissima!,5,2026-04-08 18:56:42,0,it
"ricca di offerte e fin'ora non ha riservato sorprese, anzi, molto attenta a che gli scambi siano positivi",5,2026-04-08 18:49:48,0,it
tutto bene,5,2026-04-08 18:47:28,0,it
fantastico.....sto vendendo un sacco di cose e sto comprando articoli che da nuovi non mi sarei potuta permettere! sono soddisfatta,5,2026-04-08 18:26:33,0,it
"il team di vinted mi blocca l'account senza motivo effettivo, piuttosto deluso onestamente perché poi quando fai reclamo con le prove sufficienti non ti rispondono",2,2026-04-08 18:24:09,0,it
"ottimo interfaccia, andrebbero aumentati i filtri per scegliere meglio e più velocemente",5,2026-04-08 18:02:24,0,it
ottima soluzione,5,2026-04-08 18:00:56,0,it
ottima app. sicura e intuitiva.,5,2026-04-08 17:46:00,0,it
pacco arrivato in tempi brevi e come da descrizione sono soddisfatto,5,2026-04-08 17:42:08,0,it
"articolo come da descrizione, venditore puntuale. consigliato!",5,2026-04-08 17:11:54,0,it
"ben gestita, con qualche limite, ma migliora di continuo",5,2026-04-08 17:10:30,0,it
ottima piattaforma. la migliore per comprare e vendere. niente a che vedete con le altre.,5,2026-04-08 17:00:16,0,it
facile da usare,4,2026-04-08 16:50:22,0,it
transazione senza intoppi,5,2026-04-08 15:49:46,0,it
"articolo conforme alla descrizione, in ottimo stato.",5,2026-04-08 15:47:19,0,it
positiva al 99 %,5,2026-04-08 15:38:38,0,it
app validissima,5,2026-04-08 14:54:41,0,et
sarebbe necessario avere un tasto per eliminare gli articoli in blocco anziché uno alla volta per velocizzare i caricamenti dei nuovi articoli e la rimozione dei vecchi venduti altrove.,4,2026-04-08 14:53:05,0,it
mi trovo bene,5,2026-04-08 14:36:22,0,sk
ottima app per liberare il tuo armadio,5,2026-04-08 14:31:12,0,it
si acquistano bei prodotti,5,2026-04-08 14:01:27,0,it
interessante per chi come me ama il riciclo,5,2026-04-08 13:59:40,0,it
ottimo per vendere e comprare se sbagli qualcosa ti arriva subito un giudizio negativo senza possibilità di replica.. problemi con spedizioni dai prezzi esorbitanti.. non sempre gli acquisti sono tutelati..e oltretutto se fai un reso di un prodotto paghi tu la spedizione..non corretto. così si perde tempo e soldi.,3,2026-04-08 13:51:07,0,it
articolo come descritto. buona comunicazione,5,2026-04-08 13:40:43,0,it
supporto vomitevole una volta il servizio postale mi ha distrutto un pc da 200 euro imballato perfettamente e vinted non si è preso neanche la responsabilità di fare qualcosa verso i miei confronti,1,2026-04-08 13:37:59,0,it
"grazie mille, tutto perfetto",5,2026-04-08 13:33:00,0,it
come da foto ( sandali splendidi 😍). pacco ben confezionato e tutto in ordine. spedizione celere ( poi ci pensa poste italiane ad essere lenta). consiglio,5,2026-04-08 13:11:53,0,it
"assistenza zero , non ti tutelano per nulla anzi se hai un problema ti rispondono dopo averlo risolto da solo , menefreghismo totale ... 0 stelle",1,2026-04-08 13:08:51,0,it
ottima esperienza,5,2026-04-08 12:58:55,0,it
prima esperienza buona,4,2026-04-08 12:51:09,0,it
top top 🤩🤩,5,2026-04-08 12:46:14,0,en
la maglia è bellissima e ringrazio anche per il pensiero ricevuto .,5,2026-04-08 12:44:27,0,it
pessima app! io ho semplicemente cambiato cellulare e non posso più accedere alla mia app vinted se non cambio anche numero di cellulare! davvero assurdo! sconsiglio vivamente !!,1,2026-04-08 12:43:26,0,it
"ottima per comprare, ma purtroppo l'app ha dei sistemi che proteggono poco i venditori. ad esempio, un mio pacco è stato aperto con un taglierino ed il contenuto trafugato prima di arrivare all'acquirente, che giustamente ha ricevuto un rimborso. io non ho ricevuto nulla e ho perso sia la vendita che il mio prodotto. se vendete, dovrete proteggervi facendo mille foto al prodotto e al pacco, altrimenti vinted non vi tutela minimamente.",2,2026-04-08 12:30:14,0,it
"l'assistenza clienti purtroppo è pessima e non si prendono la responsabilità dei pacchi persi dai corrieri con cui sono abbonati e di cui dovrebbero fare da garanti. se, e ripeto se, vi danno un rimborso per la merce persa è già un miracolo",1,2026-04-08 12:22:03,0,it
top app per perfetta,5,2026-04-08 12:18:45,0,it
molto bello!,5,2026-04-08 11:45:14,0,it
tutto ottimo,5,2026-04-08 11:28:49,0,it
esprienza positiva,5,2026-04-08 10:13:50,0,it
per adesso tutto quello che ho venduto o acquistato non ha avuto nessun problema,5,2026-04-08 10:10:29,0,it
"la verità: 1% delle volte trovi un prodotto davvero buono e seminuovo, ancora utilizzabile, per cui valga i soldi spesi. invece il 99% delle volte sono persone che mettono online la propria spazzatura, oggetti che hanno ben superato il tempo di vita e di utilizzo. questi ovviamente vanno pagati a prezzo quasi da negozio contando spedizione e tassa vinted. quando ti arrivano e chiedi spiegazioni, la tutela del cliente è completamente assente, per cui in pratica devi anche smaltire te l'oggetto.",1,2026-04-08 09:12:28,0,it
tutto perfetto,5,2026-04-08 08:45:09,0,it
"se non fosse per il fatto che non esiste un assistenza vera fatta di esseri umani e che tutti i sistemi di controllo sono automatici, sarebbe anche un ottima applicazione. da possessore del copyright su alcuni articoli mi sono ritrovato ad essere io bloccato e limitato dai bot di vinted, piuttosto chi stava vendendo i miei articoli senza licenza commerciale, senza avere avuto modo di contestare ad un essere umano questa decisione che vede vinted complice di tale violazione.",1,2026-04-08 08:43:50,1,it
prima volta usare lapp,5,2026-04-07 22:27:48,0,it
ottimo canale,5,2026-04-07 22:13:16,0,it
"è un ottima app per il riciclo, molto conveniente e logisticamente intuitiva.",5,2026-04-07 22:00:44,0,it
esperienza piacevole,5,2026-04-07 21:11:19,0,it
affidabile e serio.... contentissimo dell acquisto,5,2026-04-07 21:08:19,0,it
esperienza positiva in generale in tutti i sensi 🤝,5,2026-04-07 20:56:09,0,it
"ottima applicazione per compravendita senza pubblicità,consigliato.",5,2026-04-07 20:44:12,0,it
pratica e davvero funzionale,5,2026-04-07 20:35:17,0,it
affidabile e molto varia,5,2026-04-07 20:25:47,0,it
e lapp più fidabile in questo mondo scaricate vinte e guadagnate con i vestiti vechi,5,2026-04-07 20:25:10,0,it
"ottima piattaforma, ben organizzata. compreso il metodo di pagamento e spedizione",5,2026-04-07 20:14:18,0,it
ok l'ordine e arrivato a dovere,5,2026-04-07 20:11:13,0,it
ottimo acquisto,5,2026-04-07 20:03:57,0,it
tutto ok perfetto come da descrizione,5,2026-04-07 19:40:37,0,it
utile e facile da usare.,5,2026-04-07 19:08:49,0,it
"perfetto,grazie",5,2026-04-07 19:03:58,0,it
piena di gente che vuole abbassare prezzi,3,2026-04-07 19:02:28,1,it
tutto in ordine grazie,5,2026-04-07 18:55:19,0,it
precisa e veloce,5,2026-04-07 18:51:23,0,pt
tutto perfetto.come da descrizione. consigliato,5,2026-04-07 18:49:45,0,it
ottima esperienza,5,2026-04-07 18:42:29,0,it
app ottima,5,2026-04-07 18:41:45,0,it
molto bella grazie!,5,2026-04-07 18:30:40,0,it
"levo 5 stelle perché sto segnalando un truffatore che vende gli articoli al triplo del prezzo e vinted dice che non viola le leggi della community, ovviamente è falso ed è pure una truffa la sua, la cosa che non fate niente e della revisione se ne occupano solo i bot è aberrante..",4,2026-04-07 18:14:28,0,it
ottima esperienza,5,2026-04-07 18:13:24,0,it
ottima esperienza sia col venditore che con vinted ricevuto assistenza per tutto il percorso consiglio vivamente,5,2026-04-07 18:12:56,0,it
"piattaforma decisamente utile,dà una seconda vita ad articoli di ogni genere,dandoti la possibilità di credito per effettuare ulteriormente acquisti. la consiglio vivamente.",5,2026-04-07 18:11:48,0,it
semplice e smart,5,2026-04-07 18:11:09,0,it
ottimo venditore consigliato,5,2026-04-07 18:02:52,0,it
tutto bene grazie,5,2026-04-07 17:58:32,0,it
"attenzione!!!! da qualche mese a questa parte sono iniziati i problemi: pacchi spediti che magicamente spariscono. tutti pacchi di articoli nuovi e con imballo originale (nuovi con cartellino). nessuna vera assistenza a chi vende. attese di settimane per poi veder rimborsato chi compra e a chi vende sentirsi dire ""siamo spiacenti ma il corriere dice di non avere mai ricevuto il pacco. saluti"". anche se c'è la prova sul sito del corriere!! diffidate gente. i furbetti sono qui",1,2026-04-07 17:54:37,0,it
"facilissima da usare comoda ,e molto veritiera",5,2026-04-07 16:49:59,0,it
mi sono trovato benissimo..la consiglio.. grazie,5,2026-04-07 16:40:28,0,it
tutto perfetto!,5,2026-04-07 16:29:18,0,it
tutto perfetto! grazie anche per il regalino 🥰,5,2026-04-07 16:23:42,0,it
ciao vi ho dato fiducia perché non so com'è il ricevimento di soldi per un oggetto venduto grazie,4,2026-04-07 16:04:59,0,it
dona vita a tanti capi d abbigliamento e non 💝🤗💖 semplicemente fantastico ❤️❤️,5,2026-04-07 15:56:28,0,it
anche se è arrivato all indirizzo sbagliato il prodotto è perfetto grazie,4,2026-04-07 15:20:04,0,it
"assistenza assolutamente sconsigliata, sconsiglio di usare l'app se non strettamente necessario",1,2026-04-07 15:12:20,0,it
"applicazione super, unica pecca, secondo me, sta nel fatto che chi non ritira il pacco, ci rimette troppo poco, ci dovrebbe essere una penale per chi non ritira. grazie mille!",4,2026-04-07 15:08:59,0,it
ottima esperienza,5,2026-04-07 14:58:31,0,it
un app veramente utile professionale e molto facile da usare,5,2026-04-07 14:50:42,0,it
abbastanza bene,4,2026-04-07 14:46:05,0,it
"ottima esperienza, funziona tutto molto bene",5,2026-04-07 14:11:54,0,it
"dopo aver venduto due articoli , non riesco in nessun modo ad entrare nel mio profilo , e oltre a non poter svolgere nessuna attività , sono impossibilitato a recuperare la somma del venduto. ho provato a contattare l assistenza clienti e la risposta è stata inesistente",1,2026-04-07 14:07:33,0,it
ottime esperienze di vendita e di acquisto,5,2026-04-07 14:04:59,0,it
mi piace molto per i servizi e la comunicazione per gli annunci preferirei vedere subito dove si trovano fisicamente,4,2026-04-07 14:00:18,0,it
prima esperienza molto positiva per me,5,2026-04-07 13:49:20,0,it
assistenza quando serve,5,2026-04-07 13:41:51,0,it
veloci e precisi,4,2026-04-07 13:07:19,0,it
semplice ed intuitiva,5,2026-04-07 13:00:15,0,it
"metto una stella per l'ultima esperienza che ho avuto con quest'app, non scegliete mai il metodo di spedizione di poste italiane, é assurdo che un pacco da napoli ci metta piu di due settimane ad arrivare (al momento é ancora al centro di smistamento giu a napoli) mentre un pacco dalla francia, ce ne ha messi 4 di giorni (con brt). mai piu utilizzerò questo pessimo anzi terribile servizio, spero in qualche miglioramento.",1,2026-04-07 12:59:45,1,it
tutto perfetto,4,2026-04-07 12:17:06,0,it
fantastico l'unico problema sono la tempistica dei resi poi poi il resto e apposto,4,2026-04-07 12:16:08,0,it
tutto molto bene!,5,2026-04-07 12:06:53,0,it
vinted è molto bene organizzata e serietà assoluta nelle transazioni.,5,2026-04-07 12:03:09,0,it
tutto eseguito correttamente. grazie,5,2026-04-07 11:49:10,0,it
tutto bene,5,2026-04-07 11:47:04,0,it
app e assistenza penosa... purtroppo sono i leader del mercato e se ne approfittano...,1,2026-04-07 11:46:59,5,it
"gli avevo dato 4 stelle ma ultimamente è peggiorata tantissimo. customer care assente. blocco dell'account per motivi fasulli. niente possibilità di contestazione. oggetti originali rimossi dalla ia che li ritiene contraffatti e così via. per 2 anni è stata una ottima app, ma ora è praticamente inusabile. in un mese mi hanno bloccato per 26 giorni!",1,2026-04-07 11:20:25,8,it
tutto a posto,5,2026-04-07 10:56:57,0,it
molto positiva,5,2026-04-07 10:33:18,0,it
disservizi nella consegna dei pacchi e nel trasferimenti di denaro,2,2026-04-07 08:38:36,0,it
app è buona. ma sono le politiche vinted ché non funzionando,1,2026-04-07 08:29:07,0,it
chiara veloce facile,5,2026-04-07 08:09:19,0,it
ottima app per acquistare materiale particolare e raro. acquisto spesso giochi e console retro e devo dire che ad oggi non ho avuto problemi ... eccellente,5,2026-04-07 07:51:03,0,it
molto attenti e precisi,5,2026-04-07 07:25:33,0,it
"app penosa, non funziona quasi mai ultimamente",1,2026-04-07 07:03:15,0,it
"l'assistenza è pessima, io ad oggi non ho la possibilità di pagare con gpay, c'è un sovrapprezzo per le commissioni vinted per un servizio praticamente inesistente. aggiornamento ho segnato uno scammer che mi chiedeva pagamento in bonifico, foto rubate chissà dove, 0 recensioni, 1 articolo in vendita; messaggio di vinted:"" grazie per il tuo tempo, non vìola i nostri standard"". io ho pubblicato 4 libri in croce ""abbiamo rimosso il tuo articolo"". pessimo",1,2026-04-07 01:22:59,1,it
"pessima davvero, qualsiasi cosa metti vieni bannato per vendita di articoli falsi senza nemmeno la possibilità di revisione",1,2026-04-07 00:01:04,1,it
"sono molto delusa, mi hanno bloccato l' account ingiustamente per una settimana!!! non ho violato regole, ho contattato l""assistenza e ricevo messaggi automatici. ma perché???? senza neanche avvisare!!!!",1,2026-04-06 21:55:51,0,it
vendite e acquisti semplici e veloci,5,2026-04-06 21:51:53,0,it
applicazione fantastica,5,2026-04-06 21:47:25,0,it
app ben fatta e molto attiva.,5,2026-04-06 21:38:11,0,it
funzionale,5,2026-04-06 21:06:42,0,it
tutto perfetto facile da usare sia nell' inserire gli articoli che nella fase di trattativa di acquisto e vendita,5,2026-04-06 20:38:05,0,it
è un'ottima esperienza.,5,2026-04-06 19:41:34,0,it
ottima esperienza da diversi anni.,5,2026-04-06 18:50:48,0,it
"ottima app,un po' lenta nei rimborsi,ma in finale buona",4,2026-04-06 18:40:55,0,it
"tutto è gestito dall'algoritmo, il che vuol dire che se avete ragione nessuno accoglierà il vostro reclamo di qualsiasi genere... soprattutto se vi chiudono l'account per motivi inesistenti.",1,2026-04-06 17:33:32,6,it
ottimo rapido sicuro,5,2026-04-06 17:13:11,0,it
ottimo per vendere e comprare merce usata con poche spese di spedizione,5,2026-04-06 16:54:35,0,it
buona ma la piattaforma di messaggistica potrebbe essere migliorata,4,2026-04-06 16:15:58,0,it
funzionale,5,2026-04-06 16:11:57,0,it
"il mio account è stato bloccato con l'accusa infondata di aver commerciato dei prodotti non autentici, quando avevo chiaramente scritto la parola ""remake"" nella descrizione. per di più, il mio reclamo è stato respinto accusando una seconda volta. app disinstallata, delusione.",1,2026-04-06 15:20:31,0,it
ottima app veloce chiara efficace,5,2026-04-06 14:00:18,0,it
top tranne il servizio clienti,3,2026-04-06 13:30:06,0,it
l'app in sé funziona bene ma reputo increscioso che in caso di offese o recensioni non veritiere non vengano presi quasi mai provvedimenti seri. mi sento poco tutelato su questo aspetto.,2,2026-04-06 13:24:27,0,it
"purtroppo non puoi decidere il vettore su un pacco particolare.mancano tante categorie, spesso è difficile scegliere.nel complesso buona app,assistenza pressoché inesistente, ci mettono tanto a rispondere e non risolvono quasi mai.spero in un miglioramento delle categorie.",3,2026-04-06 12:05:19,0,it
perfetta per tutto quello che hai bisogno,5,2026-04-06 10:46:00,0,it
app vincente,5,2026-04-06 10:44:42,0,it
"avevo dato 5 stelle per la praticità della app. facile vendere quello che non usi più. fino a che non hanno cominciato a bloccarmi , prima per una settimana e poi in modo permanente per una incomprensione sugli oggetti che si possono o non si possono vendere. avevo pubblicato un manga dove la protagonista era censurata da me per non mostrare il seno. nessun confronto con l'assistenza. solo messaggi precompilati dove mi si accusava di vendere oggetti vietati. zero confronti e zero comprensione.",1,2026-04-06 09:13:29,0,it
"app che con il tempo peggiora, crash vari, vinted support che funziona male ed è lento, persone che vendono oggetti falsi e riescono a farli passare per originali",1,2026-04-06 08:55:40,1,it
"5 stelle mai presenti, se non si tutela il venditore. ho perso molte cose per colpa di disonesti dall'altra parte...",2,2026-04-06 08:03:58,0,it
ottima app,5,2026-04-06 06:56:05,0,it
può ancora migliorare,4,2026-04-05 22:23:54,0,it
"app pessima, piena di truffatori e servizio clienti pessimo... l assistenza è effettuata da persone incompetenti e che decidono sempre in favore del compratore senza tutelare chi vende",1,2026-04-05 22:11:32,0,it
ottima esperienza,5,2026-04-05 22:00:11,0,it
facile e veloce,5,2026-04-05 21:39:51,0,ro
ottima app,5,2026-04-05 21:06:25,0,it
ban casuali che ti inseguono ed impossibilità di fare account pro senza alcun motivo. una vera e propria truffa senza mezzi termini.,1,2026-04-05 20:54:55,0,it
pessima applicazione. ti bloccano e segnalano inutilmente. molto meglio wallapop!,1,2026-04-05 20:47:24,0,it
ottima piattaforma per acquisti e vendita.,5,2026-04-05 20:13:51,0,it
ottima intermediaria,5,2026-04-05 20:07:11,0,it
"uso vinted da anni con un sacco di vendite, mi occupo spesso di vendere carte collezionabili e in due casi l'acquirente (o un corriere) ha aperto il pacco per poi segnalare che io lo avessi inviato vuoto. in entrambi i casi vinted mi ha detto che era colpa mia, nonostante i video e le foto che testimoniavano il mio rispetto dei termini per l'imballaggio, arrecandomi un danno economico di €80. in entrambi i casi il servizio clienti mi ha ignorato senza rispondermi. zero tutele per chi vende.",1,2026-04-05 20:06:31,0,it
è un bel modo per continuare a dare vita alle cose che non usiamo e funziona bene,5,2026-04-05 19:46:18,0,it
bellissima piattaforma dove vendere e comprare!,5,2026-04-05 19:45:21,0,it
tutto perfetto,5,2026-04-05 19:39:18,0,it
"il servizio clienti fa pena, volevo fare un reso perché un articolo si è rotto durante il trasporto e continuava a chiedermi le stesse cose e di fare le stesse foto e ho ricevuto il ban permanente per ""aver insultato""",1,2026-04-05 19:13:46,0,it
"molto utile, rapida, intuitiva top",5,2026-04-05 19:04:49,0,it
2025: sono soddisfatta. a distanza di un anno (2026) sempre bene 😊,5,2026-04-05 18:46:38,0,it
uso vinted da 4 anni e la trovo un'applicazione molto valida per rimettere in circolo abiti e altri oggetti che non si indossano o usano più.,5,2026-04-05 18:43:16,0,it
ottimo sito ben fatto e affidabile,5,2026-04-05 18:35:29,0,it
tutto ok fino ad ora,5,2026-04-05 18:29:50,0,it
il mio account è stato bloccato due volte senza un valido motivo controllate meglio questa cosa non date possibilità di vendere,1,2026-04-05 17:50:55,0,it
"per ora molto comoda e completa, utile per vendere quelle cose che non si usano piu",5,2026-04-05 17:48:17,0,it
esperienza ottima,5,2026-04-05 16:48:35,0,it
"credo che vinted sia unico la cosa più importante è essere onesti con il prossimo , è un'ottima opportunità per trovare capi che ormai nei negozi non si trovano più ahimè a prezzi vantaggiosi, è in più liberarsi di tanta roba che onestamente finirebbe nei cassonetti ma perché vere alternative non c'è ne sono, i mercati dell'usato prendono solo in conto vendita e prima che li vendano e se li vendono ci passa una vita.saluti",5,2026-04-05 15:53:35,0,it
"letteralmente la peggiore piattaforma di compravendita mai esistita. i tuoi annunci posso essere rimossi da un momento all'altro per ragioni stupide o presentimenti da parte di chissà chi. e cosa puoi fare al riguardo? niente, apri un reclamo e viene chiuso qualche minuto dopo. sembra che neanche leggano ciò che scrivi. se sei un venditore anche peggio, riceverai 0 supporto. l'acquirente potrebbe segnalare un granello di polvere all'interno del pacco e gli verrebbe data la possibilità di reso.",1,2026-04-05 13:27:39,1,it
ottimo e facile da usare,5,2026-04-05 13:19:00,0,it
"app bellissima, ma purtroppo il costo delle spedizioni cresce costantemente",5,2026-04-05 12:40:54,0,it
"pessima esperienza. ho spedito un ordine da 250 euro. una volta arrivato il cliente mi comunica che il contenuto non è presente e mi manda qualche foto di carta straccia. contattando l'assistenza dopo aver aspettato per 8 giorni mi viene revocata la vendita, perdo soldi e prodotto, con la scusa che ci siano evidenti prove che io non abbia spedito il pacco. avevo caricato 10 foto con ogni singolo passaggio dell'imballaggio e nonostante questo non è bastato. vergognatevi.",1,2026-04-05 12:40:00,0,it
troppi ban per segnalazioni false,1,2026-04-05 12:05:56,0,it
"app semplice, comoda e sicura per acquisti e vendite, consiglio!",5,2026-04-05 11:24:28,0,it
app di vendita grandiosa se non fosse che hanno un l'algoritmo di basso/scarso livello che rileva violazioni anche dove non ci sono! inoltre pessima assistenza fornita ovviamente da bot che danno risposte automatiche e non aiutano a risolvere i ban che ingiustamente ti danno senza neanche verificare. app frivola nel penalizzare gli utenti che spendono il loro tempo a pubblicare annunci e vengono ingiustamente segnalati o bloccati. il lato oscuro di vinted c'è e deve essere detto!!!!!,1,2026-04-05 10:43:19,0,it
pessimo vinted!!! lasciate stare ...pieno di truffatori e loro danno sempre ragione agli acquirenti..il venditore é sempre escluso dalla loro tutela ... inoltre servizio di assistenza inesistente....non venderò mai più nulla ...,1,2026-04-05 10:36:29,0,it
molto bella,5,2026-04-05 10:23:16,0,it
"mi hanno bloccato per niente, diceva che sono un rivenditore, non è vero niente",1,2026-04-05 09:45:53,0,it
la consiglio a tutti...un app fatta molto bene in tutto,5,2026-04-05 09:24:08,0,it
"straordinaria app: semplice, intuitiva, completa.",5,2026-04-05 09:20:59,0,it
"app pessima, in caso di controversie impossibile parlare con qualcuno, la ragione viene sempre data all'acquirente, zero tutela per il venditore, è ormai pieno di truffatori che riescono ad essere risarciti inviando false segnalazioni e foto contraffatte con la ia, l'algoritmo inoltre blocca gli account a caso e permette di segnalare/bloccare un account facilmente e quindi molte segnalazioni avvengono per ripicca. non la consiglio se non per vendite molto basse.",1,2026-04-05 06:31:33,1,it
"davvero un app penosa, ci sono davvero alternative di gran lunga piu valide tipo wallapop, subito, e tante altre... ti bannano senza un motivo, assistenza inesistente, se acquistate è perfetta, cioè amazon 2.0 compra usa, e puoi rimandare indietro tranquillamente, facendo perdere soldi e tempo all'venditore. se vendete, meglio andare alle fiere... ti metti li con la bancarella 😆😆 fa davvero, davvero, davvero schifo. evitate di perdere tempo. do una stella perché zero non posso.",1,2026-04-05 03:19:30,0,it
super utile ! ridai nuova vita ai tuoi articoli !,5,2026-04-04 23:53:46,0,it
"l'applicazione in se per se è buona , ma le spedizioni sono da migliorare perche non possono passare 10/15 giorni per far arrivare un pacco fanno prima i cinesi di aliexpress vi rendete conto?!? inoltre quando perdono un pacco altri 20 giorni prima di poter richiedere il rimborso è assolutamente da migliorare",4,2026-04-04 23:45:51,0,it
"consigli per il miglioramento: 1. poter filtrare per costo della spedizione. 2. poter selezionare quello che non vuoi (es. se seleziono che voglio un capo in lana, vedrò tutto quello che contiene anche un 1% di lana. vorrei poter selezionare che non voglio poliestere). 3. poter raggruppare i preferiti in ""liste"". 4. la ricerca per colori dovrebbe essere sulla base ""and"" non sulla base ""or"". se cerco un vestito bianco e oro, non voglio vedere tutti i vestiti con dentro del bianco o dell'oro.",1,2026-04-04 23:12:20,35,it
grazie!...completamente soddisfatta....👍,5,2026-04-04 21:10:29,0,it
non mi sono mai trovato così bene,5,2026-04-04 21:05:12,0,it
ottima app👍🏻 funziona tutto alla grande e molto semplice da usare,5,2026-04-04 20:37:06,0,it
"sembrava stesse andando meglio, ma ti bloccano inserzioni sulla base del nulla e quando presenti un reclamo comunque non se ne fregano, supponendo cose diffamatorie, dopo la decisione finale non danno modo per poter replicare (ovviamente)",1,2026-04-04 18:35:48,1,it
tanti oggetti utili,5,2026-04-04 18:10:26,0,it
esperienza buona,4,2026-04-04 18:01:03,0,es
consiglio di scaricare vinted !,5,2026-04-04 17:43:32,0,it
fantastica esperienza di acquisto,5,2026-04-04 17:26:22,0,it
ottima app,5,2026-04-04 17:22:23,0,it
tutto perfetto 💯,5,2026-04-04 16:59:29,0,it
"ottima , perfetta per i miei acquisti",5,2026-04-04 16:57:22,0,it
"come prima esperienza,devo dire ottima . tutto come da descrizione . super attendibile.grazie",5,2026-04-04 16:49:52,0,it
ottimo strumento per ridare una vita a ciò che altrimenti resterebbe ad occupare inutilmente spazi o peggio finirebbe in discarica,5,2026-04-04 16:31:33,0,it
spedizione velocissima.,5,2026-04-04 16:21:31,0,it
"con l'ultimo aggiornamento è impossibile gestire le ricerche salvate, se si usano solo i filtri di ricerca non si riesce a capire che ricerca si salva. per riconoscere la ricerca salvata bisogna inserire una parola ma im questo modo i risultati saranno limitati",1,2026-04-04 16:19:16,0,it
ottimi affari,5,2026-04-04 16:10:16,0,it
app molto bene fatta.,5,2026-04-04 16:01:24,0,it
"va bene, l' app funziona molto bene sia per vendere le tue cose che per acquistare da nuovi utenti!",5,2026-04-04 15:45:58,0,it
venditore puntuale tutto ok come descritto...lo consiglio..,5,2026-04-04 15:03:12,0,it
tutto perfetto. grazie mille,5,2026-04-04 14:40:49,0,it
venditore serio e molto collaborativo,5,2026-04-04 14:27:14,0,it
tutto ok!!!,5,2026-04-04 14:18:35,0,fi
troppe troppe segnalazioni e blocchi senza senso. le altre piattaforme sono meno restrittive,1,2026-04-04 14:16:05,1,it
"con il nuovo aggiornamento non mi fa cliccare sul tasto ""scegli metodo di pagamento""",1,2026-04-04 14:15:15,0,it
"praticamente inutile. mi spediscono un orologio difettoso, mi avvalgo del reso, ma devo pagare io la spedizione!... ridicolo. non ha futuro una prassi del genere. ho inviato persino un video-prova all'assistenza ma non c'è stato modo di avere giustizia. in questo modo si lascia terreno fertile a piccoli truffatori che non aspettano altro che trovare una falla enorme come questa... inviare prodotti difettosi dove per pigrizia l'acquirente lasci perdere tenendosi l'oggetto.",1,2026-04-04 13:29:45,0,it
"direi molto positiva,",5,2026-04-04 13:06:03,0,it
si paga un po' troppo tra spedizione ed assicurazione,4,2026-04-04 13:05:29,0,it
come prima esperienza tutto perfetto,5,2026-04-04 12:46:24,0,it
ottima facile da usare,5,2026-04-04 12:43:33,0,it
molto professionale,5,2026-04-04 12:31:37,0,it
"uso questa app da anni per le vendite, molto facile da utilizzare e il team di vinted è sempre disponibile per ogni esigenza. veramente consigliata",5,2026-04-04 12:13:29,0,it
ottimo prodotto,5,2026-04-04 11:53:13,0,it
"acquisto super facile, in qualsiasi momento puoi controllare la tracciabilità del pacco. rivenditore super garantito, prodotto molto bello. lo consiglio",5,2026-04-04 11:46:48,0,it
"esperienza ottima, grazie a vinted sto ridando vita a molte cose",5,2026-04-04 11:34:54,0,it
molto buona,5,2026-04-04 11:28:01,0,it
ero scettica su acquisti in app ma devo dire che mi devo ricredere,5,2026-04-04 11:24:29,0,it
ottima app,5,2026-04-04 11:24:04,0,it
sempre veloce e diretta.,5,2026-04-04 11:17:10,0,it
aggiungere possibilità segnalazione account per truffe e per vendita all'ingrosso con possibilità contestazione se l'account supera il controllo iniziale + aggiungere possibilità segnalazione articoli con prezzi superiori o uguali a stessi articoli nuovi + aggiungere possibilità rimborso senza restituzione in caso acquisto articoli rotti o macchiati molto diversi da annuncio + commissioni per acquisti troppo alte rispetto a prezzo oggetto in vendita,1,2026-04-04 11:11:29,0,it
app geniale: intuitiva da usare e con un'assistenza presente e veloce.,5,2026-04-04 11:02:37,0,it
tutto bene. articolo e spedizione,5,2026-04-04 10:57:24,0,it
ottima! dono soddifattissimo,5,2026-04-04 10:55:41,0,it
"come descritto, tutto perfetto 😘, grazie!",5,2026-04-04 10:54:10,0,it
"si è rivelata un'app utilissima, sicura e facile da utilizzare",5,2026-04-04 10:50:51,0,it
ottima applicazione,5,2026-04-04 10:46:34,0,it
"ottimo venditore, serio e preciso. grazie",5,2026-04-04 09:41:52,0,it
"uno schifo, per niente ti bloccano l'account. caricato articolo valido e mi hanno bloccato. assistenza inesistente. peccato.",1,2026-04-04 09:17:05,1,it
ottima come semprr,5,2026-04-04 08:41:42,0,it
"assistenza pessima, prega di non avere mai problemi perché se li hai non li risolvi",1,2026-04-04 08:40:54,1,it
tutto bene,5,2026-04-04 07:58:13,0,it
tout est parfait ☺️,5,2026-04-04 07:40:48,0,fr
veloce efficace e divertente,5,2026-04-04 07:17:45,0,it
il mio ordine è stato spedito subito..il oggetto conforme alla descrizione..,5,2026-04-04 06:36:29,0,it
"comoda, costi limitati, non solo italia, aggiungerei la possibilità di ricerca per categorie o per articolo all'interno degli armadi clienti: a volte hanno più di 500 annunci online! do quattro stelle perché in qualche occasione di controversie su oggetti acquistati ho trovato la tutela inadeguata",4,2026-04-04 01:10:09,0,it
difficile vendere articoli costosi firmati,5,2026-04-04 00:34:30,0,it
"ottima app, geniale",5,2026-04-03 23:57:36,0,it
tutto perfetto..imballato con cura e spedizione veloce,5,2026-04-03 23:22:56,0,it
precisione innanzitutto,5,2026-04-03 22:13:36,0,it
non sempre preciso,3,2026-04-03 22:09:53,0,it
facile vendere ed acquistare,5,2026-04-03 22:03:32,0,it
per ora ok.ho ricevuto il libro un po' vecchiotto. ma va bene.,4,2026-04-03 21:49:16,0,it
vinted e' un app di facile utilizzo e creata per agevolare l'utente ad interfacciarsi con il venditore in modo diretto.anche le notifiche immediatevsia sull'app che via msil le trovo davvero utilisdime.buona anche l'assistenza clienti efficace ed immediata,5,2026-04-03 21:44:32,0,it
"ottima alternativa per effettuare svariati acquisti comodamente da casa, trovando spesso un notevole risparmio di tempo e denaro.",5,2026-04-03 21:16:23,0,it
facile da usare,5,2026-04-03 21:05:27,0,it
app semplice da utilizzare ed efficace per la vendita,5,2026-04-03 20:50:49,0,it
tutto perfetto ...molto precisa sn soddisfatta dell'acquisto fatto grazie,5,2026-04-03 20:40:12,0,it
ottima app,4,2026-04-03 20:35:47,0,it
trovi gente cordiale e vendi in modo semplice senza troppi problemi,5,2026-04-03 20:35:15,0,it
posso affermare che comprare e vendere su vinted è davvero facile e veloce. esperienze fino ad ora molto positive.,5,2026-04-03 20:30:05,0,it
tutto perfetto!!!,5,2026-04-03 20:27:08,0,it
ottima applicazione per trovare tutto quello che occorre,5,2026-04-03 20:22:28,0,it
ottima esperieza,5,2026-04-03 20:05:08,0,it
esperienza piú che positiva,5,2026-04-03 20:01:43,0,it
è un app molto utile si acquista a buon prezzo bisogna solo avere pazienza per le consegne,3,2026-04-03 19:41:43,0,it
non è male comoda e precisa mi trovo bene forse un pò troppi aggiornamenti mail,4,2026-04-03 19:39:13,0,it
al netto della poca esperienza direi che funziona tutto molto bene,5,2026-04-03 19:33:51,0,it
tutto di tutto a prezzi strepitosi: app consigliatissima!,5,2026-04-03 19:33:05,0,it
esperienza molto positiva! complimenti!!!,5,2026-04-03 19:31:12,0,it
tutto perfetto grazie 😘,5,2026-04-03 19:24:44,0,it
grazie molto bello ottimo,5,2026-04-03 19:18:32,0,it
"e stato un ottimo acquisto, persona molto affidabile e corretta, pacco incartato con cura,oggetto in buono stato e anche funzionante,io lo raccomanderei ad altri",5,2026-04-03 18:54:52,0,it
troppo comodo acquistare e vendere su vinted,5,2026-04-03 18:39:58,0,it
"molto positiva,veloce",5,2026-04-03 18:11:08,0,it
un po' care le spedizioni,4,2026-04-03 17:54:45,0,it
perfetta applicazione,5,2026-04-03 17:52:06,0,it
ottima scelta per chi vende e chi compra.,5,2026-04-03 17:29:49,0,it
ottimo per tutto,5,2026-04-03 17:18:18,0,it
"account bannato permanente per nulla, neanche temporaneamente prima",1,2026-04-03 17:16:50,7,it
perfetta per comprare e vendere!!,5,2026-04-03 17:13:54,0,it
consigliata 💪🏻,5,2026-04-03 17:07:32,0,it
tutto a posto.al di sopra delle aspettative top,5,2026-04-03 17:04:51,0,it
venditore cortese e velocissimo. ho ricevuto il mio acquisto dopo meno di 48 ore dall'acquisto 👍🤩,5,2026-04-03 17:04:11,0,it
app facile e veloce. consigliatissima,4,2026-04-03 16:54:12,0,it
ottimo :dragan123io,5,2026-04-03 16:48:18,0,it
si compra e si vende velocemente e comodamente. ci sono alcuni aspetti da migliorare: il non poter lasciare recensioni per chi non ritira il pacco e non avere la possibilità di ricaricare un articolo restituito se risulta venduto.,4,2026-04-03 16:45:57,0,it
esperienza ok,5,2026-04-03 16:45:40,0,it
tutto ok. perfetto,5,2026-04-03 16:43:16,0,it
eccezionale,5,2026-04-03 16:40:21,0,it
tutto a posto,5,2026-04-03 16:30:36,0,it
tutto bene,5,2026-04-03 16:28:47,0,it
"sono molto contenta del acquisto del quadro, bellissima!",5,2026-04-03 16:27:39,0,it
"funzionale, intuitiva ed efficace",5,2026-04-03 16:25:13,0,it
ottima gestione degli ordini e delle inserzioni,5,2026-04-03 16:01:07,0,it
molto bene.,5,2026-04-03 15:43:19,0,it
tutto ok esperienza positiva consiglio grazie e buona pasqua,5,2026-04-03 15:36:25,0,it
"tutto ottimo fino a che qualcosa arriva rotto. alchè è sempre colpa della confezione e mai del corriere, su cui per altro faranno valere la loro assicurazione.",3,2026-04-03 15:22:40,3,it
perfetto applicazione,5,2026-04-03 15:14:48,0,it
"ottima piattaforma, se ci fosse la possibilità di filtrare anche per nazione darei 5 stelle!!",4,2026-04-03 15:09:44,0,it
"ormai diventata uno schifo, piattaforma piena di articoli falsi(ho mandato uno screen dove ammettevano di vendere un falso a l'assistenza ha detto che non viola le policy quando dicono che hanno tolleranza 0 per articoli falsi),le spedizioni fanno sempre ritardo e l'assistenza clienti è praticamente inesistente. per i falsi hanno messo l'opzione di verificare l'originalità,riempiono la piattaforma di articoli falsi e tu sei obbligato a pagare 10 euro di più per un disservizio,fate pena.",1,2026-04-03 15:00:43,2,it
ottima esperienza,5,2026-04-03 14:43:47,0,it
sempre facile e perfetto,5,2026-04-03 14:38:06,0,it
"tutto perfetto, andrebbe forse migliorata la cronologia delle notifiche e la visualizzazione dei preferiti (per chi vende) le notifiche aggiornandosi ogni mese, non permettono di risalire a chi ha messo tra i preferiti il proprio articolo in vendita, mentre per i preferiti da acquistare nulla da dire. nell'insieme trovo che funzioni tutto bene.",4,2026-04-03 14:35:02,0,it
"acquisti e vendite veloci, buon bacino di utenza e buona gestione delle spedizioni. non do le 5 stelle perché c'é poca tutela e supervisione su recensioni e controversie, basterebbe basarsi sulle chat. in generale é giusto valutare un venditore ma non ha senso recensire un acquirente, che ha accettato un ordine al prezzo concordato dopo averlo visto di persona. se però un acquirente recensisce un venditore non 5 stelle, quest'ultimo si trova una recensione ""per ripicca"".. può migliorare.",4,2026-04-03 14:18:30,0,it
a portata di tutti sia professionisti sia neofiti!,5,2026-04-03 14:14:29,0,it
facile da usare,4,2026-04-03 13:39:33,0,it
bella app!!!,5,2026-04-03 13:34:51,0,sv
"ottima, efficace ed efficiente",5,2026-04-03 13:17:35,0,it
app perfetta e meccanismo di commercio studiato ottimamente,5,2026-04-03 13:03:25,0,it
ottimo app vi consiglio,5,2026-04-03 13:02:31,0,it
non sempre e' facile reperire la categoria in cui inserire l' articolo da vendere,4,2026-04-03 12:48:28,0,it
ottima app,5,2026-04-03 12:40:52,0,it
strausata sia per vendere che comprare! la consiglio!!,5,2026-04-03 12:37:16,0,it
"l'applicazione è veloce ed intuitiva da usare, inoltre viene aggiornata frequentemente. le categorie coprono moltissimi articoli disponibili e i filtri di ricerca in sostanza sono buoni. per quanto riguarda la community la maggioranza dei venditori è seria e affidabile.",5,2026-04-03 12:32:37,0,it
"sono mesi che l'esperienza su questa piattaforma diventa sempre più esasperata. capi che ricevono o zero visualizzazioni o quelli che ne ricevano tanti mi vengono nascosti perché foto scattate da me vengono riconosciute non mie, utenti che mi fanno proposte di acquisto e una volta accettate le offerte scompaiono, sono bot? pacchi che mi vengono restituiti senza nemmeno essere mai arrivati prima a destinazione. il tutto per capi con un costo medio di 2/3 euro, giusto per svuotare l' armadio.",1,2026-04-03 12:31:11,2,it
acquisti e vendite effettuati in modo semplice e sicuro.,5,2026-04-03 12:15:37,0,it
impossibile pagare col metodo clarna.,3,2026-04-03 12:13:00,0,it
è sparito il tasto acquista,1,2026-04-03 11:54:42,0,it
perfettissimo per svuotare l'armadio e fare nuivi affari,5,2026-04-03 11:51:58,0,it
"bellissima, si fanno degli affari.",5,2026-04-03 11:45:36,0,it
"assistenza clienti pessima , se trovi il corriere sbagliato che ti rovina il paco sei fregato e ti fanno pagare pure una assicurazione su ogni cosa che compri , obligato.... se spedisci da una regione a l'altra con poste italiane fatti il segno della croce.",2,2026-04-03 11:40:38,0,it
eccezionale,5,2026-04-03 11:32:55,0,it
"se avete intenzione di vendere su questa applicazione scappate, qualsiasi problema occorra da quando spedite il pacco a quando l'acquirente lo riceve sarà considerato colpa vostra, il supporto è pressoché inesistente e senza possibilità di appello nel momento in cui prendono una decisione e questa sarà sempre a favore degli acquirenti. pessima piattaforma, sconsigliata vivamente.",1,2026-04-03 11:06:29,0,it
facile acquistare e facile vendere,5,2026-04-03 11:01:54,0,it
"ottima app, se si seguono le indicazioni del sito e si rispettano le regole, è uno strumento sicuro per vendere e acquistare articoli usati",5,2026-04-03 10:59:08,0,it
grazie❤️libro come nuovo🙂,5,2026-04-03 10:53:38,0,it
tutto bene,5,2026-04-03 10:49:35,0,it
tutto perfetto grazie,5,2026-04-03 10:39:46,0,it
"ho provato tre volte ad acquistare un prodotto dalla spagna, ma ogni volta e tornato al mittente,cercate di rivedere questo problema oer quanto riguarda le misure e spedizione..per il resto perfetto",3,2026-04-03 10:28:48,0,it
incredibile app mi ha svoltato la vita,5,2026-04-03 10:19:55,0,it
primo acquisto con vinted e devo dire tutto impeccabile.,5,2026-04-03 10:04:57,0,it
"innovativa, mi piace l'approccio verso l'idea di dare una seconda vita ai vestiti, oggetti. mi trovo benissimo perché trovo tutti i libri di nicchia, con la spedizione e il servizio che offre vinted.",5,2026-04-03 09:46:27,0,it
"ho scaricato l ultima versione ma non funziona più nulla! non si apre nemmeno, mi continua a dare un messaggio tipo ""provare più tardi"" (questo da 2gg)",1,2026-04-03 08:18:53,0,it
mi sto trovando bene. vendo oggetti che non uso e guadagno.,5,2026-04-03 07:41:11,0,it
"app fantastica per dare una seconda vita a capi perfetti, facile, veloce e intuitiva! la consiglio vivamente a tutti, ci sono tantissimi capi nuovi che meritano di non rimanere nell'armadio sbagliato!",5,2026-04-03 07:17:29,0,it
acquisti sicuri a prezzi ottimi,5,2026-04-02 23:12:19,0,it
ottima spedizioni fuori dall italia un po cara per il resto tutto ok,5,2026-04-02 21:58:18,0,it
per ora sempre esperienze positive,5,2026-04-02 21:55:08,0,it
molto educato pacco per bene,5,2026-04-02 21:53:26,0,it
applicazione veramente seria e dettagliata,4,2026-04-02 21:32:43,0,it
facilissima da usare,5,2026-04-02 21:17:03,0,it
"mi sono sempre trovatə benissimo, sia con la protezione acquisti, che nella vendita di alcuni miei oggetti. assolutamente consigliato anche per liberare spazio negli armadi",5,2026-04-02 21:15:24,0,it
"esperienza molto positiva! venditore serio, oggetto in ottime condizioni, imballaggio fatto con estrema cura ed attenzione. contentissima dell' acquisto.",5,2026-04-02 21:05:09,0,it
ottima app,5,2026-04-02 20:59:35,0,it
"neu installiert und gleich dauerhaft gesperrt wegen betrugsverdachts? seid ihr normal? das ist unverschämt! was ihr sagt, kann ich euch vor gericht bringen wegen falscher verdächtigung!",1,2026-04-02 20:55:20,0,de
tutto ok anche se nn e' vera pelle,4,2026-04-02 20:29:54,0,it
facile accessibile tanta disponibilità di prodotti precisione nelle consegne,5,2026-04-02 20:23:54,0,it
"top vinted! consigliatissimo. esperienze super positive, in termini di rispetto e trasparenza.",5,2026-04-02 20:23:25,0,it
"app incredibile, ma si può sempre migliorare",4,2026-04-02 20:20:21,0,it
"consegna veloce, ottimo prodotto",5,2026-04-02 20:19:11,0,it
